time,open,high,low,close,volume,Asia H,Asia L,London H,London L,PDH,PDL,Sweep high,Sweep low,MSS down,MSS up,Trade window,n levels taken in window,n sweeps,n reclaimed,n MSS+FVG,n orders,n filled
1788981900,29465,29469.5,29451.5,29451.5,1426,,,29633.75,,29764.75,,0,0,0,0,,5,4,1,1,0,0
1788982200,29452.25,29457.5,29445.5,29450.25,1548,,,29633.75,,29764.75,,0,0,0,0,,5,4,1,1,0,0
1788982500,29450.25,29451.75,29439.75,29442.5,1849,,,29633.75,,29764.75,,0,0,0,0,,5,4,1,1,0,0
1788982800,29442.25,29448,29436.75,29447,2250,,,29633.75,,29764.75,,0,0,0,0,,5,4,1,1,0,0
1788983100,29447.25,29451.75,29439,29449.75,2649,,,29633.75,,29764.75,,0,0,0,0,,5,4,1,1,0,0
1788983400,29450,29452.25,29432.75,29441.5,5269,,,29633.75,,29764.75,,0,0,0,0,,5,4,1,1,0,0
1788983700,29442,29458.5,29423.25,29454.5,12714,,,29633.75,,29764.75,,0,0,0,0,,5,4,1,1,0,0
1788984000,29455,29459.25,29428.75,29440.75,5176,,,29633.75,,29764.75,,0,0,0,0,,5,4,1,1,0,0
1788984300,29440.75,29451,29438.75,29449.75,1259,,,29633.75,,29764.75,,0,0,0,0,,5,4,1,1,0,0
1788984600,29450,29456.5,29446,29451.25,1606,,,29633.75,,29764.75,,0,0,0,0,,5,4,1,1,0,0
1788984900,29451.5,29453.25,29448.25,29451.5,613,,,29633.75,,29764.75,,0,0,0,0,,5,4,1,1,0,0
1788985200,29452,29454.5,29450,29454.25,357,,,29633.75,,29764.75,,0,0,0,0,,5,4,1,1,0,0
1788985500,29454.5,29454.75,29449.25,29450,328,,,29633.75,,29764.75,,0,0,0,0,,5,4,1,1,0,0
1788985800,29449.75,29453.5,29447.25,29453.5,364,,,29633.75,,29764.75,,0,0,0,0,,5,4,1,1,0,0
1788986100,29453.5,29458.75,29453.25,29456.25,361,,,29633.75,,29764.75,,0,0,0,0,,5,4,1,1,0,0
1788986400,29457,29459,29451.75,29454.5,393,,,29633.75,,29764.75,,0,0,0,0,,5,4,1,1,0,0
1788986700,29455,29456.25,29453.5,29454.25,307,,,29633.75,,29764.75,,0,0,0,0,,5,4,1,1,0,0
1788987000,29454.5,29454.5,29449,29452.25,452,,,29633.75,,29764.75,,0,0,0,0,,5,4,1,1,0,0
1788987300,29452.75,29460,29450.25,29460,397,,,29633.75,,29764.75,,0,0,0,0,,5,4,1,1,0,0
1788991200,29458.5,29472.75,29431.75,29436,1361,,,29633.75,,29633.75,29333,0,0,0,0,,5,4,1,1,0,0
1788991500,29434.75,29441.5,29426,29435.25,382,,,29633.75,,29633.75,29333,0,0,0,0,,5,4,1,1,0,0
1788991800,29435.5,29441,29425.5,29428.75,412,,,29633.75,,29633.75,29333,0,0,0,0,,5,4,1,1,0,0
1788992100,29428.75,29430,29423.75,29425.75,250,,,29633.75,,29633.75,29333,0,0,0,0,,5,4,1,1,0,0
1788992400,29427,29433,29424.5,29429,221,,,29633.75,,29633.75,29333,0,0,0,0,,5,4,1,1,0,0
1788992700,29430.5,29434,29426.5,29429,174,,,29633.75,,29633.75,29333,0,0,0,0,,5,4,1,1,0,0
1788993000,29429.5,29437,29428.75,29432,143,,,29633.75,,29633.75,29333,0,0,0,0,,5,4,1,1,0,0
1788993300,29434.25,29437.5,29432,29433.75,73,,,29633.75,,29633.75,29333,0,0,0,0,,5,4,1,1,0,0
1788993600,29434.75,29435.5,29432.5,29433.75,87,,,29633.75,,29633.75,29333,0,0,0,0,,5,4,1,1,0,0
1788993900,29434,29438,29432.25,29434,127,,,29633.75,,29633.75,29333,0,0,0,0,,5,4,1,1,0,0
1788994200,29433.75,29433.75,29427.5,29428.25,148,,,29633.75,,29633.75,29333,0,0,0,0,,5,4,1,1,0,0
1788994500,29428.75,29432,29425.75,29431.5,79,,,29633.75,,29633.75,29333,0,0,0,0,,5,4,1,1,0,0
1788994800,29430.5,29432.75,29425.25,29429.25,133,,,29633.75,,29633.75,29333,0,0,0,0,,5,4,1,1,0,0
1788995100,29430.25,29430.5,29420,29423.5,192,,,29633.75,,29633.75,29333,0,0,0,0,,5,4,1,1,0,0
1788995400,29424.25,29425,29419.25,29422,232,,,29633.75,,29633.75,29333,0,0,0,0,,5,4,1,1,0,0
1788995700,29421.25,29435,29416.25,29429.5,402,,,29633.75,,29633.75,29333,0,0,0,0,,5,4,1,1,0,0
1788996000,29427.75,29430.25,29423.75,29427.5,168,,,29633.75,,29633.75,29333,0,0,0,0,,5,4,1,1,0,0
1788996300,29426,29428,29420.5,29427.5,189,,,29633.75,,29633.75,29333,0,0,0,0,,5,4,1,1,0,0
1788996600,29428.75,29431,29426.25,29426.75,120,,,29633.75,,29633.75,29333,0,0,0,0,,5,4,1,1,0,0
1788996900,29426.25,29429,29425,29428,66,,,29633.75,,29633.75,29333,0,0,0,0,,5,4,1,1,0,0
1788997200,29427.75,29431.5,29425,29429.75,103,,,29633.75,,29633.75,29333,0,0,0,0,,5,4,1,1,0,0
1788997500,29432,29435.5,29428.25,29435.25,315,,,29633.75,,29633.75,29333,0,0,0,0,,5,4,1,1,0,0
1788997800,29433.5,29470.75,29432.5,29468.25,998,,,29633.75,,29633.75,29333,0,0,0,0,,5,4,1,1,0,0
1788998100,29467.25,29467.5,29453.25,29463.5,448,,,29633.75,,29633.75,29333,0,0,0,0,,5,4,1,1,0,0
1788998400,29464.5,29472.25,29453.25,29471.75,735,,,29633.75,,29633.75,29333,0,0,0,0,,5,4,1,1,0,0
1788998700,29470.25,29480.25,29469.25,29473,623,,,29633.75,,29633.75,29333,0,0,0,0,,5,4,1,1,0,0
1788999000,29472.25,29478.75,29440.75,29449.5,1018,,,29633.75,,29633.75,29333,0,0,0,0,,5,4,1,1,0,0
1788999300,29449.75,29475,29448.5,29464.5,948,,,29633.75,,29633.75,29333,0,0,0,0,,5,4,1,1,0,0
1788999600,29466.75,29473.75,29459.25,29463.75,448,,,29633.75,,29633.75,29333,0,0,0,0,,5,4,1,1,0,0
1788999900,29464.5,29477.75,29454.5,29473.75,585,,,29633.75,,29633.75,29333,0,0,0,0,,5,4,1,1,0,0
1789000200,29474,29475.75,29455,29460.25,455,,,29633.75,,29633.75,29333,0,0,0,0,,5,4,1,1,0,0
1789000500,29459,29464,29453.5,29456.5,376,,,29633.75,,29633.75,29333,0,0,0,0,,5,4,1,1,0,0
1789000800,29456,29458.75,29441.75,29456.5,749,,,29633.75,,29633.75,29333,0,0,0,0,,5,4,1,1,0,0
1789001100,29456.25,29456.25,29435,29438.5,858,,,29633.75,,29633.75,29333,0,0,0,0,,5,4,1,1,0,0
1789001400,29438,29438.75,29422.5,29428.75,830,,,29633.75,,29633.75,29333,0,0,0,0,,5,4,1,1,0,0
1789001700,29428.5,29428.5,29408,29412,929,,,29633.75,,29633.75,29333,0,0,0,0,,5,4,1,1,0,0
1789002000,29413.5,29426.25,29404.75,29414.5,896,,,29633.75,,29633.75,29333,0,0,0,0,,5,4,1,1,0,0
1789002300,29414.25,29424.75,29403,29410.75,838,,,29633.75,,29633.75,29333,0,0,0,0,,5,4,1,1,0,0
1789002600,29410.5,29414.75,29389,29399.75,1022,,,29633.75,,29633.75,29333,0,0,0,0,,5,4,1,1,0,0
1789002900,29400.25,29414.25,29390.5,29413.75,859,,,29633.75,,29633.75,29333,0,0,0,0,,5,4,1,1,0,0
1789003200,29414.25,29415.25,29381.25,29388.5,1183,,,29633.75,,29633.75,29333,0,0,0,0,,5,4,1,1,0,0
1789003500,29388,29393,29372.5,29375.75,789,,,29633.75,,29633.75,29333,0,0,0,0,,5,4,1,1,0,0
1789003800,29374.25,29384,29366,29367.5,776,,,29633.75,,29633.75,29333,0,0,0,0,,5,4,1,1,0,0
1789004100,29367.25,29382.5,29364,29382,578,,,29633.75,,29633.75,29333,0,0,0,0,,5,4,1,1,0,0
1789004400,29381.75,29404.25,29381,29400.5,961,,,29633.75,,29633.75,29333,0,0,0,0,,5,4,1,1,0,0
1789004700,29399.75,29417.25,29394.25,29411.75,985,,,29633.75,,29633.75,29333,0,0,0,0,,5,4,1,1,0,0
1789005000,29412.25,29416.5,29385,29386.25,713,,,29633.75,,29633.75,29333,0,0,0,0,,5,4,1,1,0,0
1789005300,29387.5,29413.25,29387,29410.5,570,,,29633.75,,29633.75,29333,0,0,0,0,,5,4,1,1,0,0
1789005600,29411,29411,29396.25,29400.25,471,,,29633.75,,29633.75,29333,0,0,0,0,,5,4,1,1,0,0
1789005900,29401.25,29412,29393.25,29395,512,,,29633.75,,29633.75,29333,0,0,0,0,,5,4,1,1,0,0
1789006200,29395,29397.75,29376.25,29395.5,783,,,29633.75,,29633.75,29333,0,0,0,0,,5,4,1,1,0,0
1789006500,29395.5,29396.25,29374.25,29378.75,501,,,29633.75,,29633.75,29333,0,0,0,0,,5,4,1,1,0,0
1789006800,29378.25,29392.75,29377.75,29387.5,377,,,29633.75,,29633.75,29333,0,0,0,0,,5,4,1,1,0,0
1789007100,29388,29388.25,29373,29378.5,327,,,29633.75,,29633.75,29333,0,0,0,0,,5,4,1,1,0,0
1789007400,29379,29398,29376,29396.25,337,,,29633.75,,29633.75,29333,0,0,0,0,,5,4,1,1,0,0
1789007700,29397,29414.25,29393.25,29412,602,,,29633.75,,29633.75,29333,0,0,0,0,,5,4,1,1,0,0
1789008000,29412,29422.25,29408.75,29414.75,545,,,29633.75,,29633.75,29333,0,0,0,0,,5,4,1,1,0,0
1789008300,29413.75,29421.5,29406.25,29412.25,579,,,29633.75,,29633.75,29333,0,0,0,0,,5,4,1,1,0,0
1789008600,29411.5,29423.25,29411.5,29420.75,289,,,29633.75,,29633.75,29333,0,0,0,0,,5,4,1,1,0,0
1789008900,29419.5,29419.5,29410.75,29418.25,220,,,29633.75,,29633.75,29333,0,0,0,0,,5,4,1,1,0,0
1789009200,29418.75,29434.75,29416.75,29431.75,603,,,29633.75,,29633.75,29333,0,0,0,0,,5,4,1,1,0,0
1789009500,29430,29431.25,29423.5,29429.5,233,,,29633.75,,29633.75,29333,0,0,0,0,,5,4,1,1,0,0
1789009800,29430.25,29437,29418.75,29420.5,449,,,29633.75,,29633.75,29333,0,0,0,0,,5,4,1,1,0,0
1789010100,29420.5,29425.25,29416,29421.5,246,,,29633.75,,29633.75,29333,0,0,0,0,,5,4,1,1,0,0
1789010400,29422,29428.75,29399.25,29401,767,,,29633.75,,29633.75,29333,0,0,0,0,,5,4,1,1,0,0
1789010700,29400.75,29407.5,29388.25,29405.25,528,,,29633.75,,29633.75,29333,0,0,0,0,,5,4,1,1,0,0
1789011000,29404.75,29413.25,29401.25,29407.25,394,,,29633.75,,29633.75,29333,0,0,0,0,,5,4,1,1,0,0
1789011300,29407.5,29408,29392.25,29405.75,341,,,29633.75,,29633.75,29333,0,0,0,0,,5,4,1,1,0,0
1789011600,29404.25,29416,29404.25,29413,271,,,29633.75,,29633.75,29333,0,0,0,0,,5,4,1,1,0,0
1789011900,29415,29431,29411.75,29428.25,449,,,29633.75,,29633.75,29333,0,0,0,0,,5,4,1,1,0,0
1789012200,29426.5,29426.5,29415.25,29422.5,378,,,29633.75,,29633.75,29333,0,0,0,0,,5,4,1,1,0,0
1789012500,29422.75,29431,29419,29427.75,288,,,29633.75,,29633.75,29333,0,0,0,0,,5,4,1,1,0,0
1789012800,29428,29433.5,29422.5,29432,449,29480.25,29364,29633.75,,29633.75,29333,0,0,0,0,,5,4,1,1,0,0
1789013100,29433,29436.25,29423,29426.25,326,29480.25,29364,29633.75,,29633.75,29333,0,0,0,0,,5,4,1,1,0,0
1789013400,29426.75,29431.25,29424.5,29428,204,29480.25,29364,29633.75,,29633.75,29333,0,0,0,0,,5,4,1,1,0,0
1789013700,29428.25,29432.75,29424.75,29428.75,267,29480.25,29364,29633.75,,29633.75,29333,0,0,0,0,,5,4,1,1,0,0
1789014000,29427.5,29433.75,29423.5,29430.5,210,29480.25,29364,29633.75,,29633.75,29333,0,0,0,0,,5,4,1,1,0,0
1789014300,29431.5,29437.5,29427.5,29434.5,208,29480.25,29364,29633.75,,29633.75,29333,0,0,0,0,,5,4,1,1,0,0
1789014600,29433.75,29437.25,29431,29436.75,217,29480.25,29364,29633.75,,29633.75,29333,0,0,0,0,,5,4,1,1,0,0
1789014900,29436.5,29444.25,29432.75,29444.25,333,29480.25,29364,29633.75,,29633.75,29333,0,0,0,0,,5,4,1,1,0,0
1789015200,29444.25,29447.25,29432.25,29434.75,341,29480.25,29364,29633.75,,29633.75,29333,0,0,0,0,,5,4,1,1,0,0
1789015500,29434.25,29446.75,29432.5,29443.75,328,29480.25,29364,29633.75,,29633.75,29333,0,0,0,0,,5,4,1,1,0,0
1789015800,29444.25,29462.5,29444.25,29454,650,29480.25,29364,29633.75,,29633.75,29333,0,0,0,0,,5,4,1,1,0,0
1789016100,29453.5,29461.25,29448.5,29458.75,247,29480.25,29364,29633.75,,29633.75,29333,0,0,0,0,,5,4,1,1,0,0
1789016400,29459.5,29469.75,29454.25,29455,538,29480.25,29364,29633.75,,29633.75,29333,0,0,0,0,,5,4,1,1,0,0
1789016700,29455,29458,29448.5,29452.5,344,29480.25,29364,29633.75,,29633.75,29333,0,0,0,0,,5,4,1,1,0,0
1789017000,29452,29462.5,29448.5,29461.75,286,29480.25,29364,29633.75,,29633.75,29333,0,0,0,0,,5,4,1,1,0,0
1789017300,29460.5,29461,29454.75,29460.75,224,29480.25,29364,29633.75,,29633.75,29333,0,0,0,0,,5,4,1,1,0,0
1789017600,29460,29465.5,29456.25,29463.25,269,29480.25,29364,29633.75,,29633.75,29333,0,0,0,0,,5,4,1,1,0,0
1789017900,29464.25,29493.5,29463.5,29490.25,1213,,29364,29633.75,,29633.75,29333,0,0,0,0,,5,4,1,1,0,0
1789018200,29491,29496.25,29481.25,29490.5,487,,29364,29633.75,,29633.75,29333,0,0,0,0,,5,4,1,1,0,0
1789018500,29490.75,29498.5,29481,29482.75,411,,29364,29633.75,,29633.75,29333,0,0,0,0,,5,4,1,1,0,0
1789018800,29482.25,29491,29482,29487.5,204,,29364,29633.75,,29633.75,29333,0,0,0,0,,5,4,1,1,0,0
1789019100,29487.5,29508.25,29487.5,29491,482,,29364,29633.75,,29633.75,29333,0,0,0,0,,5,4,1,1,0,0
1789019400,29491.5,29491.75,29473,29474,521,,29364,29633.75,,29633.75,29333,0,0,0,0,,5,4,1,1,0,0
1789019700,29473.5,29487.5,29465,29484.75,537,,29364,29633.75,,29633.75,29333,0,0,0,0,,5,4,1,1,0,0
1789020000,29484,29492.5,29473,29475,692,,29364,,,29633.75,29333,0,0,0,0,,5,4,1,1,0,0
1789020300,29473.5,29474.25,29458.25,29459.25,629,,29364,,,29633.75,29333,0,0,0,0,,5,4,1,1,0,0
1789020600,29461,29466.25,29453.25,29455.5,429,,29364,,,29633.75,29333,0,0,0,0,,5,4,1,1,0,0
1789020900,29455.75,29460.5,29439.75,29442.25,631,,29364,,,29633.75,29333,0,0,0,0,,5,4,1,1,0,0
1789021200,29442,29451.5,29435.25,29447.25,626,,29364,,,29633.75,29333,0,0,0,0,,5,4,1,1,0,0
1789021500,29448.75,29473,29443.5,29472,872,,29364,,,29633.75,29333,0,0,0,0,,5,4,1,1,0,0
1789021800,29473.5,29484.25,29468.5,29470.75,578,,29364,,,29633.75,29333,0,0,0,0,,5,4,1,1,0,0
1789022100,29470.75,29488.5,29469,29488.5,300,,29364,,,29633.75,29333,0,0,0,0,,5,4,1,1,0,0
1789022400,29488.75,29488.75,29476.75,29479,315,,29364,,,29633.75,29333,0,0,0,0,,5,4,1,1,0,0
1789022700,29479.75,29490.5,29478.25,29489,269,,29364,,,29633.75,29333,0,0,0,0,,5,4,1,1,0,0
1789023000,29488.75,29491.25,29471.5,29473.75,461,,29364,,,29633.75,29333,0,0,0,0,,5,4,1,1,0,0
1789023300,29474,29476.75,29466.75,29476.25,388,,29364,,,29633.75,29333,0,0,0,0,,5,4,1,1,0,0
1789023600,29476.75,29478.25,29454,29455,561,,29364,,,29633.75,29333,0,0,0,0,,5,4,1,1,0,0
1789023900,29455.75,29469.75,29450.75,29465,480,,29364,,,29633.75,29333,0,0,0,0,,5,4,1,1,0,0
1789024200,29465.25,29476.25,29462.25,29470,326,,29364,,,29633.75,29333,0,0,0,0,,5,4,1,1,0,0
1789024500,29471,29473,29459.5,29468,230,,29364,,,29633.75,29333,0,0,0,0,,5,4,1,1,0,0
1789024800,29467.75,29471.5,29459.25,29463,397,,29364,,,29633.75,29333,0,0,0,0,,5,4,1,1,0,0
1789025100,29462.75,29464.5,29433,29435.25,548,,29364,,,29633.75,29333,0,0,0,0,,5,4,1,1,0,0
1789025400,29434.75,29438.75,29417.25,29426.25,839,,29364,,,29633.75,29333,0,0,0,0,,5,4,1,1,0,0
1789025700,29426.5,29438.75,29421.75,29423.5,418,,29364,,,29633.75,29333,0,0,0,0,,5,4,1,1,0,0
1789026000,29423,29445.5,29421,29444.75,369,,29364,,,29633.75,29333,0,0,0,0,,5,4,1,1,0,0
1789026300,29443.75,29450,29436.5,29444.5,427,,29364,,,29633.75,29333,0,0,0,0,,5,4,1,1,0,0
1789026600,29444.5,29455.5,29442.5,29449.5,547,,29364,,,29633.75,29333,0,0,0,0,,5,4,1,1,0,0
1789026900,29449.75,29455.25,29445,29445,202,,29364,,,29633.75,29333,0,0,0,0,,5,4,1,1,0,0
1789027200,29443.75,29460.25,29437,29447.25,974,,29364,,,29633.75,29333,0,0,0,0,,5,4,1,1,0,0
1789027500,29447.5,29458,29438.75,29443.75,381,,29364,,,29633.75,29333,0,0,0,0,,5,4,1,1,0,0
1789027800,29444.75,29454.75,29431,29432.25,377,,29364,,,29633.75,29333,0,0,0,0,,5,4,1,1,0,0
1789028100,29433.5,29437,29424.5,29435,417,,29364,,,29633.75,29333,0,0,0,0,,5,4,1,1,0,0
1789028400,29434.5,29451.75,29433,29445.25,474,,29364,,,29633.75,29333,0,0,0,0,,5,4,1,1,0,0
1789028700,29445.25,29453.25,29437.75,29449.5,265,,29364,,,29633.75,29333,0,0,0,0,,5,4,1,1,0,0
1789029000,29449,29457,29427.5,29428.5,615,,29364,,,29633.75,29333,0,0,0,0,,5,4,1,1,0,0
1789029300,29428.25,29448,29428.25,29439,439,,29364,,,29633.75,29333,0,0,0,0,,5,4,1,1,0,0
1789029600,29437.75,29441.25,29413,29416.75,505,,29364,,,29633.75,29333,0,0,0,0,,5,4,1,1,0,0
1789029900,29417.75,29428,29412.25,29413.5,415,,29364,,,29633.75,29333,0,0,0,0,,5,4,1,1,0,0
1789030200,29414.25,29416.75,29406,29413.5,466,,29364,,,29633.75,29333,0,0,0,0,,5,4,1,1,0,0
1789030500,29415,29415.25,29405.25,29414,250,,29364,,,29633.75,29333,0,0,0,0,,5,4,1,1,0,0
1789030800,29412.5,29431,29406.75,29429,502,,29364,29492.5,29405.25,29633.75,29333,0,0,0,0,,5,4,1,1,0,0
1789031100,29428,29429.5,29409,29413,257,,29364,29492.5,29405.25,29633.75,29333,0,0,0,0,,5,4,1,1,0,0
1789031400,29412.25,29423.25,29411,29415.5,247,,29364,29492.5,29405.25,29633.75,29333,0,0,0,0,,5,4,1,1,0,0
1789031700,29416.75,29419.25,29407.75,29416,140,,29364,29492.5,29405.25,29633.75,29333,0,0,0,0,,5,4,1,1,0,0
1789032000,29416.75,29419.75,29407,29407.5,262,,29364,29492.5,29405.25,29633.75,29333,0,0,0,0,,5,4,1,1,0,0
1789032300,29407.25,29409.75,29392.5,29397,574,,29364,29492.5,,29633.75,29333,0,0,0,0,,5,4,1,1,0,0
1789032600,29395.5,29396,29373,29385.5,752,,29364,29492.5,,29633.75,29333,0,0,0,0,,5,4,1,1,0,0
1789032900,29385,29386.5,29372.5,29373.5,463,,29364,29492.5,,29633.75,29333,0,0,0,0,,5,4,1,1,0,0
1789033200,29372.75,29392.25,29359.25,29391.75,909,,,29492.5,,29633.75,29333,0,0,0,0,,5,4,1,1,0,0
1789033500,29390.75,29406.75,29390.75,29401.75,578,,,29492.5,,29633.75,29333,0,0,0,0,,5,4,1,1,0,0
1789033800,29402.25,29420,29397,29411,622,,,29492.5,,29633.75,29333,0,0,0,0,,5,4,1,1,0,0
1789034100,29410.5,29414.5,29400.5,29406.5,303,,,29492.5,,29633.75,29333,0,0,0,0,,5,4,1,1,0,0
1789034400,29405.75,29418,29394.5,29408.25,513,,,29492.5,,29633.75,29333,0,0,0,0,,5,4,1,1,0,0
1789034700,29410.25,29412.5,29388.75,29395,357,,,29492.5,,29633.75,29333,0,0,0,0,,5,4,1,1,0,0
1789035000,29395.5,29402.25,29389.5,29396.5,272,,,29492.5,,29633.75,29333,0,0,0,0,,5,4,1,1,0,0
1789035300,29394.5,29400.25,29393.75,29396,343,,,29492.5,,29633.75,29333,0,0,0,0,,5,4,1,1,0,0
1789035600,29394.5,29402,29389,29394.25,294,,,29492.5,,29633.75,29333,0,0,0,0,,5,4,1,1,0,0
1789035900,29394.25,29409.75,29385.25,29391,433,,,29492.5,,29633.75,29333,0,0,0,0,,5,4,1,1,0,0
1789036200,29391,29391.75,29363.5,29366.5,579,,,29492.5,,29633.75,29333,0,0,0,0,,5,4,1,1,0,0
1789036500,29368.25,29396.25,29366.75,29393.75,638,,,29492.5,,29633.75,29333,0,0,0,0,,5,4,1,1,0,0
1789036800,29394.5,29404.5,29391.5,29392.25,340,,,29492.5,,29633.75,29333,0,0,0,0,,5,4,1,1,0,0
1789037100,29392,29393,29380.5,29389.25,322,,,29492.5,,29633.75,29333,0,0,0,0,,5,4,1,1,0,0
1789037400,29390.5,29393.25,29368,29368,394,,,29492.5,,29633.75,29333,0,0,0,0,,5,4,1,1,0,0
1789037700,29367.75,29423.75,29363.75,29376,1997,,,29492.5,,29633.75,29333,0,0,0,0,,5,4,1,1,0,0
1789038000,29375,29376,29326.75,29347.25,1797,,,29492.5,,29633.75,,0,0,0,0,,5,4,1,1,0,0
1789038300,29347.5,29354,29331,29338.25,868,,,29492.5,,29633.75,,0,0,0,0,,5,4,1,1,0,0
1789038600,29338.25,29348.75,29327.75,29343.25,630,,,29492.5,,29633.75,,0,0,0,0,,5,4,1,1,0,0
1789038900,29343.25,29349.25,29335,29338.5,575,,,29492.5,,29633.75,,0,0,0,0,,5,4,1,1,0,0
1789039200,29338.25,29346.25,29331.5,29342.75,597,,,29492.5,,29633.75,,0,0,0,0,,5,4,1,1,0,0
1789039500,29344.5,29344.75,29335,29336,254,,,29492.5,,29633.75,,0,0,0,0,,5,4,1,1,0,0
1789039800,29337.5,29362,29335.75,29358,602,,,29492.5,,29633.75,,0,0,0,0,,5,4,1,1,0,0
1789040100,29357.5,29364,29351.25,29358.25,530,,,29492.5,,29633.75,,0,0,0,0,,5,4,1,1,0,0
1789040400,29356.75,29358,29339.5,29345.75,511,,,29492.5,,29633.75,,0,0,0,0,,5,4,1,1,0,0
1789040700,29345.5,29352.5,29315.5,29316.5,871,,,29492.5,,29633.75,,0,0,0,0,,5,4,1,1,0,0
1789041000,29317,29318.25,29290,29300,1813,,,29492.5,,29633.75,,0,0,0,0,,5,4,1,1,0,0
1789041300,29298.5,29298.5,29262.75,29264.5,2103,,,29492.5,,29633.75,,0,0,0,0,,5,4,1,1,0,0
1789041600,29264.25,29278.25,29242.25,29247,2433,,,29492.5,,29633.75,,0,0,0,0,,5,4,1,1,0,0
1789041900,29248,29254.75,29236,29237.5,1439,,,29492.5,,29633.75,,0,0,0,0,,5,4,1,1,0,0
1789042200,29237.75,29264.25,29232.75,29258.25,1340,,,29492.5,,29633.75,,0,0,0,0,,5,4,1,1,0,0
1789042500,29260,29262.75,29227.5,29234.75,1605,,,29492.5,,29633.75,,0,0,0,0,,5,4,1,1,0,0
1789042800,29234.75,29236.5,29216.75,29220.75,1749,,,29492.5,,29633.75,,0,0,0,0,,5,4,1,1,0,0
1789043100,29219,29250,29211,29237.5,1445,,,29492.5,,29633.75,,0,0,0,0,,5,4,1,1,0,0
1789043400,29229,29251.75,29106.75,29110.25,8105,,,29492.5,,29633.75,,0,0,0,0,0,5,4,1,1,0,0
1789043700,29110.5,29140.75,29100,29110.5,5277,,,29492.5,,29633.75,,0,0,0,0,0,5,4,1,1,0,0
1789044000,29111.25,29113.5,29082,29102.5,4901,,,29492.5,,29633.75,,0,0,0,0,0,5,4,1,1,0,0
1789044300,29103.75,29106,29075.5,29101,3821,,,29492.5,,29633.75,,0,0,0,0,0,5,4,1,1,0,0
1789044600,29100,29105,29067,29081,4043,,,29492.5,,29633.75,,0,0,0,0,0,5,4,1,1,0,0
1789044900,29080.25,29082,29043.25,29056.5,3721,,,29492.5,,29633.75,,0,0,0,0,0,5,4,1,1,0,0
1789045200,29058,29098.25,29054.75,29092.5,4004,,,29492.5,,29633.75,,0,0,0,0,0,5,4,1,1,0,0
1789045500,29093.5,29095.75,29058.5,29071.25,3145,,,29492.5,,29633.75,,0,0,0,0,0,5,4,1,1,0,0
1789045800,29070.5,29091,29067.75,29068.75,2269,,,29492.5,,29633.75,,0,0,0,0,0,5,4,1,1,0,0
1789046100,29069,29080.75,29052.25,29066,2802,,,29492.5,,29633.75,,0,0,0,0,0,5,4,1,1,0,0
1789046400,29067,29074.75,29054,29056.5,1904,,,29492.5,,29633.75,,0,0,0,0,0,5,4,1,1,0,0
1789046700,29056.75,29090.25,29043.75,29089,5034,,,29492.5,,29633.75,,0,0,0,0,0,5,4,1,1,0,0
1789047000,29089.5,29123.25,29057.5,29098.25,20561,,,29492.5,,29633.75,,0,0,0,0,0,5,4,1,1,0,0
1789047300,29098.25,29185.5,29088.75,29178.5,15567,,,29492.5,,29633.75,,0,0,0,0,0,5,4,1,1,0,0
1789047600,29179,29200,29133,29138,15166,,,29492.5,,29633.75,,0,0,0,0,0,5,4,1,1,0,0
1789047900,29138.25,29203.25,29131.75,29186,12157,,,29492.5,,29633.75,,0,0,0,0,0,5,4,1,1,0,0
1789048200,29186,29187,29102.5,29105.75,10455,,,29492.5,,29633.75,,0,0,0,0,0,5,4,1,1,0,0
1789048500,29106.25,29124,29088.5,29099.75,8440,,,29492.5,,29633.75,,0,0,0,0,0,5,4,1,1,0,0
1789048800,29099.5,29178.75,29097.25,29148.75,9840,,,29492.5,,29633.75,,0,0,0,0,0,5,4,1,1,0,0
1789049100,29148.5,29156.75,29106.75,29136.5,6942,,,29492.5,,29633.75,,0,0,0,0,0,5,4,1,1,0,0
1789049400,29137,29169.75,29118.75,29139.75,8391,,,29492.5,,29633.75,,0,0,0,0,0,5,4,1,1,0,0
1789049700,29139.5,29162.25,29111,29156.75,7577,,,29492.5,,29633.75,,0,0,0,0,0,5,4,1,1,0,0
1789050000,29157.25,29263,29152.5,29230,13313,,,29492.5,,29633.75,,0,0,0,0,0,5,4,1,1,0,0
1789050300,29229.5,29255.75,29195.5,29205.75,11986,,,29492.5,,29633.75,,0,0,0,0,0,5,4,1,1,0,0
1789050600,29206.25,29241.25,29204.75,29219,6270,,,29492.5,,29633.75,,0,0,0,0,0,5,4,1,1,0,0
1789050900,29219.25,29275,29219.25,29261.5,7478,,,29492.5,,29633.75,,0,0,0,0,0,5,4,1,1,0,0
1789051200,29261,29269.75,29222.5,29237.25,6300,,,29492.5,,29633.75,,0,0,0,0,0,5,4,1,1,0,0
1789051500,29236,29250.75,29212.5,29228.5,5412,,,29492.5,,29633.75,,0,0,0,0,0,5,4,1,1,0,0
1789051800,29227.75,29246.5,29210,29244.5,5495,,,29492.5,,29633.75,,0,0,0,0,0,5,4,1,1,0,0
1789052100,29244.25,29264.75,29229.75,29263.25,5054,,,29492.5,,29633.75,,0,0,0,0,0,5,4,1,1,0,0
1789052400,29263.25,29265,29214,29227,6490,,,29492.5,,29633.75,,0,0,0,0,,5,4,1,1,0,0
1789052700,29227,29254.5,29221.75,29224.75,3836,,,29492.5,,29633.75,,0,0,0,0,,5,4,1,1,0,0
1789053000,29224.75,29260.5,29224.25,29243.75,5210,,,29492.5,,29633.75,,0,0,0,0,,5,4,1,1,0,0
1789053300,29243.25,29250,29208.25,29223.25,4152,,,29492.5,,29633.75,,0,0,0,0,,5,4,1,1,0,0
1789053600,29223.25,29235.75,29197.5,29233.5,4594,,,29492.5,,29633.75,,0,0,0,0,,5,4,1,1,0,0
1789053900,29232.75,29256,29223.75,29236,4299,,,29492.5,,29633.75,,0,0,0,0,,5,4,1,1,0,0
1789054200,29236.75,29249.75,29217.25,29242.5,4369,,,29492.5,,29633.75,,0,0,0,0,,5,4,1,1,0,0
1789054500,29242.75,29272.75,29227.5,29242,4427,,,29492.5,,29633.75,,0,0,0,0,,5,4,1,1,0,0
1789054800,29241,29254.75,29229,29251.5,3034,,,29492.5,,29633.75,,0,0,0,0,,5,4,1,1,0,0
1789055100,29251.25,29256.75,29214.5,29231.25,3774,,,29492.5,,29633.75,,0,0,0,0,,5,4,1,1,0,0
1789055400,29230.25,29240,29204.25,29205,4209,,,29492.5,,29633.75,,0,0,0,0,,5,4,1,1,0,0
1789055700,29205.5,29214.25,29186,29205,4652,,,29492.5,,29633.75,,0,0,0,0,,5,4,1,1,0,0
1789056000,29205,29231.5,29197.5,29204.75,3932,,,29492.5,,29633.75,,0,0,0,0,,5,4,1,1,0,0
1789056300,29204,29213,29180.5,29182.25,3048,,,29492.5,,29633.75,,0,0,0,0,,5,4,1,1,0,0
1789056600,29182.25,29193.75,29165.75,29181.25,3832,,,29492.5,,29633.75,,0,0,0,0,,5,4,1,1,0,0
1789056900,29180.5,29202,29169.5,29175.5,3645,,,29492.5,,29633.75,,0,0,0,0,,5,4,1,1,0,0
1789057200,29176,29191,29174.25,29180,2398,,,29492.5,,29633.75,,0,0,0,0,,5,4,1,1,0,0
1789057500,29179.75,29183.75,29161.75,29177,2658,,,29492.5,,29633.75,,0,0,0,0,,5,4,1,1,0,0
1789057800,29176.75,29194.25,29146.5,29151.75,6049,,,29492.5,,29633.75,,0,0,0,0,,5,4,1,1,0,0
1789058100,29152,29175.25,29133.75,29170.5,4962,,,29492.5,,29633.75,,0,0,0,0,,5,4,1,1,0,0
1789058400,29170.5,29215.75,29168,29208,4083,,,29492.5,,29633.75,,0,0,0,0,,5,4,1,1,0,0
1789058700,29208.25,29241,29205.5,29208.75,5377,,,29492.5,,29633.75,,0,0,0,0,,5,4,1,1,0,0
1789059000,29209,29235,29204.5,29235,3017,,,29492.5,,29633.75,,0,0,0,0,,5,4,1,1,0,0
1789059300,29234.75,29242.75,29224.25,29232.5,3178,,,29492.5,,29633.75,,0,0,0,0,,5,4,1,1,0,0
1789059600,29232.75,29267.5,29212.75,29226.5,4638,,,29492.5,,29633.75,,0,0,0,0,,5,4,1,1,0,0
1789059900,29226.75,29237.75,29219.75,29228.75,2802,,,29492.5,,29633.75,,0,0,0,0,,5,4,1,1,0,0
1789060200,29228,29248,29224.5,29225.5,2581,,,29492.5,,29633.75,,0,0,0,0,,5,4,1,1,0,0
1789060500,29225.75,29233,29215.5,29223,2381,,,29492.5,,29633.75,,0,0,0,0,,5,4,1,1,0,0
1789060800,29223.25,29225,29207.5,29211,1920,,,29492.5,,29633.75,,0,0,0,0,,5,4,1,1,0,0
1789061100,29211.5,29213,29199.5,29209.25,2264,,,29492.5,,29633.75,,0,0,0,0,,5,4,1,1,0,0
1789061400,29209,29214.75,29197.5,29204,2311,,,29492.5,,29633.75,,0,0,0,0,,5,4,1,1,0,0
1789061700,29204,29214.75,29177.25,29178.25,2921,,,29492.5,,29633.75,,0,0,0,0,,5,4,1,1,0,0
1789062000,29177.75,29204.25,29175.5,29202.5,2650,,,29492.5,,29633.75,,0,0,0,0,,5,4,1,1,0,0
1789062300,29202.5,29205.25,29187.75,29191,1636,,,29492.5,,29633.75,,0,0,0,0,,5,4,1,1,0,0
1789062600,29190.5,29204.25,29183.25,29194.75,2259,,,29492.5,,29633.75,,0,0,0,0,,5,4,1,1,0,0
1789062900,29194.5,29199.75,29183.25,29186,1853,,,29492.5,,29633.75,,0,0,0,0,,5,4,1,1,0,0
1789063200,29186.25,29199.75,29163,29168.5,3662,,,29492.5,,29633.75,,0,0,0,0,,5,4,1,1,0,0
1789063500,29169,29179.25,29154,29158.75,2856,,,29492.5,,29633.75,,0,0,0,0,,5,4,1,1,0,0
1789063800,29157.75,29168.5,29148.25,29159.75,2762,,,29492.5,,29633.75,,0,0,0,0,,5,4,1,1,0,0
1789064100,29159.75,29162.25,29148.75,29161.5,2281,,,29492.5,,29633.75,,0,0,0,0,,5,4,1,1,0,0
1789064400,29161.5,29180.25,29161.25,29167.25,2903,,,29492.5,,29633.75,,0,0,0,0,,5,4,1,1,0,0
1789064700,29167.5,29173,29153.5,29158.5,2094,,,29492.5,,29633.75,,0,0,0,0,,5,4,1,1,0,0
1789065000,29157.75,29165.5,29146.25,29164,2311,,,29492.5,,29633.75,,0,0,0,0,,5,4,1,1,0,0
1789065300,29164,29176,29156.75,29175.25,1885,,,29492.5,,29633.75,,0,0,0,0,,5,4,1,1,0,0
1789065600,29174.75,29176.25,29166.25,29173.5,1490,,,29492.5,,29633.75,,0,0,0,0,,5,4,1,1,0,0
1789065900,29173,29184.25,29151,29165.75,2869,,,29492.5,,29633.75,,0,0,0,0,,5,4,1,1,0,0
1789066200,29165.75,29199,29155.25,29181.5,4058,,,29492.5,,29633.75,,0,0,0,0,,5,4,1,1,0,0
1789066500,29181.25,29189.25,29167.25,29174.25,1920,,,29492.5,,29633.75,,0,0,0,0,,5,4,1,1,0,0
1789066800,29174.25,29176,29151.25,29152.5,3164,,,29492.5,,29633.75,,0,0,0,0,,5,4,1,1,0,0
1789067100,29152.25,29167.75,29141,29165.75,4250,,,29492.5,,29633.75,,0,0,0,0,,5,4,1,1,0,0
1789067400,29166.25,29169,29142.25,29156.5,2597,,,29492.5,,29633.75,,0,0,0,0,,5,4,1,1,0,0
1789067700,29157.25,29164.5,29136,29144,2377,,,29492.5,,29633.75,,0,0,0,0,,5,4,1,1,0,0
1789068000,29144,29157,29139.75,29155,1877,,,29492.5,,29633.75,,0,0,0,0,,5,4,1,1,0,0
1789068300,29155.25,29163,29152,29160,1899,,,29492.5,,29633.75,,0,0,0,0,,5,4,1,1,0,0
1789068600,29158.75,29166.25,29144.25,29163.5,2556,,,29492.5,,29633.75,,0,0,0,0,,5,4,1,1,0,0
1789068900,29162.75,29164.75,29145.25,29159.25,2416,,,29492.5,,29633.75,,0,0,0,0,,5,4,1,1,0,0
1789069200,29159.25,29169.25,29156,29158,2422,,,29492.5,,29633.75,,0,0,0,0,,5,4,1,1,0,0
1789069500,29158,29166,29146.5,29158.75,2725,,,29492.5,,29633.75,,0,0,0,0,,5,4,1,1,0,0
1789069800,29159.75,29168.5,29123.25,29136.5,7673,,,29492.5,,29633.75,,0,0,0,0,,5,4,1,1,0,0
1789070100,29136.25,29147.5,29126,29138,14482,,,29492.5,,29633.75,,0,0,0,0,,5,4,1,1,0,0
1789070400,29138.25,29148.75,29130,29131.75,4015,,,29492.5,,29633.75,,0,0,0,0,,5,4,1,1,0,0
1789070700,29134,29144.75,29123,29141.25,1290,,,29492.5,,29633.75,,0,0,0,0,,5,4,1,1,0,0
1789071000,29141.25,29156.75,29134.75,29153.25,1641,,,29492.5,,29633.75,,0,0,0,0,,5,4,1,1,0,0
1789071300,29153.75,29156,29145.25,29150.5,711,,,29492.5,,29633.75,,0,0,0,0,,5,4,1,1,0,0
1789071600,29150.75,29154,29149,29152,555,,,29492.5,,29633.75,,0,0,0,0,,5,4,1,1,0,0
1789071900,29152,29154.5,29142.25,29144.5,621,,,29492.5,,29633.75,,0,0,0,0,,5,4,1,1,0,0
1789072200,29145.5,29151.5,29144.25,29149.25,489,,,29492.5,,29633.75,,0,0,0,0,,5,4,1,1,0,0
1789072500,29148.75,29153,29146.5,29152.5,337,,,29492.5,,29633.75,,0,0,0,0,,5,4,1,1,0,0
1789072800,29151.5,29153,29149,29151.5,263,,,29492.5,,29633.75,,0,0,0,0,,5,4,1,1,0,0
1789073100,29152,29154.5,29144.5,29148.25,472,,,29492.5,,29633.75,,0,0,0,0,,5,4,1,1,0,0
1789073400,29148.5,29152.75,29146.25,29151.75,255,,,29492.5,,29633.75,,0,0,0,0,,5,4,1,1,0,0
1789073700,29151.75,29154.5,29128,29143.25,602,,,29492.5,,29633.75,,0,0,0,0,,5,4,1,1,0,0
1789077600,29141,29156.75,29139.5,29149.75,689,,,29492.5,,29508.25,29043.25,0,0,0,0,,5,4,1,1,0,0
1789077900,29148.25,29150.75,29134.5,29144.25,363,,,29492.5,,29508.25,29043.25,0,0,0,0,,5,4,1,1,0,0
1789078200,29144,29151.75,29139.5,29143.25,294,,,29492.5,,29508.25,29043.25,0,0,0,0,,5,4,1,1,0,0
1789078500,29144.5,29152,29141,29148.75,296,,,29492.5,,29508.25,29043.25,0,0,0,0,,5,4,1,1,0,0
1789078800,29148.25,29157.5,29137.75,29140.75,470,,,29492.5,,29508.25,29043.25,0,0,0,0,,5,4,1,1,0,0
1789079100,29141.25,29143.5,29117.25,29118,620,,,29492.5,,29508.25,29043.25,0,0,0,0,,5,4,1,1,0,0
1789079400,29117.25,29122.75,29113,29115.25,556,,,29492.5,,29508.25,29043.25,0,0,0,0,,5,4,1,1,0,0
1789079700,29115.5,29119.5,29107.75,29109.25,339,,,29492.5,,29508.25,29043.25,0,0,0,0,,5,4,1,1,0,0
1789080000,29109.75,29112.25,29104.25,29105.5,422,,,29492.5,,29508.25,29043.25,0,0,0,0,,5,4,1,1,0,0
1789080300,29105.75,29116.25,29098.75,29114,497,,,29492.5,,29508.25,29043.25,0,0,0,0,,5,4,1,1,0,0
1789080600,29114.25,29115.5,29102.25,29104,364,,,29492.5,,29508.25,29043.25,0,0,0,0,,5,4,1,1,0,0
1789080900,29105.25,29111,29104,29107.5,229,,,29492.5,,29508.25,29043.25,0,0,0,0,,5,4,1,1,0,0
1789081200,29106.25,29115,29100,29105.5,338,,,29492.5,,29508.25,29043.25,0,0,0,0,,5,4,1,1,0,0
1789081500,29105,29110.75,29103,29109.5,218,,,29492.5,,29508.25,29043.25,0,0,0,0,,5,4,1,1,0,0
1789081800,29109,29111.25,29104,29109.5,209,,,29492.5,,29508.25,29043.25,0,0,0,0,,5,4,1,1,0,0
1789082100,29110.25,29111.5,29106.5,29107.5,151,,,29492.5,,29508.25,29043.25,0,0,0,0,,5,4,1,1,0,0
1789082400,29108.25,29110.5,29096.75,29098.75,231,,,29492.5,,29508.25,29043.25,0,0,0,0,,5,4,1,1,0,0
1789082700,29099.25,29110.25,29099,29102.75,226,,,29492.5,,29508.25,29043.25,0,0,0,0,,5,4,1,1,0,0
1789083000,29103,29111.5,29103,29106.5,167,,,29492.5,,29508.25,29043.25,0,0,0,0,,5,4,1,1,0,0
1789083300,29106.5,29108.25,29101,29103.75,157,,,29492.5,,29508.25,29043.25,0,0,0,0,,5,4,1,1,0,0
1789083600,29104.25,29107.25,29097.75,29106.75,430,,,29492.5,,29508.25,29043.25,0,0,0,0,,5,4,1,1,0,0
1789083900,29105.75,29107,29097,29099.25,326,,,29492.5,,29508.25,29043.25,0,0,0,0,,5,4,1,1,0,0
1789084200,29100,29100.75,29077.75,29080.25,841,,,29492.5,,29508.25,29043.25,0,0,0,0,,5,4,1,1,0,0
1789084500,29080.5,29081,29062.5,29064.75,908,,,29492.5,,29508.25,29043.25,0,0,0,0,,5,4,1,1,0,0
1789084800,29065,29102,29063.25,29093.5,1425,,,29492.5,,29508.25,29043.25,0,0,0,0,,5,4,1,1,0,0
1789085100,29093.25,29127.75,29091.75,29111,1417,,,29492.5,,29508.25,29043.25,0,0,0,0,,5,4,1,1,0,0
1789085400,29110.5,29121.75,29106.5,29108.5,619,,,29492.5,,29508.25,29043.25,0,0,0,0,,5,4,1,1,0,0
1789085700,29109.75,29118,29103.25,29106.75,525,,,29492.5,,29508.25,29043.25,0,0,0,0,,5,4,1,1,0,0
1789086000,29107,29129,29095,29121.25,969,,,29492.5,,29508.25,29043.25,0,0,0,0,,5,4,1,1,0,0
1789086300,29120.75,29144.75,29115.25,29138.5,836,,,29492.5,,29508.25,29043.25,0,0,0,0,,5,4,1,1,0,0
1789086600,29138.25,29143,29118,29128.25,654,,,29492.5,,29508.25,29043.25,0,0,0,0,,5,4,1,1,0,0
1789086900,29127.5,29166.25,29126,29149.5,1352,,,29492.5,,29508.25,29043.25,0,0,0,0,,5,4,1,1,0,0
1789087200,29149.5,29152.5,29118.75,29123.75,1080,,,29492.5,,29508.25,29043.25,0,0,0,0,,5,4,1,1,0,0
1789087500,29124.5,29139.25,29123.5,29135,415,,,29492.5,,29508.25,29043.25,0,0,0,0,,5,4,1,1,0,0
1789087800,29138.5,29154,29136.5,29150,403,,,29492.5,,29508.25,29043.25,0,0,0,0,,5,4,1,1,0,0
1789088100,29150.75,29163.5,29147.5,29161,465,,,29492.5,,29508.25,29043.25,0,0,0,0,,5,4,1,1,0,0
1789088400,29159.75,29171.5,29153.5,29164.25,853,,,29492.5,,29508.25,29043.25,0,0,0,0,,5,4,1,1,0,0
1789088700,29163,29163,29148.25,29157.5,651,,,29492.5,,29508.25,29043.25,0,0,0,0,,5,4,1,1,0,0
1789089000,29156,29165.25,29146.5,29148.25,457,,,29492.5,,29508.25,29043.25,0,0,0,0,,5,4,1,1,0,0
1789089300,29149.5,29150,29139,29141.5,507,,,29492.5,,29508.25,29043.25,0,0,0,0,,5,4,1,1,0,0
1789089600,29142,29143,29124.75,29130.25,590,,,29492.5,,29508.25,29043.25,0,0,0,0,,5,4,1,1,0,0
1789089900,29130.75,29139.75,29125,29125.5,577,,,29492.5,,29508.25,29043.25,0,0,0,0,,5,4,1,1,0,0
1789090200,29126.5,29137.5,29122.75,29127.25,548,,,29492.5,,29508.25,29043.25,0,0,0,0,,5,4,1,1,0,0
1789090500,29127.75,29138.25,29115.75,29120.75,523,,,29492.5,,29508.25,29043.25,0,0,0,0,,5,4,1,1,0,0
1789090800,29120.25,29120.5,29109,29118.5,591,,,29492.5,,29508.25,29043.25,0,0,0,0,,5,4,1,1,0,0
1789091100,29119.75,29119.75,29105,29109.75,533,,,29492.5,,29508.25,29043.25,0,0,0,0,,5,4,1,1,0,0
1789091400,29109,29115.25,29103.5,29111,282,,,29492.5,,29508.25,29043.25,0,0,0,0,,5,4,1,1,0,0
1789091700,29112,29130,29110,29128.75,556,,,29492.5,,29508.25,29043.25,0,0,0,0,,5,4,1,1,0,0
1789092000,29129.5,29138.5,29122.5,29126.75,702,,,29492.5,,29508.25,29043.25,0,0,0,0,,5,4,1,1,0,0
1789092300,29128,29136.5,29120.75,29125.25,458,,,29492.5,,29508.25,29043.25,0,0,0,0,,5,4,1,1,0,0
1789092600,29128,29135.5,29125,29131.75,224,,,29492.5,,29508.25,29043.25,0,0,0,0,,5,4,1,1,0,0
1789092900,29131.25,29132,29113.25,29118.5,627,,,29492.5,,29508.25,29043.25,0,0,0,0,,5,4,1,1,0,0
1789093200,29118.5,29126.5,29112.5,29114.25,334,,,29492.5,,29508.25,29043.25,0,0,0,0,,5,4,1,1,0,0
1789093500,29114.25,29115.75,29098.5,29107.25,864,,,29492.5,,29508.25,29043.25,0,0,0,0,,5,4,1,1,0,0
1789093800,29107.25,29109.25,29082.5,29089,882,,,29492.5,,29508.25,29043.25,0,0,0,0,,5,4,1,1,0,0
1789094100,29088.25,29106.5,29087.75,29103,465,,,29492.5,,29508.25,29043.25,0,0,0,0,,5,4,1,1,0,0
1789094400,29101.75,29106.5,29082.25,29086.5,428,,,29492.5,,29508.25,29043.25,0,0,0,0,,5,4,1,1,0,0
1789094700,29086.25,29109.75,29083.5,29108.25,664,,,29492.5,,29508.25,29043.25,0,0,0,0,,5,4,1,1,0,0
1789095000,29108.25,29111.5,29087.75,29088.5,420,,,29492.5,,29508.25,29043.25,0,0,0,0,,5,4,1,1,0,0
1789095300,29088.75,29095.25,29083.25,29093.25,305,,,29492.5,,29508.25,29043.25,0,0,0,0,,5,4,1,1,0,0
1789095600,29092,29096.75,29081.75,29086.25,444,,,29492.5,,29508.25,29043.25,0,0,0,0,,5,4,1,1,0,0
1789095900,29086,29087.5,29075.5,29077.5,486,,,29492.5,,29508.25,29043.25,0,0,0,0,,5,4,1,1,0,0
1789096200,29077.75,29081,29061.75,29076,730,,,29492.5,,29508.25,29043.25,0,0,0,0,,5,4,1,1,0,0
1789096500,29076.75,29084,29073,29080.25,280,,,29492.5,,29508.25,29043.25,0,0,0,0,,5,4,1,1,0,0
1789096800,29080,29082.5,29062.75,29066.75,502,,,29492.5,,29508.25,29043.25,0,0,0,0,,5,4,1,1,0,0
1789097100,29067,29081.25,29066.5,29071.25,382,,,29492.5,,29508.25,29043.25,0,0,0,0,,5,4,1,1,0,0
1789097400,29071.5,29072,29048.5,29059,954,,,29492.5,,29508.25,29043.25,0,0,0,0,,5,4,1,1,0,0
1789097700,29059.75,29074.25,29057,29063,535,,,29492.5,,29508.25,29043.25,0,0,0,0,,5,4,1,1,0,0
1789098000,29061.5,29089.5,29060,29085.5,697,,,29492.5,,29508.25,29043.25,0,0,0,0,,5,4,1,1,0,0
1789098300,29086.5,29088.25,29054,29057,691,,,29492.5,,29508.25,29043.25,0,0,0,0,,5,4,1,1,0,0
1789098600,29056.75,29068.25,29050.75,29063,517,,,29492.5,,29508.25,29043.25,0,0,0,0,,5,4,1,1,0,0
1789098900,29063,29071.25,29057,29059.5,374,,,29492.5,,29508.25,29043.25,0,0,0,0,,5,4,1,1,0,0
1789099200,29058.75,29077.75,29040.5,29071.5,1505,29171.5,,29492.5,,29508.25,,0,0,0,0,,5,4,1,1,0,0
1789099500,29071.25,29085.5,29067,29076,746,29171.5,,29492.5,,29508.25,,0,0,0,0,,5,4,1,1,0,0
1789099800,29077.25,29094.75,29055.25,29093.25,1152,29171.5,,29492.5,,29508.25,,0,0,0,0,,5,4,1,1,0,0
1789100100,29093.75,29093.75,29075.75,29082.25,558,29171.5,,29492.5,,29508.25,,0,0,0,0,,5,4,1,1,0,0
1789100400,29080.5,29108.5,29080,29107.5,685,29171.5,,29492.5,,29508.25,,0,0,0,0,,5,4,1,1,0,0
1789100700,29107.75,29126.5,29107.5,29123.75,644,29171.5,,29492.5,,29508.25,,0,0,0,0,,5,4,1,1,0,0
1789101000,29124.25,29131.75,29119.5,29120,496,29171.5,,29492.5,,29508.25,,0,0,0,0,,5,4,1,1,0,0
1789101300,29118.5,29130.25,29116.75,29127,370,29171.5,,29492.5,,29508.25,,0,0,0,0,,5,4,1,1,0,0
1789101600,29125.75,29140.25,29125.25,29137,517,29171.5,,29492.5,,29508.25,,0,0,0,0,,5,4,1,1,0,0
1789101900,29137.75,29143,29131.25,29140.5,522,29171.5,,29492.5,,29508.25,,0,0,0,0,,5,4,1,1,0,0
1789102200,29139.75,29151.5,29133,29137,555,29171.5,,29492.5,,29508.25,,0,0,0,0,,5,4,1,1,0,0
1789102500,29136,29141,29120.75,29125,393,29171.5,,29492.5,,29508.25,,0,0,0,0,,5,4,1,1,0,0
1789102800,29124.5,29129.75,29120.75,29123.5,433,29171.5,,29492.5,,29508.25,,0,0,0,0,,5,4,1,1,0,0
1789103100,29124,29145.75,29119.5,29142.5,632,29171.5,,29492.5,,29508.25,,0,0,0,0,,5,4,1,1,0,0
1789103400,29142,29161.25,29139.25,29158.25,719,29171.5,,29492.5,,29508.25,,0,0,0,0,,5,4,1,1,0,0
1789103700,29159,29165,29145.75,29148.25,483,29171.5,,29492.5,,29508.25,,0,0,0,0,,5,4,1,1,0,0
1789104000,29149.5,29154.5,29136.75,29147,399,29171.5,,29492.5,,29508.25,,0,0,0,0,,5,4,1,1,0,0
1789104300,29147.5,29147.5,29130,29134,372,29171.5,,29492.5,,29508.25,,0,0,0,0,,5,4,1,1,0,0
1789104600,29134,29160.75,29133.75,29156,660,29171.5,,29492.5,,29508.25,,0,0,0,0,,5,4,1,1,0,0
1789104900,29156.5,29174,29156.25,29173.25,540,,,29492.5,,29508.25,,0,0,0,0,,5,4,1,1,0,0
1789105200,29172,29195.25,29168.5,29191,846,,,29492.5,,29508.25,,0,0,0,0,,5,4,1,1,0,0
1789105500,29191,29200.75,29176.5,29200.75,686,,,29492.5,,29508.25,,0,0,0,0,,5,4,1,1,0,0
1789105800,29199.5,29228.5,29192,29221.75,1047,,,29492.5,,29508.25,,0,0,0,0,,5,4,1,1,0,0
1789106100,29222,29242.75,29221.25,29233.25,1179,,,29492.5,,29508.25,,0,0,0,0,,5,4,1,1,0,0
1789106400,29233,29237.25,29221,29221.75,713,,,,,29508.25,,0,0,0,0,,5,4,1,1,0,0
1789106700,29222.75,29245.75,29216,29234.25,850,,,,,29508.25,,0,0,0,0,,5,4,1,1,0,0
1789107000,29234.25,29248.5,29225.25,29244.25,715,,,,,29508.25,,0,0,0,0,,5,4,1,1,0,0
1789107300,29245,29252,29225,29235,868,,,,,29508.25,,0,0,0,0,,5,4,1,1,0,0
1789107600,29236,29237.25,29224,29230.25,320,,,,,29508.25,,0,0,0,0,,5,4,1,1,0,0
1789107900,29231.25,29231.25,29222.25,29224.5,411,,,,,29508.25,,0,0,0,0,,5,4,1,1,0,0
1789108200,29225.25,29235.75,29215.5,29219.25,882,,,,,29508.25,,0,0,0,0,,5,4,1,1,0,0
1789108500,29219.5,29239,29219.5,29234.5,418,,,,,29508.25,,0,0,0,0,,5,4,1,1,0,0
1789108800,29234.5,29234.5,29218.25,29228.5,363,,,,,29508.25,,0,0,0,0,,5,4,1,1,0,0
1789109100,29228.5,29261.5,29228.5,29252.5,858,,,,,29508.25,,0,0,0,0,,5,4,1,1,0,0
1789109400,29252.75,29257,29244,29249.25,402,,,,,29508.25,,0,0,0,0,,5,4,1,1,0,0
1789109700,29249.25,29259.5,29246.5,29255,412,,,,,29508.25,,0,0,0,0,,5,4,1,1,0,0
1789110000,29254.25,29266.5,29249.25,29266.5,546,,,,,29508.25,,0,0,0,0,,5,4,1,1,0,0
1789110300,29266,29268.75,29252.5,29257.5,518,,,,,29508.25,,0,0,0,0,,5,4,1,1,0,0
1789110600,29259,29266.25,29250,29257,588,,,,,29508.25,,0,0,0,0,,5,4,1,1,0,0
1789110900,29258.75,29264,29248.5,29256.75,403,,,,,29508.25,,0,0,0,0,,5,4,1,1,0,0
1789111200,29255,29262.5,29245,29254.25,420,,,,,29508.25,,0,0,0,0,,5,4,1,1,0,0
1789111500,29253.75,29254,29235.75,29235.75,485,,,,,29508.25,,0,0,0,0,,5,4,1,1,0,0
1789111800,29235.75,29247.5,29229,29230,404,,,,,29508.25,,0,0,0,0,,5,4,1,1,0,0
1789112100,29230.5,29241.75,29229.75,29236.5,403,,,,,29508.25,,0,0,0,0,,5,4,1,1,0,0
1789112400,29235.5,29243.25,29229.5,29235.25,239,,,,,29508.25,,0,0,0,0,,5,4,1,1,0,0
1789112700,29235.25,29239.25,29225,29231.5,533,,,,,29508.25,,0,0,0,0,,5,4,1,1,0,0
1789113000,29231,29241,29229,29238.75,285,,,,,29508.25,,0,0,0,0,,5,4,1,1,0,0
1789113300,29239,29245.75,29237,29242.5,225,,,,,29508.25,,0,0,0,0,,5,4,1,1,0,0
1789113600,29242.5,29272,29240,29245.25,1065,,,,,29508.25,,0,0,0,0,,5,4,1,1,0,0
1789113900,29246,29246.25,29227,29231,411,,,,,29508.25,,0,0,0,0,,5,4,1,1,0,0
1789114200,29233,29256,29224.5,29244.75,1137,,,,,29508.25,,0,0,0,0,,5,4,1,1,0,0
1789114500,29245,29267.25,29239.25,29255,565,,,,,29508.25,,0,0,0,0,,5,4,1,1,0,0
1789114800,29254.75,29318,29251,29285.75,2033,,,,,29508.25,,0,0,0,0,,5,4,1,1,0,0
1789115100,29286.5,29290.5,29264.25,29269.75,878,,,,,29508.25,,0,0,0,0,,5,4,1,1,0,0
1789115400,29271,29313.75,29270.75,29304,761,,,,,29508.25,,0,0,0,0,,5,4,1,1,0,0
1789115700,29307,29307.5,29291,29293.5,459,,,,,29508.25,,0,0,0,0,,5,4,1,1,0,0
1789116000,29293.5,29300.25,29288.25,29289.75,329,,,,,29508.25,,0,0,0,0,,5,4,1,1,0,0
1789116300,29291.5,29308.25,29287,29304.5,427,,,,,29508.25,,0,0,0,0,,5,4,1,1,0,0
1789116600,29305,29322.75,29301.5,29311,720,,,,,29508.25,,0,0,0,0,,5,4,1,1,0,0
1789116900,29309.75,29326,29307,29322.75,448,,,,,29508.25,,0,0,0,0,,5,4,1,1,0,0
1789117200,29324.25,29334,29314,29316.75,1031,,,,29215.5,29508.25,,0,0,0,0,,5,4,1,1,0,0
1789117500,29317,29322,29300.5,29300.5,517,,,,29215.5,29508.25,,0,0,0,0,,5,4,1,1,0,0
1789117800,29301.5,29305,29292.5,29294.25,438,,,,29215.5,29508.25,,0,0,0,0,,5,4,1,1,0,0
1789118100,29293,29309,29289.5,29306.25,463,,,,29215.5,29508.25,,0,0,0,0,,5,4,1,1,0,0
1789118400,29305.5,29315.25,29301,29302.25,531,,,,29215.5,29508.25,,0,0,0,0,,5,4,1,1,0,0
1789118700,29302,29306.75,29298.25,29304,227,,,,29215.5,29508.25,,0,0,0,0,,5,4,1,1,0,0
1789119000,29304.75,29312,29301.75,29306.75,182,,,,29215.5,29508.25,,0,0,0,0,,5,4,1,1,0,0
1789119300,29308.25,29312.5,29304.25,29309,203,,,,29215.5,29508.25,,0,0,0,0,,5,4,1,1,0,0
1789119600,29309.5,29315.5,29306,29308,195,,,,29215.5,29508.25,,0,0,0,0,,5,4,1,1,0,0
1789119900,29307.75,29314,29303.75,29309.75,169,,,,29215.5,29508.25,,0,0,0,0,,5,4,1,1,0,0
1789120200,29310.75,29313,29306.5,29308.75,161,,,,29215.5,29508.25,,0,0,0,0,,5,4,1,1,0,0
1789120500,29309.25,29326.5,29308,29319,387,,,,29215.5,29508.25,,0,0,0,0,,5,4,1,1,0,0
1789120800,29319.25,29339.75,29285.25,29335,1358,,,,29215.5,29508.25,,0,0,0,0,,5,4,1,1,0,0
1789121100,29334,29335.25,29323,29330.5,444,,,,29215.5,29508.25,,0,0,0,0,,5,4,1,1,0,0
1789121400,29330.75,29335,29319.25,29326.25,369,,,,29215.5,29508.25,,0,0,0,0,,5,4,1,1,0,0
1789121700,29326.5,29329.75,29320,29326.5,197,,,,29215.5,29508.25,,0,0,0,0,,5,4,1,1,0,0
1789122000,29326,29327.75,29314,29320.25,453,,,,29215.5,29508.25,,0,0,0,0,,5,4,1,1,0,0
1789122300,29321.5,29322,29307.75,29314.25,410,,,,29215.5,29508.25,,0,0,0,0,,5,4,1,1,0,0
1789122600,29314.25,29323.5,29309.5,29323.5,355,,,,29215.5,29508.25,,0,0,0,0,,5,4,1,1,0,0
1789122900,29324.25,29328.75,29312.75,29320.5,259,,,,29215.5,29508.25,,0,0,0,0,,5,4,1,1,0,0
1789123200,29320,29321,29314.5,29315.75,227,,,,29215.5,29508.25,,0,0,0,0,,5,4,1,1,0,0
1789123500,29316,29316.25,29305.5,29309.75,292,,,,29215.5,29508.25,,0,0,0,0,,5,4,1,1,0,0
1789123800,29310.75,29318.25,29307,29310,259,,,,29215.5,29508.25,,0,0,0,0,,5,4,1,1,0,0
1789124100,29310.5,29316,29307.75,29309.25,330,,,,29215.5,29508.25,,0,0,0,0,,5,4,1,1,0,0
1789124400,29310.5,29315,29304,29304.25,481,,,,29215.5,29508.25,,0,0,0,0,,5,4,1,1,0,0
1789124700,29303.75,29304.75,29290,29294.75,574,,,,29215.5,29508.25,,0,0,0,0,,5,4,1,1,0,0
1789125000,29294,29300.75,29289.5,29293.5,386,,,,29215.5,29508.25,,0,0,0,0,,5,4,1,1,0,0
1789125300,29294.25,29307.5,29290.25,29307.5,394,,,,29215.5,29508.25,,0,0,0,0,,5,4,1,1,0,0
1789125600,29307.5,29309.25,29294.75,29308,372,,,,29215.5,29508.25,,0,0,0,0,,5,4,1,1,0,0
1789125900,29308,29324.75,29308,29312.75,614,,,,29215.5,29508.25,,0,0,0,0,,5,4,1,1,0,0
1789126200,29313,29321.75,29302,29303.25,655,,,,29215.5,29508.25,,0,0,0,0,,5,4,1,1,0,0
1789126500,29303.5,29314,29296.75,29312.75,491,,,,29215.5,29508.25,,0,0,0,0,,5,4,1,1,0,0
1789126800,29312.25,29332.25,29310,29330.25,584,,,,29215.5,29508.25,,0,0,0,0,,5,4,1,1,0,0
1789127100,29330.25,29337.5,29319.5,29335.75,520,,,,29215.5,29508.25,,0,0,0,0,,5,4,1,1,0,0
1789127400,29335.75,29336.75,29326,29326.25,331,,,,29215.5,29508.25,,0,0,0,0,,5,4,1,1,0,0
1789127700,29327.25,29334.25,29321.25,29323.25,322,,,,29215.5,29508.25,,0,0,0,0,,5,4,1,1,0,0
1789128000,29324.25,29326.75,29307,29310.25,582,,,,29215.5,29508.25,,0,0,0,0,,5,4,1,1,0,0
1789128300,29311.5,29315.75,29304,29315.25,739,,,,29215.5,29508.25,,0,0,0,0,,5,4,1,1,0,0
1789128600,29316.5,29336.75,29307,29323.75,1131,,,,29215.5,29508.25,,0,0,0,0,,5,4,1,1,0,0
1789128900,29324.25,29348.75,29318.5,29337.75,867,,,,29215.5,29508.25,,0,0,0,0,,5,4,1,1,0,0
1789129200,29338.25,29344,29326,29327.5,784,,,,29215.5,29508.25,,0,0,0,0,,5,4,1,1,0,0
1789129500,29328.25,29399,29325.75,29389.75,2698,,,,29215.5,29508.25,,0,0,0,0,,5,4,1,1,0,0
1789129800,29385,29399.5,29204,29338.75,9656,,,,,29508.25,,0,1,0,0,0,6,5,2,1,0,0
1789130100,29338.25,29376.25,29320,29363.75,5029,,,,,29508.25,,0,0,0,0,0,6,5,2,1,0,0
1789130400,29364.25,29379.5,29342.75,29356.5,2982,,,,,29508.25,,0,0,0,0,0,6,5,2,1,0,0
1789130700,29357.25,29403.25,29343,29394.5,3223,,,,,29508.25,,0,0,0,0,0,6,5,2,1,0,0
1789131000,29394.5,29446.5,29393.5,29437.25,3836,,,,,29508.25,,0,0,0,1,0,6,5,2,2,0,0
1789131300,29436.75,29475.75,29433.5,29469.5,3496,,,,,29508.25,,0,0,0,0,0,6,5,2,2,0,0
1789131600,29468.75,29500.25,29467,29469.25,4682,,,,,29508.25,,0,0,0,0,0,6,5,2,2,0,0
1789131900,29469.75,29483.75,29446.75,29452,3465,,,,,29508.25,,0,0,0,0,0,6,5,2,2,0,0
1789132200,29452.25,29457.5,29434.75,29443.5,2197,,,,,29508.25,,0,0,0,0,0,6,5,2,2,0,0
1789132500,29442.75,29448.25,29427,29430.25,1973,,,,,29508.25,,0,0,0,0,0,6,5,2,2,0,0
1789132800,29430.25,29440,29424,29430,1432,,,,,29508.25,,0,0,0,0,0,6,5,2,2,0,0
1789133100,29430.25,29452.25,29414.75,29418,4144,,,,,29508.25,,0,0,0,0,0,6,5,2,2,0,0
1789133400,29417.5,29426.25,29347.25,29419.25,19897,,,,,29508.25,,0,0,0,0,0,6,5,2,2,0,0
1789133700,29419.5,29431.75,29373.25,29400.75,14244,,,,,29508.25,,0,0,0,0,0,6,5,2,2,0,0
1789134000,29400.5,29440,29353.75,29433.75,14749,,,,,29508.25,,0,0,0,0,0,6,5,2,2,0,0
1789134300,29434,29472,29399,29434.5,12561,,,,,29508.25,,0,0,0,0,0,6,5,2,2,0,0
1789134600,29435.5,29445.5,29379.25,29426.5,9974,,,,,29508.25,,0,0,0,0,0,6,5,2,2,0,0
1789134900,29426.75,29480.75,29415.5,29472.75,7100,,,,,29508.25,,0,0,0,0,0,6,5,2,2,0,0
1789135200,29473,29473.25,29386.5,29392.5,11454,,,,,29508.25,,0,0,0,0,0,6,5,2,2,0,0
1789135500,29392,29408.5,29365,29393.75,8931,,,,,29508.25,,0,0,0,0,0,6,5,2,2,0,0
1789135800,29393,29424.25,29378.75,29397.75,10772,,,,,29508.25,,0,0,0,0,0,6,5,2,2,0,0
1789136100,29397,29441,29373.25,29438.75,6461,,,,,29508.25,,0,0,0,0,0,6,5,2,2,0,0
1789136400,29439.25,29461.75,29433,29444.25,5697,,,,,29508.25,,0,0,0,0,0,6,5,2,2,0,0
1789136700,29444,29467.5,29439,29451,4798,,,,,29508.25,,0,0,0,0,0,6,5,2,2,0,0
1789137000,29451.25,29455.25,29406.5,29413.5,7068,,,,,29508.25,,0,0,0,0,0,6,5,2,2,0,0
1789137300,29412.75,29412.75,29369.25,29384.75,6916,,,,,29508.25,,0,0,0,0,0,6,5,2,2,0,0
1789137600,29384.5,29410,29353.25,29372,6989,,,,,29508.25,,0,0,0,0,0,6,5,2,2,0,0
1789137900,29372.75,29400.75,29334,29398.75,11326,,,,,29508.25,,0,0,0,0,0,6,5,2,2,0,0
1789138200,29398.5,29401,29367,29369.75,5905,,,,,29508.25,,0,0,0,0,0,6,5,2,2,0,0
1789138500,29369.5,29377.5,29349.25,29369.75,5440,,,,,29508.25,,0,0,0,0,0,6,5,2,2,0,0
1789138800,29370.75,29404,29361,29403.75,4954,,,,,29508.25,,0,0,0,0,,6,5,2,2,0,0
1789139100,29403.75,29432.5,29400.5,29421.25,5157,,,,,29508.25,,0,0,0,0,,6,5,2,2,0,0
1789139400,29421,29425.75,29375.25,29393.5,4583,,,,,29508.25,,0,0,0,0,,6,5,2,2,0,0
1789139700,29393.75,29445.5,29393.75,29438.75,4671,,,,,29508.25,,0,0,0,0,,6,5,2,2,0,0
1789140000,29439.25,29463,29435.25,29460.75,4018,,,,,29508.25,,0,0,0,0,,6,5,2,2,0,0
1789140300,29461.5,29493.25,29457,29485,6376,,,,,29508.25,,0,0,0,0,,6,5,2,2,0,0
1789140600,29485.25,29499.75,29477,29485.25,4795,,,,,29508.25,,0,0,0,0,,6,5,2,2,0,0
1789140900,29485.25,29487.75,29462.75,29475.5,3988,,,,,29508.25,,0,0,0,0,,6,5,2,2,0,0
1789141200,29475.25,29484.25,29467,29478,2551,,,,,29508.25,,0,0,0,0,,6,5,2,2,0,0
1789141500,29478.25,29478.75,29461.75,29469.25,3219,,,,,29508.25,,0,0,0,0,,6,5,2,2,0,0
1789141800,29470.75,29476.25,29442.25,29448.25,3172,,,,,29508.25,,0,0,0,0,,6,5,2,2,0,0
1789142100,29448.5,29461.5,29441.25,29450,3178,,,,,29508.25,,0,0,0,0,,6,5,2,2,0,0
1789142400,29450.25,29482.25,29450.25,29481.75,3311,,,,,29508.25,,0,0,0,0,,6,5,2,2,0,0
1789142700,29482,29485.25,29460.5,29469.5,2291,,,,,29508.25,,0,0,0,0,,6,5,2,2,0,0
1789143000,29469.25,29473,29445,29448,2306,,,,,29508.25,,0,0,0,0,,6,5,2,2,0,0
1789143300,29447.75,29452.25,29433.75,29438.5,2674,,,,,29508.25,,0,0,0,0,,6,5,2,2,0,0
1789143600,29438.75,29442.75,29421.5,29426,2503,,,,,29508.25,,0,0,0,0,,6,5,2,2,0,0
1789143900,29426,29436,29397.75,29402.75,5646,,,,,29508.25,,0,0,0,0,,6,5,2,2,0,0
1789144200,29402,29441.5,29395.25,29427.25,5342,,,,,29508.25,,0,0,0,0,,6,5,2,2,0,0
1789144500,29427.75,29429,29396.25,29398.5,2620,,,,,29508.25,,0,0,0,0,,6,5,2,2,0,0
1789144800,29398.25,29434,29392,29432,3438,,,,,29508.25,,0,0,0,0,,6,5,2,2,0,0
1789145100,29431.25,29435.5,29413.25,29415.75,2064,,,,,29508.25,,0,0,0,0,,6,5,2,2,0,0
1789145400,29415.75,29429,29414,29429,1456,,,,,29508.25,,0,0,0,0,,6,5,2,2,0,0
1789145700,29429.25,29437.75,29426,29436.75,1753,,,,,29508.25,,0,0,0,0,,6,5,2,2,0,0
1789146000,29437,29449,29435.75,29440.25,2431,,,,,29508.25,,0,0,0,0,,6,5,2,2,0,0
1789146300,29440.25,29464.75,29440,29453,3234,,,,,29508.25,,0,0,0,0,,6,5,2,2,0,0
1789146600,29452.5,29459,29435.75,29437.5,2655,,,,,29508.25,,0,0,0,0,,6,5,2,2,0,0
1789146900,29438.25,29462.75,29438,29457,2050,,,,,29508.25,,0,0,0,0,,6,5,2,2,0,0
1789147200,29456.75,29475.25,29456.5,29474.25,2192,,,,,29508.25,,0,0,0,0,,6,5,2,2,0,0
1789147500,29473.75,29479,29462.5,29463.5,2290,,,,,29508.25,,0,0,0,0,,6,5,2,2,0,0
1789147800,29463.25,29478,29461,29463,2357,,,,,29508.25,,0,0,0,0,,6,5,2,2,0,0
1789148100,29463.5,29469.25,29457.5,29459.25,1402,,,,,29508.25,,0,0,0,0,,6,5,2,2,0,0
1789148400,29458.75,29470.5,29457.5,29462.25,1809,,,,,29508.25,,0,0,0,0,,6,5,2,2,0,0
1789148700,29462.5,29468.5,29455,29465,1361,,,,,29508.25,,0,0,0,0,,6,5,2,2,0,0
1789149000,29465.25,29467.75,29461.5,29463.25,1044,,,,,29508.25,,0,0,0,0,,6,5,2,2,0,0
1789149300,29463.5,29464.75,29447.75,29452.5,1424,,,,,29508.25,,0,0,0,0,,6,5,2,2,0,0
1789149600,29452.25,29460.5,29449,29453.75,1387,,,,,29508.25,,0,0,0,0,,6,5,2,2,0,0
1789149900,29453.25,29454.25,29443,29446.75,1438,,,,,29508.25,,0,0,0,0,,6,5,2,2,0,0
1789150200,29446.75,29447,29437.5,29441,1535,,,,,29508.25,,0,0,0,0,,6,5,2,2,0,0
1789150500,29441.5,29446.5,29434,29441.25,2061,,,,,29508.25,,0,0,0,0,,6,5,2,2,0,0
1789150800,29441.25,29442.5,29417,29431.75,4604,,,,,29508.25,,0,0,0,0,,6,5,2,2,0,0
1789151100,29431.25,29446.75,29426.75,29441.5,2641,,,,,29508.25,,0,0,0,0,,6,5,2,2,0,0
1789151400,29442,29456.75,29432,29455.25,2206,,,,,29508.25,,0,0,0,0,,6,5,2,2,0,0
1789151700,29455.25,29459,29443,29446.5,1480,,,,,29508.25,,0,0,0,0,,6,5,2,2,0,0
1789152000,29446.75,29450.75,29434.75,29437.75,1573,,,,,29508.25,,0,0,0,0,,6,5,2,2,0,0
1789152300,29438,29444.75,29430,29431.25,2470,,,,,29508.25,,0,0,0,0,,6,5,2,2,0,0
1789152600,29430.75,29435,29427,29428.5,1297,,,,,29508.25,,0,0,0,0,,6,5,2,2,0,0
1789152900,29427.75,29438.25,29425.75,29429.5,1998,,,,,29508.25,,0,0,0,0,,6,5,2,2,0,0
1789153200,29429.5,29433.25,29422,29426.5,1731,,,,,29508.25,,0,0,0,0,,6,5,2,2,0,0
1789153500,29426.5,29431.5,29411.5,29414,2431,,,,,29508.25,,0,0,0,0,,6,5,2,2,0,0
1789153800,29414.25,29418.75,29405.25,29416,2587,,,,,29508.25,,0,0,0,0,,6,5,2,2,0,0
1789154100,29415,29425.75,29411.5,29419.25,2382,,,,,29508.25,,0,0,0,0,,6,5,2,2,0,0
1789154400,29418.75,29424.5,29413.25,29423.5,1899,,,,,29508.25,,0,0,0,0,,6,5,2,2,0,0
1789154700,29423.25,29427.5,29412.25,29415,2050,,,,,29508.25,,0,0,0,0,,6,5,2,2,0,0
1789155000,29414.25,29419.5,29411.5,29419.25,2195,,,,,29508.25,,0,0,0,0,,6,5,2,2,0,0
1789155300,29419,29421,29412.5,29417.25,1456,,,,,29508.25,,0,0,0,0,,6,5,2,2,0,0
1789155600,29417.75,29427,29417,29424,2175,,,,,29508.25,,0,0,0,0,,6,5,2,2,0,0
1789155900,29423.75,29428.5,29412,29413.75,2881,,,,,29508.25,,0,0,0,0,,6,5,2,2,0,0
1789156200,29414.5,29417.75,29394.5,29409,7207,,,,,29508.25,,0,0,0,0,,6,5,2,2,0,0
1789156500,29408.75,29408.75,29378.75,29386.75,14183,,,,,29508.25,,0,0,0,0,,6,5,2,2,0,0
1789156800,29386.25,29391,29380.5,29385.25,4563,,,,,29508.25,,0,0,0,0,,6,5,2,2,0,0
1789157100,29385.5,29392.75,29384.25,29390.75,1164,,,,,29508.25,,0,0,0,0,,6,5,2,2,0,0
1789157400,29391,29393,29376.25,29381.25,1148,,,,,29508.25,,0,0,0,0,,6,5,2,2,0,0
1789157700,29381.5,29382.5,29376.5,29378,378,,,,,29508.25,,0,0,0,0,,6,5,2,2,0,0
1789158000,29378,29387.25,29378,29384.75,420,,,,,29508.25,,0,0,0,0,,6,5,2,2,0,0
1789158300,29385.25,29386.5,29380.25,29384.5,196,,,,,29508.25,,0,0,0,0,,6,5,2,2,0,0
1789158600,29384.75,29394,29384.25,29390.5,577,,,,,29508.25,,0,0,0,0,,6,5,2,2,0,0
1789158900,29390.75,29396.5,29389,29395.5,399,,,,,29508.25,,0,0,0,0,,6,5,2,2,0,0
1789159200,29395,29396.25,29386.25,29389.25,462,,,,,29508.25,,0,0,0,0,,6,5,2,2,0,0
1789159500,29389.25,29390.5,29383.25,29387.25,433,,,,,29508.25,,0,0,0,0,,6,5,2,2,0,0
1789159800,29387.75,29393.75,29387,29393.75,175,,,,,29508.25,,0,0,0,0,,6,5,2,2,0,0
1789160100,29392.75,29397.5,29389.5,29391.75,493,,,,,29508.25,,0,0,0,0,,6,5,2,2,0,0
1789336800,28997.75,29111,28990,29039.5,3385,,,,,29500.25,,0,0,0,0,,6,5,2,2,0,0
1789337100,29038,29052.75,28981,29003.25,1858,,,,,29500.25,,0,0,0,0,,6,5,2,2,0,0
1789337400,29002.5,29028,28993,29025.5,1040,,,,,29500.25,,0,0,0,0,,6,5,2,2,0,0
1789337700,29023.5,29042.25,29013,29041.75,749,,,,,29500.25,,0,0,0,0,,6,5,2,2,0,0
1789338000,29040.5,29046,29032.5,29042,1166,,,,,29500.25,,0,0,0,0,,6,5,2,2,0,0
1789338300,29043,29086,29043,29083.75,1274,,,,,29500.25,,0,0,0,0,,6,5,2,2,0,0
1789338600,29081,29103.5,29077.75,29097.75,1057,,,,,29500.25,,0,0,0,0,,6,5,2,2,0,0
1789338900,29098,29104,29089.25,29099.5,595,,,,,29500.25,,0,0,0,0,,6,5,2,2,0,0
1789339200,29098.75,29100.75,29073,29075.5,648,,,,,29500.25,,0,0,0,0,,6,5,2,2,0,0
1789339500,29075.75,29086.25,29065.75,29075.25,479,,,,,29500.25,,0,0,0,0,,6,5,2,2,0,0
1789339800,29074.25,29084.25,29074.25,29080.5,230,,,,,29500.25,,0,0,0,0,,6,5,2,2,0,0
1789340100,29079,29084.75,29065.5,29068.5,445,,,,,29500.25,,0,0,0,0,,6,5,2,2,0,0
1789340400,29069,29076,29055.5,29061.75,529,,,,,29500.25,,0,0,0,0,,6,5,2,2,0,0
1789340700,29061.75,29065.25,29055.75,29063,197,,,,,29500.25,,0,0,0,0,,6,5,2,2,0,0
1789341000,29062.75,29067.75,29060.5,29063,164,,,,,29500.25,,0,0,0,0,,6,5,2,2,0,0
1789341300,29062.75,29064.5,29061,29061,83,,,,,29500.25,,0,0,0,0,,6,5,2,2,0,0
1789341600,29061.25,29093.75,29060.75,29093.25,407,,,,,29500.25,,0,0,0,0,,6,5,2,2,0,0
1789341900,29092.25,29099.5,29080.75,29096.75,401,,,,,29500.25,,0,0,0,0,,6,5,2,2,0,0
1789342200,29096,29101.5,29091,29092,282,,,,,29500.25,,0,0,0,0,,6,5,2,2,0,0
1789342500,29091.25,29091.25,29040.5,29046.75,923,,,,,29500.25,,0,0,0,0,,6,5,2,2,0,0
1789342800,29046.5,29055,29031,29038.75,348,,,,,29500.25,,0,0,0,0,,6,5,2,2,0,0
1789343100,29038.5,29038.5,29017.5,29022.75,489,,,,,29500.25,,0,0,0,0,,6,5,2,2,0,0
1789343400,29022,29037.25,29010,29021.75,652,,,,,29500.25,,0,0,0,0,,6,5,2,2,0,0
1789343700,29022.25,29025.25,29011,29017.5,346,,,,,29500.25,,0,0,0,0,,6,5,2,2,0,0
1789344000,29016.25,29053.25,29016.25,29047.25,1155,,,,,29500.25,,0,0,0,0,,6,5,2,2,0,0
1789344300,29046.25,29075.25,29045.25,29070.25,588,,,,,29500.25,,0,0,0,0,,6,5,2,2,0,0
1789344600,29069.5,29069.5,29047.5,29056.25,802,,,,,29500.25,,0,0,0,0,,6,5,2,2,0,0
1789344900,29056.75,29064.5,29041.25,29047.25,675,,,,,29500.25,,0,0,0,0,,6,5,2,2,0,0
1789345200,29047.5,29047.5,29020.5,29034,1189,,,,,29500.25,,0,0,0,0,,6,5,2,2,0,0
1789345500,29035,29035.5,29005,29015,1004,,,,,29500.25,,0,0,0,0,,6,5,2,2,0,0
1789345800,29013.5,29030.75,29012,29023.75,403,,,,,29500.25,,0,0,0,0,,6,5,2,2,0,0
1789346100,29023.75,29032,29011.75,29017.75,298,,,,,29500.25,,0,0,0,0,,6,5,2,2,0,0
1789346400,29015.5,29037,29008.75,29036.25,482,,,,,29500.25,,0,0,0,0,,6,5,2,2,0,0
1789346700,29036.5,29044.5,29025.5,29034.25,399,,,,,29500.25,,0,0,0,0,,6,5,2,2,0,0
1789347000,29035,29040,29021.25,29038.75,449,,,,,29500.25,,0,0,0,0,,6,5,2,2,0,0
1789347300,29038.75,29046.5,29013.75,29014.5,532,,,,,29500.25,,0,0,0,0,,6,5,2,2,0,0
1789347600,29015,29032.25,29000.25,29019.5,861,,,,,29500.25,,0,0,0,0,,6,5,2,2,0,0
1789347900,29018.5,29032,29014.5,29028,336,,,,,29500.25,,0,0,0,0,,6,5,2,2,0,0
1789348200,29029.5,29038.75,29008,29012,403,,,,,29500.25,,0,0,0,0,,6,5,2,2,0,0
1789348500,29011,29016.5,29005.25,29007,199,,,,,29500.25,,0,0,0,0,,6,5,2,2,0,0
1789348800,29007,29012.75,28999.25,29007.25,523,,,,,29500.25,,0,0,0,0,,6,5,2,2,0,0
1789349100,29006.5,29021,29000.75,29017.75,371,,,,,29500.25,,0,0,0,0,,6,5,2,2,0,0
1789349400,29018,29020.5,29003.25,29004.75,343,,,,,29500.25,,0,0,0,0,,6,5,2,2,0,0
1789349700,29004.75,29032,29004.75,29031.5,453,,,,,29500.25,,0,0,0,0,,6,5,2,2,0,0
1789350000,29031.5,29037.75,29019.25,29025.75,424,,,,,29500.25,,0,0,0,0,,6,5,2,2,0,0
1789350300,29027,29045.25,29027,29041,408,,,,,29500.25,,0,0,0,0,,6,5,2,2,0,0
1789350600,29042,29049.5,29035.25,29046.75,378,,,,,29500.25,,0,0,0,0,,6,5,2,2,0,0
1789350900,29046.25,29074.75,29045.75,29068.25,789,,,,,29500.25,,0,0,0,0,,6,5,2,2,0,0
1789351200,29068,29077.5,29054,29058.25,683,,,,,29500.25,,0,0,0,0,,6,5,2,2,0,0
1789351500,29058,29080.75,29057,29070.75,476,,,,,29500.25,,0,0,0,0,,6,5,2,2,0,0
1789351800,29068.75,29079.25,29065.5,29071.5,246,,,,,29500.25,,0,0,0,0,,6,5,2,2,0,0
1789352100,29070.75,29073,29059.5,29072,325,,,,,29500.25,,0,0,0,0,,6,5,2,2,0,0
1789352400,29069.25,29075,29065,29066.5,125,,,,,29500.25,,0,0,0,0,,6,5,2,2,0,0
1789352700,29069.5,29071,29062.5,29066,140,,,,,29500.25,,0,0,0,0,,6,5,2,2,0,0
1789353000,29062.75,29074.5,29062.5,29067,192,,,,,29500.25,,0,0,0,0,,6,5,2,2,0,0
1789353300,29066.25,29067.75,29054.5,29056,448,,,,,29500.25,,0,0,0,0,,6,5,2,2,0,0
1789353600,29058,29062.5,29040.75,29050,521,,,,,29500.25,,0,0,0,0,,6,5,2,2,0,0
1789353900,29047.25,29065.5,29047,29061.25,258,,,,,29500.25,,0,0,0,0,,6,5,2,2,0,0
1789354200,29060.25,29070,29060.25,29065.75,213,,,,,29500.25,,0,0,0,0,,6,5,2,2,0,0
1789354500,29065,29065.25,29050.75,29053.5,278,,,,,29500.25,,0,0,0,0,,6,5,2,2,0,0
1789354800,29052.75,29057.25,29046,29051.75,300,,,,,29500.25,,0,0,0,0,,6,5,2,2,0,0
1789355100,29050,29059.25,29050,29052.5,387,,,,,29500.25,,0,0,0,0,,6,5,2,2,0,0
1789355400,29052.5,29052.5,29028,29031,668,,,,,29500.25,,0,0,0,0,,6,5,2,2,0,0
1789355700,29029.75,29038,29008.25,29014.75,852,,,,,29500.25,,0,0,0,0,,6,5,2,2,0,0
1789356000,29015.75,29026,29015,29020.5,385,,,,,29500.25,,0,0,0,0,,6,5,2,2,0,0
1789356300,29022,29029.75,29016,29026.5,299,,,,,29500.25,,0,0,0,0,,6,5,2,2,0,0
1789356600,29026.5,29027,29010,29020.25,325,,,,,29500.25,,0,0,0,0,,6,5,2,2,0,0
1789356900,29022,29023.75,29013,29019.75,186,,,,,29500.25,,0,0,0,0,,6,5,2,2,0,0
1789357200,29020.25,29021.5,29011.5,29015.5,194,,,,,29500.25,,0,0,0,0,,6,5,2,2,0,0
1789357500,29016,29022.5,29009.75,29015.5,249,,,,,29500.25,,0,0,0,0,,6,5,2,2,0,0
1789357800,29015,29025.5,29011,29020,210,,,,,29500.25,,0,0,0,0,,6,5,2,2,0,0
1789358100,29019.75,29020.5,29014.25,29016.5,70,,,,,29500.25,,0,0,0,0,,6,5,2,2,0,0
1789358400,29016.75,29030,29015.75,29029.25,347,29080.75,28999.25,,,29500.25,,0,0,0,0,,6,5,2,2,0,0
1789358700,29030,29036.25,29023,29026.5,276,29080.75,28999.25,,,29500.25,,0,0,0,0,,6,5,2,2,0,0
1789359000,29024.25,29024.25,29010,29011.5,340,29080.75,28999.25,,,29500.25,,0,0,0,0,,6,5,2,2,0,0
1789359300,29010.75,29014.75,29002.25,29013.25,407,29080.75,28999.25,,,29500.25,,0,0,0,0,,6,5,2,2,0,0
1789359600,29013.25,29019,29009.75,29019,180,29080.75,28999.25,,,29500.25,,0,0,0,0,,6,5,2,2,0,0
1789359900,29019.25,29022.75,29016.75,29018,155,29080.75,28999.25,,,29500.25,,0,0,0,0,,6,5,2,2,0,0
1789360200,29018,29018.75,29001.5,29008.25,338,29080.75,28999.25,,,29500.25,,0,0,0,0,,6,5,2,2,0,0
1789360500,29010.5,29023.75,29003.5,29022.25,251,29080.75,28999.25,,,29500.25,,0,0,0,0,,6,5,2,2,0,0
1789360800,29021.5,29023.75,29006,29008.5,243,29080.75,28999.25,,,29500.25,,0,0,0,0,,6,5,2,2,0,0
1789361100,29009.75,29027,29009.75,29024.25,222,29080.75,28999.25,,,29500.25,,0,0,0,0,,6,5,2,2,0,0
1789361400,29024,29033.75,29013.25,29014.25,332,29080.75,28999.25,,,29500.25,,0,0,0,0,,6,5,2,2,0,0
1789361700,29016.25,29023.75,29011.5,29015,185,29080.75,28999.25,,,29500.25,,0,0,0,0,,6,5,2,2,0,0
1789362000,29015,29022.5,29009.75,29020,146,29080.75,28999.25,,,29500.25,,0,0,0,0,,6,5,2,2,0,0
1789362300,29021,29025,29018,29018,114,29080.75,28999.25,,,29500.25,,0,0,0,0,,6,5,2,2,0,0
1789362600,29018,29020.75,29008.5,29016.5,163,29080.75,28999.25,,,29500.25,,0,0,0,0,,6,5,2,2,0,0
1789362900,29018.25,29019.5,29005.25,29007.5,152,29080.75,28999.25,,,29500.25,,0,0,0,0,,6,5,2,2,0,0
1789363200,29008.5,29010,29000,29002,192,29080.75,28999.25,,,29500.25,,0,0,0,0,,6,5,2,2,0,0
1789363500,29002,29016,29000.75,29010.5,164,29080.75,28999.25,,,29500.25,,0,0,0,0,,6,5,2,2,0,0
1789363800,29011.5,29015,29002.75,29009,179,29080.75,28999.25,,,29500.25,,0,0,0,0,,6,5,2,2,0,0
1789364100,29009.25,29019.5,29002.75,29012.75,281,29080.75,28999.25,,,29500.25,,0,0,0,0,,6,5,2,2,0,0
1789364400,29010.5,29013.5,28986.5,28996.5,643,29080.75,,,,29500.25,,0,0,0,0,,6,5,2,2,0,0
1789364700,28997.75,29003,28991.5,28993.75,292,29080.75,,,,29500.25,,0,0,0,0,,6,5,2,2,0,0
1789365000,28994.5,29007.75,28989,29007.5,215,29080.75,,,,29500.25,,0,0,0,0,,6,5,2,2,0,0
1789365300,29008,29016,28998.5,29013.25,252,29080.75,,,,29500.25,,0,0,0,0,,6,5,2,2,0,0
1789365600,29014.5,29030,29009,29026.75,654,29080.75,,,,29500.25,,0,0,0,0,,6,5,2,2,0,0
1789365900,29028,29031,29019.5,29027.25,276,29080.75,,,,29500.25,,0,0,0,0,,6,5,2,2,0,0
1789366200,29025.75,29037.5,29022.5,29028.75,216,29080.75,,,,29500.25,,0,0,0,0,,6,5,2,2,0,0
1789366500,29027.5,29030.75,29022,29027.75,161,29080.75,,,,29500.25,,0,0,0,0,,6,5,2,2,0,0
1789366800,29026,29032.5,29013.5,29027.5,412,29080.75,,,,29500.25,,0,0,0,0,,6,5,2,2,0,0
1789367100,29027.5,29035,29026.75,29032,275,29080.75,,,,29500.25,,0,0,0,0,,6,5,2,2,0,0
1789367400,29031,29033.75,29005.25,29009.75,419,29080.75,,,,29500.25,,0,0,0,0,,6,5,2,2,0,0
1789367700,29008,29014.25,29002.5,29010.25,260,29080.75,,,,29500.25,,0,0,0,0,,6,5,2,2,0,0
1789368000,29011.5,29016.75,28997.75,29009.25,356,29080.75,,,,29500.25,,0,0,0,0,,6,5,2,2,0,0
1789368300,29011.5,29017,28997.75,28997.75,219,29080.75,,,,29500.25,,0,0,0,0,,6,5,2,2,0,0
1789368600,28997.25,29006,28993.5,29000.5,301,29080.75,,,,29500.25,,0,0,0,0,,6,5,2,2,0,0
1789368900,29002.25,29002.25,28973.5,28976.5,763,29080.75,,,,29500.25,,0,0,0,0,,6,5,2,2,0,0
1789369200,28977.5,28982.5,28937.5,28957.5,1373,29080.75,,,,29500.25,,0,0,0,0,,6,5,2,2,0,0
1789369500,28957.5,28966.5,28947.25,28952.25,444,29080.75,,,,29500.25,,0,0,0,0,,6,5,2,2,0,0
1789369800,28952.25,28976,28943.5,28974,448,29080.75,,,,29500.25,,0,0,0,0,,6,5,2,2,0,0
1789370100,28973.75,28979.5,28965.25,28970.75,332,29080.75,,,,29500.25,,0,0,0,0,,6,5,2,2,0,0
1789370400,28970,28991.5,28958.75,28978.5,394,29080.75,,,,29500.25,,0,0,0,0,,6,5,2,2,0,0
1789370700,28979,28982.25,28948.5,28951,383,29080.75,,,,29500.25,,0,0,0,0,,6,5,2,2,0,0
1789371000,28950,28958.5,28946.5,28955.5,229,29080.75,,,,29500.25,,0,0,0,0,,6,5,2,2,0,0
1789371300,28958,28959.5,28949,28952,252,29080.75,,,,29500.25,,0,0,0,0,,6,5,2,2,0,0
1789371600,28951.25,28959,28925,28930.75,557,29080.75,,,,29500.25,,0,0,0,0,,6,5,2,2,0,0
1789371900,28929.75,28940.5,28914.25,28937.5,688,29080.75,,,,29500.25,,0,0,0,0,,6,5,2,2,0,0
1789372200,28936.75,28938,28905,28913,586,29080.75,,,,29500.25,,0,0,0,0,,6,5,2,2,0,0
1789372500,28913,28922.75,28909.5,28917.25,365,29080.75,,,,29500.25,,0,0,0,0,,6,5,2,2,0,0
1789372800,28920,28934.5,28906.25,28918,795,29080.75,,,,29500.25,,0,0,0,0,,6,5,2,2,0,0
1789373100,28918,28949,28911,28939.75,743,29080.75,,,,29500.25,,0,0,0,0,,6,5,2,2,0,0
1789373400,28940,28940.25,28919,28933.25,294,29080.75,,,,29500.25,,0,0,0,0,,6,5,2,2,0,0
1789373700,28934.75,28934.75,28902.25,28908.25,403,29080.75,,,,29500.25,,0,0,0,0,,6,5,2,2,0,0
1789374000,28908.75,28922.75,28901,28904.25,387,29080.75,,,,29500.25,,0,0,0,0,,6,5,2,2,0,0
1789374300,28902.75,28908.75,28874.75,28876.5,785,29080.75,,,,29500.25,,0,0,0,0,,6,5,2,2,0,0
1789374600,28874.75,28895,28872.5,28888.75,550,29080.75,,,,29500.25,,0,0,0,0,,6,5,2,2,0,0
1789374900,28889.5,28912.25,28888.5,28910,471,29080.75,,,,29500.25,,0,0,0,0,,6,5,2,2,0,0
1789375200,28911.5,28916.5,28892.75,28895.5,474,29080.75,,,,29500.25,,0,0,0,0,,6,5,2,2,0,0
1789375500,28895.25,28902.75,28856,28868,967,29080.75,,,,29500.25,,0,0,0,0,,6,5,2,2,0,0
1789375800,28867.5,28883.25,28858,28862.25,482,29080.75,,,,29500.25,,0,0,0,0,,6,5,2,2,0,0
1789376100,28862.5,28877.75,28850,28877.25,583,29080.75,,,,29500.25,,0,0,0,0,,6,5,2,2,0,0
1789376400,28877.5,28888.5,28872,28881.75,488,29080.75,,29037.5,28850,29500.25,,0,0,0,0,,6,5,2,2,0,0
1789376700,28883.25,28891.5,28879.5,28882.75,264,29080.75,,29037.5,28850,29500.25,,0,0,0,0,,6,5,2,2,0,0
1789377000,28882.5,28886.5,28836,28847.5,855,29080.75,,29037.5,,29500.25,,0,0,0,0,,6,5,2,2,0,0
1789377300,28848.25,28852.25,28833.5,28847.25,817,29080.75,,29037.5,,29500.25,,0,0,0,0,,6,5,2,2,0,0
1789377600,28847.25,28853.75,28816.75,28821.25,877,29080.75,,29037.5,,29500.25,,0,0,0,0,,6,5,2,2,0,0
1789377900,28822.25,28860.5,28816.25,28852,552,29080.75,,29037.5,,29500.25,,0,0,0,0,,6,5,2,2,0,0
1789378200,28851.5,28869.25,28846.75,28860.75,834,29080.75,,29037.5,,29500.25,,0,0,0,0,,6,5,2,2,0,0
1789378500,28860.25,28864.75,28844,28849.25,306,29080.75,,29037.5,,29500.25,,0,0,0,0,,6,5,2,2,0,0
1789378800,28849.25,28870,28846.5,28849.75,511,29080.75,,29037.5,,29500.25,,0,0,0,0,,6,5,2,2,0,0
1789379100,28850,28858.25,28845,28846.5,287,29080.75,,29037.5,,29500.25,,0,0,0,0,,6,5,2,2,0,0
1789379400,28845.25,28862.75,28839,28856.5,240,29080.75,,29037.5,,29500.25,,0,0,0,0,,6,5,2,2,0,0
1789379700,28859,28860.5,28847.25,28855.75,203,29080.75,,29037.5,,29500.25,,0,0,0,0,,6,5,2,2,0,0
1789380000,28856,28864,28855,28858.25,271,29080.75,,29037.5,,29500.25,,0,0,0,0,,6,5,2,2,0,0
1789380300,28858.75,28867.5,28855.25,28860.75,223,29080.75,,29037.5,,29500.25,,0,0,0,0,,6,5,2,2,0,0
1789380600,28860.75,28883,28860.5,28875,365,29080.75,,29037.5,,29500.25,,0,0,0,0,,6,5,2,2,0,0
1789380900,28874.75,28876,28861.5,28868.75,378,29080.75,,29037.5,,29500.25,,0,0,0,0,,6,5,2,2,0,0
1789381200,28869.5,28900,28867.75,28891.5,440,29080.75,,29037.5,,29500.25,,0,0,0,0,,6,5,2,2,0,0
1789381500,28891.75,28910,28891.25,28907.75,353,29080.75,,29037.5,,29500.25,,0,0,0,0,,6,5,2,2,0,0
1789381800,28908.5,28918.25,28902.5,28915.25,447,29080.75,,29037.5,,29500.25,,0,0,0,0,,6,5,2,2,0,0
1789382100,28915.5,28927,28915.5,28918.75,350,29080.75,,29037.5,,29500.25,,0,0,0,0,,6,5,2,2,0,0
1789382400,28919.5,28940.5,28916.25,28934,429,29080.75,,29037.5,,29500.25,,0,0,0,0,,6,5,2,2,0,0
1789382700,28934,28941,28925.75,28936.5,343,29080.75,,29037.5,,29500.25,,0,0,0,0,,6,5,2,2,0,0
1789383000,28936.5,28937.5,28916.75,28919.25,285,29080.75,,29037.5,,29500.25,,0,0,0,0,,6,5,2,2,0,0
1789383300,28918,28934.5,28918,28926,223,29080.75,,29037.5,,29500.25,,0,0,0,0,,6,5,2,2,0,0
1789383600,28926.75,28942.75,28913.5,28941.75,523,29080.75,,29037.5,,29500.25,,0,0,0,0,,6,5,2,2,0,0
1789383900,28940.25,28945.75,28934.5,28941.25,342,29080.75,,29037.5,,29500.25,,0,0,0,0,,6,5,2,2,0,0
1789384200,28939,28947.75,28925.25,28937.25,325,29080.75,,29037.5,,29500.25,,0,0,0,0,,6,5,2,2,0,0
1789384500,28936.25,28952,28935.75,28944,380,29080.75,,29037.5,,29500.25,,0,0,0,0,,6,5,2,2,0,0
1789384800,28944.25,28957,28940.5,28955.5,415,29080.75,,29037.5,,29500.25,,0,0,0,0,,6,5,2,2,0,0
1789385100,28955.5,28977.5,28953,28972,695,29080.75,,29037.5,,29500.25,,0,0,0,0,,6,5,2,2,0,0
1789385400,28972.75,28972.75,28951.25,28955.75,415,29080.75,,29037.5,,29500.25,,0,0,0,0,,6,5,2,2,0,0
1789385700,28955,28955.25,28931,28949.25,588,29080.75,,29037.5,,29500.25,,0,0,0,0,,6,5,2,2,0,0
1789386000,28948.25,28958,28939,28948,394,29080.75,,29037.5,,29500.25,,0,0,0,0,,6,5,2,2,0,0
1789386300,28948.75,28960.75,28943,28957,385,29080.75,,29037.5,,29500.25,,0,0,0,0,,6,5,2,2,0,0
1789386600,28957,28957,28921,28929.5,512,29080.75,,29037.5,,29500.25,,0,0,0,0,,6,5,2,2,0,0
1789386900,28931,28939.5,28925,28928.75,304,29080.75,,29037.5,,29500.25,,0,0,0,0,,6,5,2,2,0,0
1789387200,28928.5,28928.5,28893.5,28900,1214,29080.75,,29037.5,,29500.25,,0,0,0,0,,6,5,2,2,0,0
1789387500,28900,28912.25,28891.25,28907.25,716,29080.75,,29037.5,,29500.25,,0,0,0,0,,6,5,2,2,0,0
1789387800,28907,28923.25,28900.75,28912,651,29080.75,,29037.5,,29500.25,,0,0,0,0,,6,5,2,2,0,0
1789388100,28911.75,28945.5,28910,28922.75,1354,29080.75,,29037.5,,29500.25,,0,0,0,0,,6,5,2,2,0,0
1789388400,28925.75,28931,28914.25,28920.75,506,29080.75,,29037.5,,29500.25,,0,0,0,0,,6,5,2,2,0,0
1789388700,28920.75,28922,28906.75,28918,587,29080.75,,29037.5,,29500.25,,0,0,0,0,,6,5,2,2,0,0
1789389000,28917.75,28931,28902.75,28909.5,904,29080.75,,29037.5,,29500.25,,0,0,0,0,0,6,5,2,2,0,0
1789389300,28907.75,28908.5,28851,28871.75,2661,29080.75,,29037.5,,29500.25,,0,0,0,0,0,6,5,2,2,0,0
1789389600,28871.25,28903,28845,28900.75,1737,29080.75,,29037.5,,29500.25,,0,0,0,0,0,6,5,2,2,0,0
1789389900,28900.25,28905,28874.25,28887.5,1006,29080.75,,29037.5,,29500.25,,0,0,0,0,0,6,5,2,2,0,0
1789390200,28886.25,28891.75,28861,28861.75,1087,29080.75,,29037.5,,29500.25,,0,0,0,0,0,6,5,2,2,0,0
1789390500,28862.75,28884,28857.25,28879.25,693,29080.75,,29037.5,,29500.25,,0,0,0,0,0,6,5,2,2,0,0
1789390800,28880,28881.25,28836,28842.25,2010,29080.75,,29037.5,,29500.25,,0,0,0,0,0,6,5,2,2,0,0
1789391100,28842.25,28849,28829,28837.25,1458,29080.75,,29037.5,,29500.25,,0,0,0,0,0,6,5,2,2,0,0
1789391400,28839,28879.25,28835,28876.5,1277,29080.75,,29037.5,,29500.25,,0,0,0,0,0,6,5,2,2,0,0
1789391700,28878,28904.75,28877.5,28900.25,1413,29080.75,,29037.5,,29500.25,,0,0,0,0,0,6,5,2,2,0,0
1789392000,28900.25,28913,28896.5,28905.25,878,29080.75,,29037.5,,29500.25,,0,0,0,0,0,6,5,2,2,0,0
1789392300,28905,28924.25,28895.75,28905.25,2510,29080.75,,29037.5,,29500.25,,0,0,0,0,0,6,5,2,2,0,0
1789392600,28906.5,28932.75,28880.5,28905,8179,29080.75,,29037.5,,29500.25,,0,0,0,0,0,6,5,2,2,0,0
1789392900,28904.75,28919.25,28878.75,28889,6020,29080.75,,29037.5,,29500.25,,0,0,0,0,0,6,5,2,2,0,0
1789393200,28888.25,28953.5,28883.75,28951.5,5980,29080.75,,29037.5,,29500.25,,0,0,0,0,0,6,5,2,2,0,0
1789393500,28952,29045.75,28951,29032,7193,29080.75,,,,29500.25,,1,0,0,0,0,7,6,3,2,0,0
1789393800,29032.75,29040.75,28997.75,29005.75,5158,29080.75,,,,29500.25,,0,0,0,0,0,7,6,3,2,0,0
1789394100,29005.75,29018,28990.25,29003.25,4222,29080.75,,,,29500.25,,0,0,0,0,0,7,6,3,2,0,0
1789394400,29003.5,29038.75,29001,29024.5,3508,29080.75,,,,29500.25,,0,0,0,0,0,7,6,3,2,0,0
1789394700,29023.75,29075.5,29018.5,29065.25,4188,29080.75,,,,29500.25,,0,0,0,0,0,7,6,3,2,0,0
1789395000,29065.25,29089,29064.75,29073.25,4174,,,,,29500.25,,0,0,0,0,0,8,6,3,2,0,0
1789395300,29073.75,29081,29030.5,29044.25,3219,,,,,29500.25,,0,0,0,0,0,8,6,3,2,0,0
1789395600,29043.5,29047.25,29005.75,29005.75,3493,,,,,29500.25,,0,0,0,0,0,8,6,3,2,0,0
1789395900,29005.5,29012,28976,29007,4415,,,,,29500.25,,0,0,0,0,0,8,6,3,2,0,0
1789396200,29006.25,29020.25,28988.75,29018.25,3019,,,,,29500.25,,0,0,0,0,0,8,6,3,2,0,0
1789396500,29017,29017.75,28959.5,28970.5,4208,,,,,29500.25,,0,0,0,0,0,8,6,3,2,0,0
1789396800,28969.75,28992,28955.75,28991.5,3586,,,,,29500.25,,0,0,0,0,0,8,6,3,2,0,0
1789397100,28991.25,29020.5,28987.75,29007.25,3454,,,,,29500.25,,0,0,0,0,0,8,6,3,2,0,0
1789397400,29007,29007.75,28973.25,28981.75,2877,,,,,29500.25,,0,0,0,0,0,8,6,3,2,0,0
1789397700,28981.75,29012.25,28970,29012,3022,,,,,29500.25,,0,0,0,0,0,8,6,3,2,0,0
1789398000,29011.25,29017.75,28986.75,28988.75,2287,,,,,29500.25,,0,0,0,0,,8,6,3,2,0,0
1789398300,28987.75,29080.5,28986.25,29038.75,5487,,,,,29500.25,,0,0,0,0,,8,6,3,2,0,0
1789398600,29039.75,29046.25,29022,29023.25,1751,,,,,29500.25,,0,0,0,0,,8,6,3,2,0,0
1789398900,29022.25,29063,29018,29057.5,1969,,,,,29500.25,,0,0,0,0,,8,6,3,2,0,0
1789399200,29057.5,29075.5,29045.75,29071.75,2139,,,,,29500.25,,0,0,0,0,,8,6,3,2,0,0
1789399500,29071.25,29090,29062.5,29078,3142,,,,,29500.25,,0,0,0,0,,8,6,3,2,0,0
1789399800,29077,29164.5,29072,29159.25,7645,,,,,29500.25,,0,0,0,0,,8,6,3,2,0,0
1789400100,29159.25,29179.25,29142,29174.25,5295,,,,,29500.25,,0,0,0,0,,8,6,3,2,0,0
1789400400,29174.5,29208.5,29165.5,29200.75,5383,,,,,29500.25,,0,0,0,0,,8,6,3,2,0,0
1789400700,29201,29202.5,29171.75,29173.75,3610,,,,,29500.25,,0,0,0,0,,8,6,3,2,0,0
1789401000,29173.25,29187.25,29163.75,29183,2283,,,,,29500.25,,0,0,0,0,,8,6,3,2,0,0
1789401300,29183,29188.5,29169.75,29175,1187,,,,,29500.25,,0,0,0,0,,8,6,3,2,0,0
1789401600,29173.5,29179,29143.25,29143.25,2006,,,,,29500.25,,0,0,0,0,,8,6,3,2,0,0
1789401900,29143,29156.5,29134.25,29142.25,2148,,,,,29500.25,,0,0,0,0,,8,6,3,2,0,0
1789402200,29141.75,29166.5,29140,29161.5,1979,,,,,29500.25,,0,0,0,0,,8,6,3,2,0,0
1789402500,29162.5,29226,29162.5,29216.75,3447,,,,,29500.25,,0,0,0,0,,8,6,3,2,0,0
1789402800,29217,29229.75,29201.25,29218.25,2005,,,,,29500.25,,0,0,0,0,,8,6,3,2,0,0
1789403100,29219.25,29221.25,29188.25,29192.5,1922,,,,,29500.25,,0,0,0,0,,8,6,3,2,0,0
1789403400,29193,29208,29187.75,29192,1588,,,,,29500.25,,0,0,0,0,,8,6,3,2,0,0
1789403700,29191.75,29204.75,29184,29201.25,1284,,,,,29500.25,,0,0,0,0,,8,6,3,2,0,0
1789404000,29202,29220.25,29196,29220.25,1282,,,,,29500.25,,0,0,0,0,,8,6,3,2,0,0
1789404300,29219.25,29277.25,29205.25,29262.5,4601,,,,,29500.25,,0,0,0,0,,8,6,3,2,0,0
1789404600,29263,29274.5,29252,29255,1956,,,,,29500.25,,0,0,0,0,,8,6,3,2,0,0
1789404900,29254.75,29262,29239,29259.25,1820,,,,,29500.25,,0,0,0,0,,8,6,3,2,0,0
1789405200,29259,29265.75,29242.5,29250.25,1427,,,,,29500.25,,0,0,0,0,,8,6,3,2,0,0
1789405500,29250.5,29256.75,29239.5,29251,992,,,,,29500.25,,0,0,0,0,,8,6,3,2,0,0
1789405800,29251.25,29275.5,29249,29254.5,1633,,,,,29500.25,,0,0,0,0,,8,6,3,2,0,0
1789406100,29255.25,29261.75,29233,29246.75,1286,,,,,29500.25,,0,0,0,0,,8,6,3,2,0,0
1789406400,29248.5,29266.5,29245.25,29262.75,1145,,,,,29500.25,,0,0,0,0,,8,6,3,2,0,0
1789406700,29263.25,29279,29255.75,29279,1142,,,,,29500.25,,0,0,0,0,,8,6,3,2,0,0
1789407000,29279,29285,29268.25,29276.5,1706,,,,,29500.25,,0,0,0,0,,8,6,3,2,0,0
1789407300,29276.75,29283.75,29267.75,29283.5,1056,,,,,29500.25,,0,0,0,0,,8,6,3,2,0,0
1789407600,29283,29285,29273.75,29280,1007,,,,,29500.25,,0,0,0,0,,8,6,3,2,0,0
1789407900,29279.5,29292.75,29279.5,29289.5,1344,,,,,29500.25,,0,0,0,0,,8,6,3,2,0,0
1789408200,29289,29298.75,29285.75,29294,1854,,,,,29500.25,,0,0,0,0,,8,6,3,2,0,0
1789408500,29293.75,29303,29280,29280.75,1812,,,,,29500.25,,0,0,0,0,,8,6,3,2,0,0
1789408800,29281.75,29301.25,29271.25,29274.75,2227,,,,,29500.25,,0,0,0,0,,8,6,3,2,0,0
1789409100,29275.25,29288.25,29267.25,29285.5,1684,,,,,29500.25,,0,0,0,0,,8,6,3,2,0,0
1789409400,29285,29285.5,29272.5,29282.75,1015,,,,,29500.25,,0,0,0,0,,8,6,3,2,0,0
1789409700,29283,29290,29271.75,29274.75,1283,,,,,29500.25,,0,0,0,0,,8,6,3,2,0,0
1789410000,29274.5,29277.25,29260.5,29261.25,1257,,,,,29500.25,,0,0,0,0,,8,6,3,2,0,0
1789410300,29260.75,29266.5,29255.5,29262,1047,,,,,29500.25,,0,0,0,0,,8,6,3,2,0,0
1789410600,29261.5,29275.25,29257.75,29269.5,1302,,,,,29500.25,,0,0,0,0,,8,6,3,2,0,0
1789410900,29269.5,29282.25,29265.5,29274.5,906,,,,,29500.25,,0,0,0,0,,8,6,3,2,0,0
1789411200,29274,29281.75,29269.5,29270.25,1024,,,,,29500.25,,0,0,0,0,,8,6,3,2,0,0
1789411500,29270.5,29273.5,29257,29271.75,1360,,,,,29500.25,,0,0,0,0,,8,6,3,2,0,0
1789411800,29271,29274.25,29263.25,29264.75,610,,,,,29500.25,,0,0,0,0,,8,6,3,2,0,0
1789412100,29264,29268,29253.25,29258,864,,,,,29500.25,,0,0,0,0,,8,6,3,2,0,0
1789412400,29257.5,29259.25,29241.25,29249.25,1982,,,,,29500.25,,0,0,0,0,,8,6,3,2,0,0
1789412700,29247.25,29249.75,29228.25,29235.25,1747,,,,,29500.25,,0,0,0,0,,8,6,3,2,0,0
1789413000,29237,29241.25,29227.25,29233.5,897,,,,,29500.25,,0,0,0,0,,8,6,3,2,0,0
1789413300,29233,29233.25,29221.5,29229.5,1106,,,,,29500.25,,0,0,0,0,,8,6,3,2,0,0
1789413600,29229.5,29232,29217,29225.75,1294,,,,,29500.25,,0,0,0,0,,8,6,3,2,0,0
1789413900,29225,29230.75,29222,29224.25,733,,,,,29500.25,,0,0,0,0,,8,6,3,2,0,0
1789414200,29224.25,29230.75,29221.75,29224,862,,,,,29500.25,,0,0,0,0,,8,6,3,2,0,0
1789414500,29223.75,29224.25,29211,29212.25,1202,,,,,29500.25,,0,0,0,0,,8,6,3,2,0,0
1789414800,29212,29222.25,29210.5,29215.75,985,,,,,29500.25,,0,0,0,0,,8,6,3,2,0,0
1789415100,29216,29225.5,29214,29224.25,1385,,,,,29500.25,,0,0,0,0,,8,6,3,2,0,0
1789415400,29223.5,29231.5,29185,29194,4590,,,,,29500.25,,0,0,0,0,,8,6,3,2,0,0
1789415700,29194,29194.25,29147,29151.25,8607,,,,,29500.25,,0,0,0,0,,8,6,3,2,0,0
1789416000,29151.75,29167.25,29150.25,29160.5,2610,,,,,29500.25,,0,0,0,0,,8,6,3,2,0,0
1789416300,29159.25,29163,29152.75,29156.5,904,,,,,29500.25,,0,0,0,0,,8,6,3,2,0,0
1789416600,29156.75,29166.75,29154.75,29163,404,,,,,29500.25,,0,0,0,0,,8,6,3,2,0,0
1789416900,29163.5,29164,29149,29161.25,429,,,,,29500.25,,0,0,0,0,,8,6,3,2,0,0
1789417200,29163,29179.5,29163,29179.25,382,,,,,29500.25,,0,0,0,0,,8,6,3,2,0,0
1789417500,29179,29183.25,29175,29180,312,,,,,29500.25,,0,0,0,0,,8,6,3,2,0,0
1789417800,29180.25,29182.75,29174.25,29181.5,192,,,,,29500.25,,0,0,0,0,,8,6,3,2,0,0
1789418100,29182,29185.5,29176.5,29182.25,442,,,,,29500.25,,0,0,0,0,,8,6,3,2,0,0
1789418400,29181.75,29186,29179,29182.75,220,,,,,29500.25,,0,0,0,0,,8,6,3,2,0,0
1789418700,29182,29193,29181.25,29190.5,363,,,,,29500.25,,0,0,0,0,,8,6,3,2,0,0
1789419000,29191,29199.25,29188.5,29197.5,250,,,,,29500.25,,0,0,0,0,,8,6,3,2,0,0
1789419300,29197.25,29199.75,29185,29193.75,378,,,,,29500.25,,0,0,0,0,,8,6,3,2,0,0
1789423200,29488.5,29490.25,29465,29476,514,,,,,,28816.25,0,0,0,0,,8,6,3,2,0,0
1789423500,29476.75,29476.75,29457.5,29461.25,328,,,,,,28816.25,0,0,0,0,,8,6,3,2,0,0
1789423800,29461.25,29465.25,29458.5,29462.25,185,,,,,,28816.25,0,0,0,0,,8,6,3,2,0,0
1789424100,29463.5,29467.75,29451.75,29457.75,380,,,,,,28816.25,0,0,0,0,,8,6,3,2,0,0
1789424400,29458,29462,29457,29459,116,,,,,,28816.25,0,0,0,0,,8,6,3,2,0,0
1789424700,29458,29459,29449.25,29457,250,,,,,,28816.25,0,0,0,0,,8,6,3,2,0,0
1789425000,29457.75,29463,29457,29460.25,210,,,,,,28816.25,0,0,0,0,,8,6,3,2,0,0
1789425300,29460,29465,29456,29459.5,187,,,,,,28816.25,0,0,0,0,,8,6,3,2,0,0
1789425600,29459.5,29462.5,29454.5,29455.75,192,,,,,,28816.25,0,0,0,0,,8,6,3,2,0,0
1789425900,29456.75,29466.5,29456,29466,227,,,,,,28816.25,0,0,0,0,,8,6,3,2,0,0
1789426200,29466.75,29474.25,29464.75,29466.5,315,,,,,,28816.25,0,0,0,0,,8,6,3,2,0,0
1789426500,29466.25,29468.25,29458.5,29458.5,152,,,,,,28816.25,0,0,0,0,,8,6,3,2,0,0
1789426800,29459.5,29462.5,29449.75,29458.5,334,,,,,,28816.25,0,0,0,0,,8,6,3,2,0,0
1789427100,29459,29461.25,29453.5,29460.5,81,,,,,,28816.25,0,0,0,0,,8,6,3,2,0,0
1789427400,29460,29467.25,29457,29461.25,277,,,,,,28816.25,0,0,0,0,,8,6,3,2,0,0
1789427700,29462.25,29463.25,29451,29453.25,161,,,,,,28816.25,0,0,0,0,,8,6,3,2,0,0
1789428000,29453.25,29461.5,29450.5,29459.5,101,,,,,,28816.25,0,0,0,0,,8,6,3,2,0,0
1789428300,29459,29462.75,29453.25,29455.75,175,,,,,,28816.25,0,0,0,0,,8,6,3,2,0,0
1789428600,29454.75,29459.25,29453,29456.75,186,,,,,,28816.25,0,0,0,0,,8,6,3,2,0,0
1789428900,29457.75,29462.25,29456.5,29460.5,67,,,,,,28816.25,0,0,0,0,,8,6,3,2,0,0
1789429200,29461.5,29463.25,29455.25,29458.5,100,,,,,,28816.25,0,0,0,0,,8,6,3,2,0,0
1789429500,29458.5,29461.25,29449.75,29454,394,,,,,,28816.25,0,0,0,0,,8,6,3,2,0,0
1789429800,29454.5,29455.5,29442.75,29450,299,,,,,,28816.25,0,0,0,0,,8,6,3,2,0,0
1789430100,29450.75,29459.5,29449.5,29457.25,242,,,,,,28816.25,0,0,0,0,,8,6,3,2,0,0
1789430400,29457.25,29470,29445.75,29449.25,715,,,,,,28816.25,0,0,0,0,,8,6,3,2,0,0
1789430700,29450,29465.5,29426.75,29459.75,1114,,,,,,28816.25,0,0,0,0,,8,6,3,2,0,0
1789431000,29461.25,29461.25,29444,29457.75,522,,,,,,28816.25,0,0,0,0,,8,6,3,2,0,0
1789431300,29457,29457.25,29433.75,29443.75,779,,,,,,28816.25,0,0,0,0,,8,6,3,2,0,0
1789431600,29441.5,29461.75,29436.25,29459.25,450,,,,,,28816.25,0,0,0,0,,8,6,3,2,0,0
1789431900,29460,29466.25,29449,29455.25,442,,,,,,28816.25,0,0,0,0,,8,6,3,2,0,0
1789432200,29453.5,29461.25,29452.75,29458.5,310,,,,,,28816.25,0,0,0,0,,8,6,3,2,0,0
1789432500,29458.25,29480,29458,29477,457,,,,,,28816.25,0,0,0,0,,8,6,3,2,0,0
1789432800,29476.25,29490.75,29476.25,29485.75,561,,,,,,28816.25,0,0,0,0,,8,6,3,2,0,0
1789433100,29484.75,29487,29470,29477.25,392,,,,,,28816.25,0,0,0,0,,8,6,3,2,0,0
1789433400,29476.75,29489.5,29476.5,29480,399,,,,,,28816.25,0,0,0,0,,8,6,3,2,0,0
1789433700,29480.25,29484,29463,29467.75,464,,,,,,28816.25,0,0,0,0,,8,6,3,2,0,0
1789434000,29467.5,29489.25,29459.5,29484.5,627,,,,,,28816.25,0,0,0,0,,8,6,3,2,0,0
1789434300,29484.75,29485.5,29471.5,29477.25,441,,,,,,28816.25,0,0,0,0,,8,6,3,2,0,0
1789434600,29477.25,29492.75,29476.75,29487.5,323,,,,,,28816.25,0,0,0,0,,8,6,3,2,0,0
1789434900,29487.5,29495.25,29485.5,29488.25,336,,,,,,28816.25,0,0,0,0,,8,6,3,2,0,0
1789435200,29487.75,29490.25,29483.75,29488.75,190,,,,,,28816.25,0,0,0,0,,8,6,3,2,0,0
1789435500,29487.5,29490.5,29470.5,29474.5,356,,,,,,28816.25,0,0,0,0,,8,6,3,2,0,0
1789435800,29473.75,29477.5,29456.75,29458,535,,,,,,28816.25,0,0,0,0,,8,6,3,2,0,0
1789436100,29456.75,29459.25,29444.5,29453.75,693,,,,,,28816.25,0,0,0,0,,8,6,3,2,0,0
1789436400,29453,29453,29428,29438.5,874,,,,,,28816.25,0,0,0,0,,8,6,3,2,0,0
1789436700,29439.75,29454.75,29430.25,29454,755,,,,,,28816.25,0,0,0,0,,8,6,3,2,0,0
1789437000,29452.75,29469,29439.25,29460.25,661,,,,,,28816.25,0,0,0,0,,8,6,3,2,0,0
1789437300,29461.5,29470,29457.75,29463.5,369,,,,,,28816.25,0,0,0,0,,8,6,3,2,0,0
1789437600,29463.75,29475.25,29459.75,29471,500,,,,,,28816.25,0,0,0,0,,8,6,3,2,0,0
1789437900,29469.75,29471,29453.75,29460.25,331,,,,,,28816.25,0,0,0,0,,8,6,3,2,0,0
1789438200,29461.5,29466.5,29454.25,29460.75,217,,,,,,28816.25,0,0,0,0,,8,6,3,2,0,0
1789438500,29461.5,29465.5,29452,29455.25,313,,,,,,28816.25,0,0,0,0,,8,6,3,2,0,0
1789438800,29456.75,29463.75,29453.25,29463.75,145,,,,,,28816.25,0,0,0,0,,8,6,3,2,0,0
1789439100,29462.5,29468.25,29457.75,29463.25,217,,,,,,28816.25,0,0,0,0,,8,6,3,2,0,0
1789439400,29464,29469.75,29455.5,29464.5,302,,,,,,28816.25,0,0,0,0,,8,6,3,2,0,0
1789439700,29463,29469.75,29456.75,29461.75,243,,,,,,28816.25,0,0,0,0,,8,6,3,2,0,0
1789440000,29461.5,29466.25,29452,29461.25,215,,,,,,28816.25,0,0,0,0,,8,6,3,2,0,0
1789440300,29459,29468.75,29455,29466.25,210,,,,,,28816.25,0,0,0,0,,8,6,3,2,0,0
1789440600,29467,29467.75,29456.75,29461.75,206,,,,,,28816.25,0,0,0,0,,8,6,3,2,0,0
1789440900,29462.75,29468.75,29458.75,29460.5,360,,,,,,28816.25,0,0,0,0,,8,6,3,2,0,0
1789441200,29460,29467.75,29455.5,29458,271,,,,,,28816.25,0,0,0,0,,8,6,3,2,0,0
1789441500,29457.5,29457.5,29449,29452.25,358,,,,,,28816.25,0,0,0,0,,8,6,3,2,0,0
1789441800,29450.5,29455.25,29444.5,29451.25,261,,,,,,28816.25,0,0,0,0,,8,6,3,2,0,0
1789442100,29450.75,29454.75,29444,29446.5,208,,,,,,28816.25,0,0,0,0,,8,6,3,2,0,0
1789442400,29446.25,29449.75,29443,29445.5,117,,,,,,28816.25,0,0,0,0,,8,6,3,2,0,0
1789442700,29446.25,29448.25,29440.25,29447.5,183,,,,,,28816.25,0,0,0,0,,8,6,3,2,0,0
1789443000,29444,29451.25,29440.5,29447,221,,,,,,28816.25,0,0,0,0,,8,6,3,2,0,0
1789443300,29448.5,29452,29441.25,29442.25,146,,,,,,28816.25,0,0,0,0,,8,6,3,2,0,0
1789443600,29442.75,29449,29441.5,29449,100,,,,,,28816.25,0,0,0,0,,8,6,3,2,0,0
1789443900,29449.5,29454.75,29436.75,29440.75,348,,,,,,28816.25,0,0,0,0,,8,6,3,2,0,0
1789444200,29441.25,29442,29422.5,29424.25,366,,,,,,28816.25,0,0,0,0,,8,6,3,2,0,0
1789444500,29423,29424,29415,29416.25,372,,,,,,28816.25,0,0,0,0,,8,6,3,2,0,0
1789444800,29415.5,29426,29409,29425,418,29495.25,,,,,28816.25,0,0,0,0,,8,6,3,2,0,0
1789445100,29424,29433,29416.5,29421,275,29495.25,,,,,28816.25,0,0,0,0,,8,6,3,2,0,0
1789445400,29419.5,29425.25,29411.5,29414.5,208,29495.25,,,,,28816.25,0,0,0,0,,8,6,3,2,0,0
1789445700,29415.25,29418,29405.25,29410.5,370,29495.25,,,,,28816.25,0,0,0,0,,8,6,3,2,0,0
1789446000,29410.25,29411.25,29389,29390,800,29495.25,,,,,28816.25,0,0,0,0,,8,6,3,2,0,0
1789446300,29390.75,29391.75,29376.75,29385.5,559,29495.25,,,,,28816.25,0,0,0,0,,8,6,3,2,0,0
1789446600,29386.5,29392.5,29379.25,29383.5,270,29495.25,,,,,28816.25,0,0,0,0,,8,6,3,2,0,0
1789446900,29383.75,29383.75,29363.5,29372.75,431,29495.25,,,,,28816.25,0,0,0,0,,8,6,3,2,0,0
1789447200,29373,29393.5,29371.25,29387.5,503,29495.25,,,,,28816.25,0,0,0,0,,8,6,3,2,0,0
1789447500,29387.5,29398.75,29381.25,29389.25,388,29495.25,,,,,28816.25,0,0,0,0,,8,6,3,2,0,0
1789447800,29388.25,29390,29365.75,29376.5,502,29495.25,,,,,28816.25,0,0,0,0,,8,6,3,2,0,0
1789448100,29377,29377,29352,29353.25,562,29495.25,,,,,28816.25,0,0,0,0,,8,6,3,2,0,0
1789448400,29352.25,29362.75,29348.25,29351.75,627,29495.25,,,,,28816.25,0,0,0,0,,8,6,3,2,0,0
1789448700,29350,29356,29332.75,29335,752,29495.25,,,,,28816.25,0,0,0,0,,8,6,3,2,0,0
1789449000,29332.75,29335.25,29318,29325,733,29495.25,,,,,28816.25,0,0,0,0,,8,6,3,2,0,0
1789449300,29325.75,29325.75,29308.5,29312.25,615,29495.25,,,,,28816.25,0,0,0,0,,8,6,3,2,0,0
1789449600,29313.5,29326,29311.75,29317,428,29495.25,,,,,28816.25,0,0,0,0,,8,6,3,2,0,0
1789449900,29317.25,29344.25,29316,29340.75,548,29495.25,,,,,28816.25,0,0,0,0,,8,6,3,2,0,0
1789450200,29340,29354.75,29331.75,29350.75,528,29495.25,,,,,28816.25,0,0,0,0,,8,6,3,2,0,0
1789450500,29351.25,29353.5,29329.25,29344.25,467,29495.25,,,,,28816.25,0,0,0,0,,8,6,3,2,0,0
1789450800,29344.25,29379,29344.25,29376.25,665,29495.25,,,,,28816.25,0,0,0,0,,8,6,3,2,0,0
1789451100,29377,29388,29369.25,29374.25,457,29495.25,,,,,28816.25,0,0,0,0,,8,6,3,2,0,0
1789451400,29374.25,29404.5,29369.75,29402.5,717,29495.25,,,,,28816.25,0,0,0,0,,8,6,3,2,0,0
1789451700,29403.25,29403.5,29376.5,29379.25,519,29495.25,,,,,28816.25,0,0,0,0,,8,6,3,2,0,0
1789452000,29378.25,29395.25,29377,29389.5,674,29495.25,,,,,28816.25,0,0,0,0,,8,6,3,2,0,0
1789452300,29388.5,29392.5,29366.75,29378.25,584,29495.25,,,,,28816.25,0,0,0,0,,8,6,3,2,0,0
1789452600,29378,29390.5,29370,29386.5,417,29495.25,,,,,28816.25,0,0,0,0,,8,6,3,2,0,0
1789452900,29384.25,29393.5,29379.5,29390.75,399,29495.25,,,,,28816.25,0,0,0,0,,8,6,3,2,0,0
1789453200,29390.25,29395.25,29379.75,29380,281,29495.25,,,,,28816.25,0,0,0,0,,8,6,3,2,0,0
1789453500,29381.75,29384.75,29370.5,29372.25,245,29495.25,,,,,28816.25,0,0,0,0,,8,6,3,2,0,0
1789453800,29372,29373.75,29357,29359,479,29495.25,,,,,28816.25,0,0,0,0,,8,6,3,2,0,0
1789454100,29358.25,29371.25,29347,29357,438,29495.25,,,,,28816.25,0,0,0,0,,8,6,3,2,0,0
1789454400,29356.75,29366.25,29345.5,29348.25,374,29495.25,,,,,28816.25,0,0,0,0,,8,6,3,2,0,0
1789454700,29346.75,29361,29345.5,29353.75,275,29495.25,,,,,28816.25,0,0,0,0,,8,6,3,2,0,0
1789455000,29355.25,29356.25,29346,29347.75,254,29495.25,,,,,28816.25,0,0,0,0,,8,6,3,2,0,0
1789455300,29346,29358.75,29339,29352.25,398,29495.25,,,,,28816.25,0,0,0,0,,8,6,3,2,0,0
1789455600,29354.5,29376,29339.5,29368.25,1059,29495.25,,,,,28816.25,0,0,0,0,,8,6,3,2,0,0
1789455900,29367.25,29374.75,29344.25,29360,624,29495.25,,,,,28816.25,0,0,0,0,,8,6,3,2,0,0
1789456200,29364,29367.5,29323.25,29327.5,830,29495.25,,,,,28816.25,0,0,0,0,,8,6,3,2,0,0
1789456500,29325.75,29352.5,29325.75,29352.5,480,29495.25,,,,,28816.25,0,0,0,0,,8,6,3,2,0,0
1789456800,29352.25,29378.25,29350.75,29376.5,595,29495.25,,,,,28816.25,0,0,0,0,,8,6,3,2,0,0
1789457100,29377.25,29382.5,29343,29354.5,577,29495.25,,,,,28816.25,0,0,0,0,,8,6,3,2,0,0
1789457400,29354.5,29364.25,29349,29354.75,384,29495.25,,,,,28816.25,0,0,0,0,,8,6,3,2,0,0
1789457700,29352,29355.25,29334.5,29337.25,498,29495.25,,,,,28816.25,0,0,0,0,,8,6,3,2,0,0
1789458000,29337,29340.5,29312.25,29316.25,735,29495.25,,,,,28816.25,0,0,0,0,,8,6,3,2,0,0
1789458300,29316.25,29339,29313,29325,922,29495.25,,,,,28816.25,0,0,0,0,,8,6,3,2,0,0
1789458600,29326,29330.75,29301.75,29313.25,918,29495.25,,,,,28816.25,0,0,0,0,,8,6,3,2,0,0
1789458900,29312.5,29320,29298.75,29316,866,29495.25,,,,,28816.25,0,0,0,0,,8,6,3,2,0,0
1789459200,29317.75,29317.75,29277.75,29282.75,1225,29495.25,,,,,28816.25,0,0,0,0,,8,6,3,2,0,0
1789459500,29283.75,29284.75,29242.25,29242.5,1107,29495.25,,,,,28816.25,0,0,0,0,,8,6,3,2,0,0
1789459800,29241,29279,29231,29276.5,1033,29495.25,,,,,28816.25,0,0,0,0,,8,6,3,2,0,0
1789460100,29277.5,29301,29276.75,29300.25,701,29495.25,,,,,28816.25,0,0,0,0,,8,6,3,2,0,0
1789460400,29300.5,29310,29294.5,29295.75,838,29495.25,,,,,28816.25,0,0,0,0,,8,6,3,2,0,0
1789460700,29296.5,29303.75,29275.5,29290.5,1056,29495.25,,,,,28816.25,0,0,0,0,,8,6,3,2,0,0
1789461000,29289.25,29295,29269.5,29272.25,722,29495.25,,,,,28816.25,0,0,0,0,,8,6,3,2,0,0
1789461300,29273.25,29291.5,29269.75,29281.75,568,29495.25,,,,,28816.25,0,0,0,0,,8,6,3,2,0,0
1789461600,29281.75,29285.25,29269.5,29271.75,383,29495.25,,,,,28816.25,0,0,0,0,,8,6,3,2,0,0
1789461900,29271,29274.25,29265,29273.5,248,29495.25,,,,,28816.25,0,0,0,0,,8,6,3,2,0,0
1789462200,29272.25,29281,29270.25,29274.75,226,29495.25,,,,,28816.25,0,0,0,0,,8,6,3,2,0,0
1789462500,29275.25,29286.75,29264.25,29271.5,470,29495.25,,,,,28816.25,0,0,0,0,,8,6,3,2,0,0
1789462800,29272.25,29276.5,29250.75,29267.75,639,29495.25,,29395.25,29231,,28816.25,0,0,0,0,,8,6,3,2,0,0
1789463100,29267,29285,29261.75,29263,561,29495.25,,29395.25,29231,,28816.25,0,0,0,0,,8,6,3,2,0,0
1789463400,29260.75,29271.5,29250,29260.25,554,29495.25,,29395.25,29231,,28816.25,0,0,0,0,,8,6,3,2,0,0
1789463700,29260.5,29266.75,29236.5,29242.75,556,29495.25,,29395.25,29231,,28816.25,0,0,0,0,,8,6,3,2,0,0
1789464000,29243.25,29274.75,29242.25,29251,811,29495.25,,29395.25,29231,,28816.25,0,0,0,0,,8,6,3,2,0,0
1789464300,29250.75,29272.25,29247.5,29269,423,29495.25,,29395.25,29231,,28816.25,0,0,0,0,,8,6,3,2,0,0
1789464600,29270.5,29275.75,29258.5,29274,447,29495.25,,29395.25,29231,,28816.25,0,0,0,0,,8,6,3,2,0,0
1789464900,29273,29296,29271.5,29293.5,685,29495.25,,29395.25,29231,,28816.25,0,0,0,0,,8,6,3,2,0,0
1789465200,29294,29300,29289.75,29295.75,343,29495.25,,29395.25,29231,,28816.25,0,0,0,0,,8,6,3,2,0,0
1789465500,29295.5,29327.5,29295.5,29327,660,29495.25,,29395.25,29231,,28816.25,0,0,0,0,,8,6,3,2,0,0
1789465800,29326.25,29346.25,29323.5,29344,668,29495.25,,29395.25,29231,,28816.25,0,0,0,0,,8,6,3,2,0,0
1789466100,29345.25,29345.75,29330.75,29339,433,29495.25,,29395.25,29231,,28816.25,0,0,0,0,,8,6,3,2,0,0
1789466400,29340.5,29350,29331,29337,642,29495.25,,29395.25,29231,,28816.25,0,0,0,0,,8,6,3,2,0,0
1789466700,29336.25,29344.75,29333.25,29343,248,29495.25,,29395.25,29231,,28816.25,0,0,0,0,,8,6,3,2,0,0
1789467000,29341.75,29366.75,29341.25,29348.5,769,29495.25,,29395.25,29231,,28816.25,0,0,0,0,,8,6,3,2,0,0
1789467300,29347.5,29348.25,29334.5,29343.25,399,29495.25,,29395.25,29231,,28816.25,0,0,0,0,,8,6,3,2,0,0
1789467600,29344.5,29357.75,29340.5,29357.75,417,29495.25,,29395.25,29231,,28816.25,0,0,0,0,,8,6,3,2,0,0
1789467900,29356.5,29362.5,29351,29361.75,354,29495.25,,29395.25,29231,,28816.25,0,0,0,0,,8,6,3,2,0,0
1789468200,29362,29370.5,29354.5,29368,422,29495.25,,29395.25,29231,,28816.25,0,0,0,0,,8,6,3,2,0,0
1789468500,29367,29375.5,29365,29373.5,422,29495.25,,29395.25,29231,,28816.25,0,0,0,0,,8,6,3,2,0,0
1789468800,29372.5,29375.75,29362.75,29367.75,481,29495.25,,29395.25,29231,,28816.25,0,0,0,0,,8,6,3,2,0,0
1789469100,29367,29378,29361.5,29375.5,405,29495.25,,29395.25,29231,,28816.25,0,0,0,0,,8,6,3,2,0,0
1789469400,29375,29387,29372.5,29384.5,429,29495.25,,29395.25,29231,,28816.25,0,0,0,0,,8,6,3,2,0,0
1789469700,29385,29396,29384,29393.5,917,29495.25,,,29231,,28816.25,0,0,0,0,,8,6,3,2,0,0
1789470000,29393.25,29420.5,29392,29405.75,1124,29495.25,,,29231,,28816.25,0,0,0,0,,8,6,3,2,0,0
1789470300,29405.75,29418,29393.25,29415.25,652,29495.25,,,29231,,28816.25,0,0,0,0,,8,6,3,2,0,0
1789470600,29416.25,29425,29412.75,29415.75,754,29495.25,,,29231,,28816.25,0,0,0,0,,8,6,3,2,0,0
1789470900,29416.25,29427.25,29408.75,29419.5,587,29495.25,,,29231,,28816.25,0,0,0,0,,8,6,3,2,0,0
1789471200,29418.75,29425,29405,29409.5,415,29495.25,,,29231,,28816.25,0,0,0,0,,8,6,3,2,0,0
1789471500,29409.5,29413.75,29400.5,29405.25,407,29495.25,,,29231,,28816.25,0,0,0,0,,8,6,3,2,0,0
1789471800,29405.25,29405.75,29388.75,29399.25,651,29495.25,,,29231,,28816.25,0,0,0,0,,8,6,3,2,0,0
1789472100,29399.75,29413,29392.5,29395.5,620,29495.25,,,29231,,28816.25,0,0,0,0,,8,6,3,2,0,0
1789472400,29395.75,29410,29391,29406,414,29495.25,,,29231,,28816.25,0,0,0,0,,8,6,3,2,0,0
1789472700,29406.25,29419.75,29402.5,29406.75,490,29495.25,,,29231,,28816.25,0,0,0,0,,8,6,3,2,0,0
1789473000,29407.5,29422.25,29402.75,29407.75,437,29495.25,,,29231,,28816.25,0,0,0,0,,8,6,3,2,0,0
1789473300,29408.25,29420,29403.75,29416.5,486,29495.25,,,29231,,28816.25,0,0,0,0,,8,6,3,2,0,0
1789473600,29416.25,29428.75,29404.5,29420.25,920,29495.25,,,29231,,28816.25,0,0,0,0,,8,6,3,2,0,0
1789473900,29421,29424.25,29412,29420.75,474,29495.25,,,29231,,28816.25,0,0,0,0,,8,6,3,2,0,0
1789474200,29420.5,29439.75,29418.5,29434.5,896,29495.25,,,29231,,28816.25,0,0,0,0,,8,6,3,2,0,0
1789474500,29434.25,29441,29424.25,29432.5,749,29495.25,,,29231,,28816.25,0,0,0,0,,8,6,3,2,0,0
1789474800,29432.5,29432.75,29398,29406.25,945,29495.25,,,29231,,28816.25,0,0,0,0,,8,6,3,2,0,0
1789475100,29407,29430,29406.5,29423,677,29495.25,,,29231,,28816.25,0,0,0,0,,8,6,3,2,0,0
1789475400,29421,29429,29401.5,29429,850,29495.25,,,29231,,28816.25,0,0,0,0,0,8,6,3,2,0,0
1789475700,29429.25,29431.25,29417.25,29425.75,744,29495.25,,,29231,,28816.25,0,0,0,0,0,8,6,3,2,0,0
1789476000,29424.5,29432.5,29406.75,29420.75,1017,29495.25,,,29231,,28816.25,0,0,0,0,0,8,6,3,2,0,0
1789476300,29419.75,29468.5,29416,29459,2861,29495.25,,,29231,,28816.25,0,0,0,0,0,8,6,3,2,0,0
1789476600,29459.25,29474.25,29447.75,29471.5,1824,29495.25,,,29231,,28816.25,0,0,0,0,0,8,6,3,2,0,0
1789476900,29472,29484.5,29429.5,29435.75,2439,29495.25,,,29231,,28816.25,0,0,0,0,0,8,6,3,2,0,0
1789477200,29433.75,29444.75,29424.75,29444,1282,29495.25,,,29231,,28816.25,0,0,0,0,0,8,6,3,2,0,0
1789477500,29444,29447,29432.25,29439,1251,29495.25,,,29231,,28816.25,0,0,0,0,0,8,6,3,2,0,0
1789477800,29439.5,29445.5,29426.5,29429.75,856,29495.25,,,29231,,28816.25,0,0,0,0,0,8,6,3,2,0,0
1789478100,29429,29435.5,29413.25,29421.25,1082,29495.25,,,29231,,28816.25,0,0,0,0,0,8,6,3,2,0,0
1789478400,29421,29425.5,29409.5,29418.25,1235,29495.25,,,29231,,28816.25,0,0,0,0,0,8,6,3,2,0,0
1789478700,29418.25,29439.25,29415.25,29421,2132,29495.25,,,29231,,28816.25,0,0,0,0,0,8,6,3,2,0,0
1789479000,29420.75,29424.5,29372.5,29385.5,13876,29495.25,,,29231,,28816.25,0,0,0,0,0,8,6,3,2,0,0
1789479300,29386.75,29441.25,29386.25,29430.5,8874,29495.25,,,29231,,28816.25,0,0,0,0,0,8,6,3,2,0,0
1789479600,29430,29440.75,29405.5,29435.75,6641,29495.25,,,29231,,28816.25,0,0,0,0,0,8,6,3,2,0,0
1789479900,29435.75,29453.5,29422.25,29429.25,5645,29495.25,,,29231,,28816.25,0,0,0,0,0,8,6,3,2,0,0
1789480200,29429.75,29436.75,29406.25,29429.75,5125,29495.25,,,29231,,28816.25,0,0,0,0,0,8,6,3,2,0,0
1789480500,29430.25,29438.25,29415.5,29429.25,3859,29495.25,,,29231,,28816.25,0,0,0,0,0,8,6,3,2,0,0
1789480800,29429.5,29432,29396.25,29396.5,4685,29495.25,,,29231,,28816.25,0,0,0,0,0,8,6,3,2,0,0
1789481100,29397,29403.25,29370.75,29381,5156,29495.25,,,29231,,28816.25,0,0,0,0,0,8,6,3,2,0,0
1789481400,29379.5,29381.25,29338.75,29342.75,6398,29495.25,,,29231,,28816.25,0,0,0,0,0,8,6,3,2,0,0
1789481700,29342.75,29365,29339.75,29355.5,5988,29495.25,,,29231,,28816.25,0,0,0,0,0,8,6,3,2,0,0
1789482000,29356.25,29362.5,29302,29327.5,7209,29495.25,,,29231,,28816.25,0,0,0,0,0,8,6,3,2,0,0
1789482300,29327.75,29337.5,29315.5,29326.25,4438,29495.25,,,29231,,28816.25,0,0,0,0,0,8,6,3,2,0,0
1789482600,29326.75,29334.25,29301,29310.25,6258,29495.25,,,29231,,28816.25,0,0,0,0,0,8,6,3,2,0,0
1789482900,29309.5,29319.5,29285.25,29291,4991,29495.25,,,29231,,28816.25,0,0,0,0,0,8,6,3,2,0,0
1789483200,29290.75,29291,29273.25,29287.5,4730,29495.25,,,29231,,28816.25,0,0,0,0,0,8,6,3,2,0,0
1789483500,29287.75,29302,29267.5,29268,4063,29495.25,,,29231,,28816.25,0,0,0,0,0,8,6,3,2,0,0
1789483800,29267.5,29271.25,29215.75,29239.75,9689,29495.25,,,,,28816.25,0,1,0,0,0,9,7,4,2,0,0
1789484100,29239,29260,29228,29239.75,6405,29495.25,,,,,28816.25,0,0,0,0,0,9,7,4,2,0,0
1789484400,29240,29284,29239.25,29283.75,6350,29495.25,,,,,28816.25,0,0,0,0,,9,7,4,2,0,0
1789484700,29284,29290.25,29268.75,29274.25,3747,29495.25,,,,,28816.25,0,0,0,0,,9,7,4,2,0,0
1789485000,29272.75,29281.5,29260,29273,4340,29495.25,,,,,28816.25,0,0,0,0,,9,7,4,2,0,0
1789485300,29273,29295.5,29266.5,29287.5,3653,29495.25,,,,,28816.25,0,0,0,0,,9,7,4,2,0,0
1789485600,29287.75,29295.75,29267.25,29287.5,3550,29495.25,,,,,28816.25,0,0,0,0,,9,7,4,2,0,0
1789485900,29288,29297.25,29278.5,29291.75,2355,29495.25,,,,,28816.25,0,0,0,0,,9,7,4,2,0,0
1789486200,29291.75,29293.75,29260.5,29281.75,4016,29495.25,,,,,28816.25,0,0,0,0,,9,7,4,2,0,0
1789486500,29282.5,29289.75,29271,29271.75,2282,29495.25,,,,,28816.25,0,0,0,0,,9,7,4,2,0,0
1789486800,29272.5,29297.25,29271.5,29287.5,3230,29495.25,,,,,28816.25,0,0,0,0,,9,7,4,2,0,0
1789487100,29288,29290.5,29262,29267.5,2386,29495.25,,,,,28816.25,0,0,0,0,,9,7,4,2,0,0
1789487400,29266.75,29298.75,29264.75,29279.25,4335,29495.25,,,,,28816.25,0,0,0,0,,9,7,4,2,0,0
1789487700,29278.5,29311.5,29273.75,29277.75,3596,29495.25,,,,,28816.25,0,0,0,0,,9,7,4,2,0,0
1789488000,29277.75,29289.75,29272.25,29285.25,1525,29495.25,,,,,28816.25,0,0,0,0,,9,7,4,2,0,0
1789488300,29284.5,29285,29244.75,29250,2605,29495.25,,,,,28816.25,0,0,0,0,,9,7,4,2,0,0
1789488600,29249.25,29254.25,29241.5,29244.5,2120,29495.25,,,,,28816.25,0,0,0,0,,9,7,4,2,0,0
1789488900,29243.75,29268.75,29240,29267.5,2449,29495.25,,,,,28816.25,0,0,0,0,,9,7,4,2,0,0
1789489200,29266.75,29301.75,29266.5,29296,3619,29495.25,,,,,28816.25,0,0,0,0,,9,7,4,2,0,0
1789489500,29296.5,29300.5,29281.5,29285,2915,29495.25,,,,,28816.25,0,0,0,0,,9,7,4,2,0,0
1789489800,29284.5,29294,29266.75,29286.25,3189,29495.25,,,,,28816.25,0,0,0,0,,9,7,4,2,0,0
1789490100,29286.75,29288.25,29275,29281.25,1384,29495.25,,,,,28816.25,0,0,0,0,,9,7,4,2,0,0
1789490400,29280.75,29284.25,29270.75,29277.5,1565,29495.25,,,,,28816.25,0,0,0,0,,9,7,4,2,0,0
1789490700,29277,29284.5,29265.25,29274.25,1908,29495.25,,,,,28816.25,0,0,0,0,,9,7,4,2,0,0
1789491000,29273.5,29301,29272.75,29297.5,2315,29495.25,,,,,28816.25,0,0,0,0,,9,7,4,2,0,0
1789491300,29298,29302.5,29271.25,29279.5,2564,29495.25,,,,,28816.25,0,0,0,0,,9,7,4,2,0,0
1789491600,29280.25,29284,29250.25,29250.25,2928,29495.25,,,,,28816.25,0,0,0,0,,9,7,4,2,0,0
1789491900,29250,29268,29244.25,29255.75,2832,29495.25,,,,,28816.25,0,0,0,0,,9,7,4,2,0,0
1789492200,29256.25,29272.25,29253,29253.75,1904,29495.25,,,,,28816.25,0,0,0,0,,9,7,4,2,0,0
1789492500,29253.75,29262.5,29251,29261.5,1266,29495.25,,,,,28816.25,0,0,0,0,,9,7,4,2,0,0
1789492800,29261,29266.75,29241.25,29243.75,1535,29495.25,,,,,28816.25,0,0,0,0,,9,7,4,2,0,0
1789493100,29244.25,29256.75,29242.25,29253.75,1707,29495.25,,,,,28816.25,0,0,0,0,,9,7,4,2,0,0
1789493400,29254,29268.25,29249.75,29258,2328,29495.25,,,,,28816.25,0,0,0,0,,9,7,4,2,0,0
1789493700,29258.5,29264.75,29249,29253.5,1475,29495.25,,,,,28816.25,0,0,0,0,,9,7,4,2,0,0
1789494000,29253.25,29260.25,29242,29255.25,1995,29495.25,,,,,28816.25,0,0,0,0,,9,7,4,2,0,0
1789494300,29255.25,29262,29245.75,29249.75,1300,29495.25,,,,,28816.25,0,0,0,0,,9,7,4,2,0,0
1789494600,29249,29264.75,29247.5,29264.25,1379,29495.25,,,,,28816.25,0,0,0,0,,9,7,4,2,0,0
1789494900,29263.75,29271.5,29258.5,29263.75,1598,29495.25,,,,,28816.25,0,0,0,0,,9,7,4,2,0,0
1789495200,29263.5,29274.25,29255,29273.75,2204,29495.25,,,,,28816.25,0,0,0,0,,9,7,4,2,0,0
1789495500,29273.5,29280.75,29268,29280.75,1370,29495.25,,,,,28816.25,0,0,0,0,,9,7,4,2,0,0
1789495800,29280.75,29287.75,29274.25,29280.25,1864,29495.25,,,,,28816.25,0,0,0,0,,9,7,4,2,0,0
1789496100,29280.75,29283,29262.5,29266.75,2192,29495.25,,,,,28816.25,0,0,0,0,,9,7,4,2,0,0
1789496400,29267,29273.25,29266,29271.5,1051,29495.25,,,,,28816.25,0,0,0,0,,9,7,4,2,0,0
1789496700,29271.5,29281,29266.25,29281,1553,29495.25,,,,,28816.25,0,0,0,0,,9,7,4,2,0,0
1789497000,29280.75,29280.75,29256.25,29258.75,1812,29495.25,,,,,28816.25,0,0,0,0,,9,7,4,2,0,0
1789497300,29259,29262.75,29251,29258.5,1168,29495.25,,,,,28816.25,0,0,0,0,,9,7,4,2,0,0
1789497600,29258.5,29269.5,29247,29250.75,2792,29495.25,,,,,28816.25,0,0,0,0,,9,7,4,2,0,0
1789497900,29251.5,29253,29229.75,29236.25,2529,29495.25,,,,,28816.25,0,0,0,0,,9,7,4,2,0,0
1789498200,29236.5,29244.25,29233,29242.75,1612,29495.25,,,,,28816.25,0,0,0,0,,9,7,4,2,0,0
1789498500,29243,29254,29240.25,29252.5,1685,29495.25,,,,,28816.25,0,0,0,0,,9,7,4,2,0,0
1789498800,29252.75,29258.75,29242.75,29251,2188,29495.25,,,,,28816.25,0,0,0,0,,9,7,4,2,0,0
1789499100,29250.75,29255.25,29244.5,29252.75,997,29495.25,,,,,28816.25,0,0,0,0,,9,7,4,2,0,0
1789499400,29252.5,29254.75,29238.75,29241,1352,29495.25,,,,,28816.25,0,0,0,0,,9,7,4,2,0,0
1789499700,29241,29244,29232.75,29241.25,1622,29495.25,,,,,28816.25,0,0,0,0,,9,7,4,2,0,0
1789500000,29240.75,29241.75,29234.25,29236,1123,29495.25,,,,,28816.25,0,0,0,0,,9,7,4,2,0,0
1789500300,29236.25,29244,29231.5,29238.25,1408,29495.25,,,,,28816.25,0,0,0,0,,9,7,4,2,0,0
1789500600,29238.75,29241.25,29232.5,29233.25,1627,29495.25,,,,,28816.25,0,0,0,0,,9,7,4,2,0,0
1789500900,29233.25,29233.25,29214,29219.25,2818,29495.25,,,,,28816.25,0,0,0,0,,9,7,4,2,0,0
1789501200,29219.5,29230.75,29215.25,29227,2351,29495.25,,,,,28816.25,0,0,0,0,,9,7,4,2,0,0
1789501500,29227,29234.5,29222.5,29233,2708,29495.25,,,,,28816.25,0,0,0,0,,9,7,4,2,0,0
1789501800,29232.75,29239.5,29207.5,29237.75,5523,29495.25,,,,,28816.25,0,0,0,0,,9,7,4,2,0,0
1789502100,29238,29254.25,29228,29252.5,14075,29495.25,,,,,28816.25,0,0,0,0,,9,7,4,2,0,0
1789502400,29252,29281.75,29250.25,29277.75,5302,29495.25,,,,,28816.25,0,0,0,0,,9,7,4,2,0,0
1789502700,29278.25,29279.5,29272.25,29276.75,1488,29495.25,,,,,28816.25,0,0,0,0,,9,7,4,2,0,0
1789503000,29277,29291,29275.25,29287,1448,29495.25,,,,,28816.25,0,0,0,0,,9,7,4,2,0,0
1789503300,29286.75,29287.5,29279.5,29281,828,29495.25,,,,,28816.25,0,0,0,0,,9,7,4,2,0,0
1789503600,29281.5,29282,29274.5,29276,750,29495.25,,,,,28816.25,0,0,0,0,,9,7,4,2,0,0
1789503900,29276.5,29276.75,29269,29270.5,543,29495.25,,,,,28816.25,0,0,0,0,,9,7,4,2,0,0
1789504200,29270.5,29277,29267.25,29271.75,431,29495.25,,,,,28816.25,0,0,0,0,,9,7,4,2,0,0
1789504500,29272.5,29280,29271.5,29277.25,291,29495.25,,,,,28816.25,0,0,0,0,,9,7,4,2,0,0
1789504800,29276.75,29283,29273.5,29278.75,415,29495.25,,,,,28816.25,0,0,0,0,,9,7,4,2,0,0
1789505100,29278.75,29285,29276.75,29284.5,272,29495.25,,,,,28816.25,0,0,0,0,,9,7,4,2,0,0
1789505400,29284.5,29285,29279.25,29282.5,145,29495.25,,,,,28816.25,0,0,0,0,,9,7,4,2,0,0
1789505700,29282,29287,29277,29277,381,29495.25,,,,,28816.25,0,0,0,0,,9,7,4,2,0,0
1789509600,29263.75,29278.5,29251.25,29273.75,655,29495.25,,,,29495.25,29207.5,0,0,0,0,,9,7,4,2,0,0
1789509900,29271.75,29273,29258.25,29264.75,365,29495.25,,,,29495.25,29207.5,0,0,0,0,,9,7,4,2,0,0
1789510200,29263.25,29265.25,29257.75,29261.5,202,29495.25,,,,29495.25,29207.5,0,0,0,0,,9,7,4,2,0,0
1789510500,29261.25,29270.75,29260,29265.5,233,29495.25,,,,29495.25,29207.5,0,0,0,0,,9,7,4,2,0,0
1789510800,29263.5,29275,29262.75,29270.75,167,29495.25,,,,29495.25,29207.5,0,0,0,0,,9,7,4,2,0,0
1789511100,29270.75,29272,29262,29269.25,196,29495.25,,,,29495.25,29207.5,0,0,0,0,,9,7,4,2,0,0
1789511400,29268.25,29279.5,29266.75,29277.5,230,29495.25,,,,29495.25,29207.5,0,0,0,0,,9,7,4,2,0,0
1789511700,29279.25,29286.25,29277.5,29286.25,183,29495.25,,,,29495.25,29207.5,0,0,0,0,,9,7,4,2,0,0
1789512000,29285,29286,29279.5,29282.75,112,29495.25,,,,29495.25,29207.5,0,0,0,0,,9,7,4,2,0,0
1789512300,29282.25,29286.25,29280,29283.5,126,29495.25,,,,29495.25,29207.5,0,0,0,0,,9,7,4,2,0,0
1789512600,29284.75,29289.25,29284,29284.75,111,29495.25,,,,29495.25,29207.5,0,0,0,0,,9,7,4,2,0,0
1789512900,29285.75,29286.75,29282.25,29282.5,80,29495.25,,,,29495.25,29207.5,0,0,0,0,,9,7,4,2,0,0
1789513200,29282,29284.5,29278,29280,214,29495.25,,,,29495.25,29207.5,0,0,0,0,,9,7,4,2,0,0
1789513500,29280.5,29283,29278.5,29279,75,29495.25,,,,29495.25,29207.5,0,0,0,0,,9,7,4,2,0,0
1789513800,29279.5,29283.25,29276,29278.75,204,29495.25,,,,29495.25,29207.5,0,0,0,0,,9,7,4,2,0,0
1789514100,29278,29279.5,29273,29275,141,29495.25,,,,29495.25,29207.5,0,0,0,0,,9,7,4,2,0,0
1789514400,29276.5,29277,29273.25,29275,60,29495.25,,,,29495.25,29207.5,0,0,0,0,,9,7,4,2,0,0
1789514700,29274.75,29275,29265.75,29267,248,29495.25,,,,29495.25,29207.5,0,0,0,0,,9,7,4,2,0,0
1789515000,29267.25,29271.75,29266,29268.25,148,29495.25,,,,29495.25,29207.5,0,0,0,0,,9,7,4,2,0,0
1789515300,29267,29273.5,29263.25,29273,161,29495.25,,,,29495.25,29207.5,0,0,0,0,,9,7,4,2,0,0
1789515600,29272.75,29286.75,29270,29282.25,407,29495.25,,,,29495.25,29207.5,0,0,0,0,,9,7,4,2,0,0
1789515900,29283,29286.25,29276.25,29278.5,204,29495.25,,,,29495.25,29207.5,0,0,0,0,,9,7,4,2,0,0
1789516200,29278.75,29286.5,29278,29286.25,190,29495.25,,,,29495.25,29207.5,0,0,0,0,,9,7,4,2,0,0
1789516500,29286.5,29287.75,29274,29278.5,203,29495.25,,,,29495.25,29207.5,0,0,0,0,,9,7,4,2,0,0
1789516800,29277.5,29286,29257.75,29267.5,906,,,,,29495.25,29207.5,0,0,0,0,,9,7,4,2,0,0
1789517100,29271,29278.25,29262.75,29264,382,,,,,29495.25,29207.5,0,0,0,0,,9,7,4,2,0,0
1789517400,29267.25,29284,29261,29278.25,516,,,,,29495.25,29207.5,0,0,0,0,,9,7,4,2,0,0
1789517700,29279,29283.5,29271,29279.25,502,,,,,29495.25,29207.5,0,0,0,0,,9,7,4,2,0,0
1789518000,29277.75,29279.5,29270.75,29271.25,165,,,,,29495.25,29207.5,0,0,0,0,,9,7,4,2,0,0
1789518300,29270.75,29278,29267,29274.5,268,,,,,29495.25,29207.5,0,0,0,0,,9,7,4,2,0,0
1789518600,29275.5,29285.25,29271.5,29271.75,287,,,,,29495.25,29207.5,0,0,0,0,,9,7,4,2,0,0
1789518900,29271.25,29280.25,29264.75,29278.75,277,,,,,29495.25,29207.5,0,0,0,0,,9,7,4,2,0,0
1789519200,29277.25,29278,29271.5,29272.25,172,,,,,29495.25,29207.5,0,0,0,0,,9,7,4,2,0,0
1789519500,29272.5,29285.25,29267.5,29279,346,,,,,29495.25,29207.5,0,0,0,0,,9,7,4,2,0,0
1789519800,29280.75,29282.5,29274.75,29278.5,184,,,,,29495.25,29207.5,0,0,0,0,,9,7,4,2,0,0
1789520100,29277.5,29279.75,29268.5,29272.5,267,,,,,29495.25,29207.5,0,0,0,0,,9,7,4,2,0,0
1789520400,29272.25,29277,29258.75,29260.5,493,,,,,29495.25,29207.5,0,0,0,0,,9,7,4,2,0,0
1789520700,29259.25,29259.25,29243,29246,891,,,,,29495.25,29207.5,0,0,0,0,,9,7,4,2,0,0
1789521000,29245.75,29283.5,29240.5,29282.5,1189,,,,,29495.25,29207.5,0,0,0,0,,9,7,4,2,0,0
1789521300,29283,29288,29269.75,29274.75,725,,,,,29495.25,29207.5,0,0,0,0,,9,7,4,2,0,0
1789521600,29274.25,29288.75,29272.5,29285.5,444,,,,,29495.25,29207.5,0,0,0,0,,9,7,4,2,0,0
1789521900,29285.5,29288.75,29276.75,29277,263,,,,,29495.25,29207.5,0,0,0,0,,9,7,4,2,0,0
1789522200,29276.75,29278.75,29261.5,29271,450,,,,,29495.25,29207.5,0,0,0,0,,9,7,4,2,0,0
1789522500,29270.75,29274,29244.75,29251,622,,,,,29495.25,29207.5,0,0,0,0,,9,7,4,2,0,0
1789522800,29250.25,29262,29248.75,29256.5,330,,,,,29495.25,29207.5,0,0,0,0,,9,7,4,2,0,0
1789523100,29256.5,29267,29249.75,29251.75,501,,,,,29495.25,29207.5,0,0,0,0,,9,7,4,2,0,0
1789523400,29251,29252.5,29232,29234.5,673,,,,,29495.25,29207.5,0,0,0,0,,9,7,4,2,0,0
1789523700,29233.75,29240,29226,29230,496,,,,,29495.25,29207.5,0,0,0,0,,9,7,4,2,0,0
1789524000,29228.75,29260.5,29228,29253.25,872,,,,,29495.25,29207.5,0,0,0,0,,9,7,4,2,0,0
1789524300,29254,29255,29234,29243.75,385,,,,,29495.25,29207.5,0,0,0,0,,9,7,4,2,0,0
1789524600,29244,29253.5,29228,29233,417,,,,,29495.25,29207.5,0,0,0,0,,9,7,4,2,0,0
1789524900,29234.5,29249,29233.75,29247.75,279,,,,,29495.25,29207.5,0,0,0,0,,9,7,4,2,0,0
1789525200,29247.25,29260,29241.5,29258.5,256,,,,,29495.25,29207.5,0,0,0,0,,9,7,4,2,0,0
1789525500,29259,29278.5,29258.5,29274.5,634,,,,,29495.25,29207.5,0,0,0,0,,9,7,4,2,0,0
1789525800,29274.75,29284,29268.25,29274.75,673,,,,,29495.25,29207.5,0,0,0,0,,9,7,4,2,0,0
1789526100,29276.25,29283,29268,29269.75,427,,,,,29495.25,29207.5,0,0,0,0,,9,7,4,2,0,0
1789526400,29271.25,29273.75,29254.75,29260.5,331,,,,,29495.25,29207.5,0,0,0,0,,9,7,4,2,0,0
1789526700,29261,29270.5,29259.5,29268,193,,,,,29495.25,29207.5,0,0,0,0,,9,7,4,2,0,0
1789527000,29267.25,29280,29264.5,29274,316,,,,,29495.25,29207.5,0,0,0,0,,9,7,4,2,0,0
1789527300,29274.75,29283.5,29273.75,29282.75,219,,,,,29495.25,29207.5,0,0,0,0,,9,7,4,2,0,0
1789527600,29282.75,29305,29280.75,29300,714,,,,,29495.25,29207.5,0,0,0,0,,9,7,4,2,0,0
1789527900,29300,29305.75,29292,29295,406,,,,,29495.25,29207.5,0,0,0,0,,9,7,4,2,0,0
1789528200,29295.75,29321.25,29293.5,29320,787,,,,,29495.25,29207.5,0,0,0,0,,9,7,4,2,0,0
1789528500,29320.25,29335.75,29317.5,29332.5,716,,,,,29495.25,29207.5,0,0,0,0,,9,7,4,2,0,0
1789528800,29332.75,29358.5,29327.75,29342.75,1196,,,,,29495.25,29207.5,0,0,0,0,,9,7,4,2,0,0
1789529100,29344,29347.25,29320,29320.5,581,,,,,29495.25,29207.5,0,0,0,0,,9,7,4,2,0,0
1789529400,29320,29324.5,29307.25,29308,496,,,,,29495.25,29207.5,0,0,0,0,,9,7,4,2,0,0
1789529700,29309,29312.5,29299.75,29311.25,640,,,,,29495.25,29207.5,0,0,0,0,,9,7,4,2,0,0
1789530000,29311.25,29324,29308.5,29321.75,599,,,,,29495.25,29207.5,0,0,0,0,,9,7,4,2,0,0
1789530300,29321.75,29338.75,29321.75,29328.75,747,,,,,29495.25,29207.5,0,0,0,0,,9,7,4,2,0,0
1789530600,29328.25,29335.25,29325.25,29326.75,291,,,,,29495.25,29207.5,0,0,0,0,,9,7,4,2,0,0
1789530900,29326.5,29336.5,29324.75,29329.75,159,,,,,29495.25,29207.5,0,0,0,0,,9,7,4,2,0,0
1789531200,29331,29342.25,29330,29339.5,241,29358.5,29226,,,29495.25,29207.5,0,0,0,0,,9,7,4,2,0,0
1789531500,29339,29339.75,29328.5,29333.75,479,29358.5,29226,,,29495.25,29207.5,0,0,0,0,,9,7,4,2,0,0
1789531800,29332.75,29336,29328.5,29332,191,29358.5,29226,,,29495.25,29207.5,0,0,0,0,,9,7,4,2,0,0
1789532100,29331.75,29333.75,29323.75,29324.75,280,29358.5,29226,,,29495.25,29207.5,0,0,0,0,,9,7,4,2,0,0
1789532400,29326,29340.5,29326,29334.75,326,29358.5,29226,,,29495.25,29207.5,0,0,0,0,,9,7,4,2,0,0
1789532700,29334.5,29335.5,29319,29323.25,219,29358.5,29226,,,29495.25,29207.5,0,0,0,0,,9,7,4,2,0,0
1789533000,29321.25,29322.75,29302,29303.5,272,29358.5,29226,,,29495.25,29207.5,0,0,0,0,,9,7,4,2,0,0
1789533300,29303.25,29312.25,29298.75,29308,317,29358.5,29226,,,29495.25,29207.5,0,0,0,0,,9,7,4,2,0,0
1789533600,29308.5,29315.25,29302.5,29304.25,279,29358.5,29226,,,29495.25,29207.5,0,0,0,0,,9,7,4,2,0,0
1789533900,29305.25,29319.25,29304,29317.25,206,29358.5,29226,,,29495.25,29207.5,0,0,0,0,,9,7,4,2,0,0
1789534200,29317,29320,29309,29311.75,162,29358.5,29226,,,29495.25,29207.5,0,0,0,0,,9,7,4,2,0,0
1789534500,29310.75,29316.25,29303.5,29303.75,384,29358.5,29226,,,29495.25,29207.5,0,0,0,0,,9,7,4,2,0,0
1789534800,29303.25,29307.25,29285.5,29303.5,632,29358.5,29226,,,29495.25,29207.5,0,0,0,0,,9,7,4,2,0,0
1789535100,29304.25,29313.75,29297.25,29313.75,390,29358.5,29226,,,29495.25,29207.5,0,0,0,0,,9,7,4,2,0,0
1789535400,29313.5,29317,29306.25,29312.25,309,29358.5,29226,,,29495.25,29207.5,0,0,0,0,,9,7,4,2,0,0
1789535700,29312.75,29325.75,29312,29321.25,365,29358.5,29226,,,29495.25,29207.5,0,0,0,0,,9,7,4,2,0,0
1789536000,29320.5,29323.25,29310.75,29317.5,316,29358.5,29226,,,29495.25,29207.5,0,0,0,0,,9,7,4,2,0,0
1789536300,29317.5,29323.75,29309.25,29322.5,299,29358.5,29226,,,29495.25,29207.5,0,0,0,0,,9,7,4,2,0,0
1789536600,29321,29326.5,29314.75,29323,294,29358.5,29226,,,29495.25,29207.5,0,0,0,0,,9,7,4,2,0,0
1789536900,29321,29333.5,29319.5,29329,662,29358.5,29226,,,29495.25,29207.5,0,0,0,0,,9,7,4,2,0,0
1789537200,29329.25,29345.75,29329.25,29343.25,509,29358.5,29226,,,29495.25,29207.5,0,0,0,0,,9,7,4,2,0,0
1789537500,29343.5,29348.25,29324.75,29325.5,438,29358.5,29226,,,29495.25,29207.5,0,0,0,0,,9,7,4,2,0,0
1789537800,29325.75,29333,29320.5,29333,464,29358.5,29226,,,29495.25,29207.5,0,0,0,0,,9,7,4,2,0,0
1789538100,29332.5,29341.25,29331.25,29334.25,353,29358.5,29226,,,29495.25,29207.5,0,0,0,0,,9,7,4,2,0,0
1789538400,29334,29357.75,29328.75,29334.5,1141,29358.5,29226,,,29495.25,29207.5,0,0,0,0,,9,7,4,2,0,0
1789538700,29334.5,29365,29334.5,29357.25,758,,29226,,,29495.25,29207.5,0,0,0,0,,9,7,4,2,0,0
1789539000,29357.25,29372.5,29356.25,29360.75,804,,29226,,,29495.25,29207.5,0,0,0,0,,9,7,4,2,0,0
1789539300,29360,29364.25,29348.25,29363,677,,29226,,,29495.25,29207.5,0,0,0,0,,9,7,4,2,0,0
1789539600,29363.5,29365.25,29340.5,29343.25,414,,29226,,,29495.25,29207.5,0,0,0,0,,9,7,4,2,0,0
1789539900,29343.75,29347.25,29328.75,29341.25,427,,29226,,,29495.25,29207.5,0,0,0,0,,9,7,4,2,0,0
1789540200,29341.5,29345,29330.75,29340.75,563,,29226,,,29495.25,29207.5,0,0,0,0,,9,7,4,2,0,0
1789540500,29340.25,29349,29334.25,29342.75,343,,29226,,,29495.25,29207.5,0,0,0,0,,9,7,4,2,0,0
1789540800,29342,29346.5,29335.25,29344.5,270,,29226,,,29495.25,29207.5,0,0,0,0,,9,7,4,2,0,0
1789541100,29344.5,29347.5,29332.75,29343.5,309,,29226,,,29495.25,29207.5,0,0,0,0,,9,7,4,2,0,0
1789541400,29341.5,29361.5,29340,29353,445,,29226,,,29495.25,29207.5,0,0,0,0,,9,7,4,2,0,0
1789541700,29354.75,29369,29349.25,29365.75,407,,29226,,,29495.25,29207.5,0,0,0,0,,9,7,4,2,0,0
1789542000,29365.5,29393.5,29359,29391.25,1268,,29226,,,29495.25,29207.5,0,0,0,0,,9,7,4,2,0,0
1789542300,29389.5,29395.5,29378,29393,846,,29226,,,29495.25,29207.5,0,0,0,0,,9,7,4,2,0,0
1789542600,29393.25,29394.5,29378.25,29384.75,612,,29226,,,29495.25,29207.5,0,0,0,0,,9,7,4,2,0,0
1789542900,29384.5,29388.75,29367.25,29367.5,649,,29226,,,29495.25,29207.5,0,0,0,0,,9,7,4,2,0,0
1789543200,29367.25,29392.25,29367.25,29385.5,436,,29226,,,29495.25,29207.5,0,0,0,0,,9,7,4,2,0,0
1789543500,29384.75,29390.25,29382.25,29386.75,258,,29226,,,29495.25,29207.5,0,0,0,0,,9,7,4,2,0,0
1789543800,29386.75,29398,29383.25,29387.75,490,,29226,,,29495.25,29207.5,0,0,0,0,,9,7,4,2,0,0
1789544100,29388.25,29389.25,29373.25,29373.5,326,,29226,,,29495.25,29207.5,0,0,0,0,,9,7,4,2,0,0
1789544400,29373,29376.75,29366.75,29370.25,347,,29226,,,29495.25,29207.5,0,0,0,0,,9,7,4,2,0,0
1789544700,29371.75,29376.5,29366.25,29370.5,265,,29226,,,29495.25,29207.5,0,0,0,0,,9,7,4,2,0,0
1789545000,29371.75,29371.75,29360,29360.5,438,,29226,,,29495.25,29207.5,0,0,0,0,,9,7,4,2,0,0
1789545300,29360.25,29376.75,29359.5,29369.25,425,,29226,,,29495.25,29207.5,0,0,0,0,,9,7,4,2,0,0
1789545600,29369,29376.5,29345,29346.5,861,,29226,,,29495.25,29207.5,0,0,0,0,,9,7,4,2,0,0
1789545900,29346.5,29356,29336.25,29345.75,688,,29226,,,29495.25,29207.5,0,0,0,0,,9,7,4,2,0,0
1789546200,29343.75,29349.25,29327.5,29346.25,727,,29226,,,29495.25,29207.5,0,0,0,0,,9,7,4,2,0,0
1789546500,29345.25,29374.5,29343.5,29355,1235,,29226,,,29495.25,29207.5,0,0,0,0,,9,7,4,2,0,0
1789546800,29354.5,29368.25,29337,29339,1214,,29226,,,29495.25,29207.5,0,0,0,0,,9,7,4,2,0,0
1789547100,29338.5,29350.25,29331.25,29348.25,469,,29226,,,29495.25,29207.5,0,0,0,0,,9,7,4,2,0,0
1789547400,29347.75,29365,29342,29348.5,830,,29226,,,29495.25,29207.5,0,0,0,0,,9,7,4,2,0,0
1789547700,29348.75,29352.25,29328.75,29329.25,347,,29226,,,29495.25,29207.5,0,0,0,0,,9,7,4,2,0,0
1789548000,29329.5,29349.5,29326,29347.5,592,,29226,,,29495.25,29207.5,0,0,0,0,,9,7,4,2,0,0
1789548300,29347.75,29353.75,29340.75,29342.75,274,,29226,,,29495.25,29207.5,0,0,0,0,,9,7,4,2,0,0
1789548600,29341.75,29366.5,29341.75,29364,346,,29226,,,29495.25,29207.5,0,0,0,0,,9,7,4,2,0,0
1789548900,29363.25,29375,29361.75,29372.5,380,,29226,,,29495.25,29207.5,0,0,0,0,,9,7,4,2,0,0
1789549200,29372.5,29378.25,29363.25,29376.5,534,,29226,29398,29326,29495.25,29207.5,0,0,0,0,,9,7,4,2,0,0
1789549500,29377.25,29382.5,29365.5,29372,491,,29226,29398,29326,29495.25,29207.5,0,0,0,0,,9,7,4,2,0,0
1789549800,29369.5,29374.25,29355.5,29356.5,242,,29226,29398,29326,29495.25,29207.5,0,0,0,0,,9,7,4,2,0,0
1789550100,29357.25,29359,29336.75,29338.75,416,,29226,29398,29326,29495.25,29207.5,0,0,0,0,,9,7,4,2,0,0
1789550400,29336.75,29352.25,29336.75,29343.75,286,,29226,29398,29326,29495.25,29207.5,0,0,0,0,,9,7,4,2,0,0
1789550700,29344.25,29372,29342.5,29356.5,787,,29226,29398,29326,29495.25,29207.5,0,0,0,0,,9,7,4,2,0,0
1789551000,29356.5,29366.25,29352.25,29364.5,280,,29226,29398,29326,29495.25,29207.5,0,0,0,0,,9,7,4,2,0,0
1789551300,29364.25,29372.75,29360.25,29372,292,,29226,29398,29326,29495.25,29207.5,0,0,0,0,,9,7,4,2,0,0
1789551600,29373,29389.75,29370,29382.75,631,,29226,29398,29326,29495.25,29207.5,0,0,0,0,,9,7,4,2,0,0
1789551900,29382,29383.25,29367,29375,322,,29226,29398,29326,29495.25,29207.5,0,0,0,0,,9,7,4,2,0,0
1789552200,29375.5,29386.5,29374.75,29386.25,208,,29226,29398,29326,29495.25,29207.5,0,0,0,0,,9,7,4,2,0,0
1789552500,29386.75,29392,29379.75,29380.5,265,,29226,29398,29326,29495.25,29207.5,0,0,0,0,,9,7,4,2,0,0
1789552800,29380.25,29386.75,29363,29363,594,,29226,29398,29326,29495.25,29207.5,0,0,0,0,,9,7,4,2,0,0
1789553100,29363.25,29376.5,29357.5,29376.5,728,,29226,29398,29326,29495.25,29207.5,0,0,0,0,,9,7,4,2,0,0
1789553400,29377,29378.75,29356,29369.5,495,,29226,29398,29326,29495.25,29207.5,0,0,0,0,,9,7,4,2,0,0
1789553700,29369.75,29374.75,29362.25,29371,286,,29226,29398,29326,29495.25,29207.5,0,0,0,0,,9,7,4,2,0,0
1789554000,29370.5,29377,29365.25,29367.75,306,,29226,29398,29326,29495.25,29207.5,0,0,0,0,,9,7,4,2,0,0
1789554300,29367.75,29376,29365,29374.75,193,,29226,29398,29326,29495.25,29207.5,0,0,0,0,,9,7,4,2,0,0
1789554600,29373.5,29378.5,29369.5,29371,259,,29226,29398,29326,29495.25,29207.5,0,0,0,0,,9,7,4,2,0,0
1789554900,29371.75,29381.5,29371.75,29380.5,459,,29226,29398,29326,29495.25,29207.5,0,0,0,0,,9,7,4,2,0,0
1789555200,29381.25,29384.25,29378.5,29382.75,259,,29226,29398,29326,29495.25,29207.5,0,0,0,0,,9,7,4,2,0,0
1789555500,29381.75,29381.75,29372,29375.75,181,,29226,29398,29326,29495.25,29207.5,0,0,0,0,,9,7,4,2,0,0
1789555800,29375.75,29376.5,29368.5,29371.75,130,,29226,29398,29326,29495.25,29207.5,0,0,0,0,,9,7,4,2,0,0
1789556100,29370.75,29400.5,29368.75,29397.5,636,,29226,,29326,29495.25,29207.5,0,0,0,0,,9,7,4,2,0,0
1789556400,29398,29419.25,29383.75,29393.5,2190,,29226,,29326,29495.25,29207.5,0,0,0,0,,9,7,4,2,0,0
1789556700,29392,29399,29377.5,29393.5,641,,29226,,29326,29495.25,29207.5,0,0,0,0,,9,7,4,2,0,0
1789557000,29392.25,29395.25,29372.5,29372.5,322,,29226,,29326,29495.25,29207.5,0,0,0,0,,9,7,4,2,0,0
1789557300,29373,29378.25,29363.5,29377.75,486,,29226,,29326,29495.25,29207.5,0,0,0,0,,9,7,4,2,0,0
1789557600,29377.5,29378.5,29366,29375.25,378,,29226,,29326,29495.25,29207.5,0,0,0,0,,9,7,4,2,0,0
1789557900,29376.25,29388.5,29375.25,29380.25,523,,29226,,29326,29495.25,29207.5,0,0,0,0,,9,7,4,2,0,0
1789558200,29380.25,29395.75,29378.25,29391.5,556,,29226,,29326,29495.25,29207.5,0,0,0,0,,9,7,4,2,0,0
1789558500,29391,29399.25,29385.75,29398.5,528,,29226,,29326,29495.25,29207.5,0,0,0,0,,9,7,4,2,0,0
1789558800,29397.5,29417.75,29380.75,29409.25,1304,,29226,,29326,29495.25,29207.5,0,0,0,0,,9,7,4,2,0,0
1789559100,29410,29414.75,29405,29408.5,332,,29226,,29326,29495.25,29207.5,0,0,0,0,,9,7,4,2,0,0
1789559400,29409.25,29414.5,29406.25,29412.5,392,,29226,,29326,29495.25,29207.5,0,0,0,0,,9,7,4,2,0,0
1789559700,29412,29417,29403,29417,490,,29226,,29326,29495.25,29207.5,0,0,0,0,,9,7,4,2,0,0
1789560000,29415.5,29430,29412,29423.5,1491,,29226,,29326,29495.25,29207.5,0,0,0,0,,9,7,4,2,0,0
1789560300,29424,29439,29417.5,29434.5,917,,29226,,29326,29495.25,29207.5,0,0,0,0,,9,7,4,2,0,0
1789560600,29434,29434.75,29421.5,29423.25,653,,29226,,29326,29495.25,29207.5,0,0,0,0,,9,7,4,2,0,0
1789560900,29422.75,29432,29420.5,29432,924,,29226,,29326,29495.25,29207.5,0,0,0,0,,9,7,4,2,0,0
1789561200,29432.25,29436,29422.5,29423,1089,,29226,,29326,29495.25,29207.5,0,0,0,0,,9,7,4,2,0,0
1789561500,29424.25,29436.5,29422,29433.5,801,,29226,,29326,29495.25,29207.5,0,0,0,0,,9,7,4,2,0,0
1789561800,29432.5,29432.75,29403.5,29411.25,1295,,29226,,29326,29495.25,29207.5,0,0,0,0,0,9,7,4,2,0,0
1789562100,29410,29414.25,29374.75,29383.5,1711,,29226,,29326,29495.25,29207.5,0,0,0,0,0,9,7,4,2,0,0
1789562400,29384.25,29385,29368,29369,1176,,29226,,29326,29495.25,29207.5,0,0,0,0,0,9,7,4,2,0,0
1789562700,29368,29398.25,29364,29397.25,1275,,29226,,29326,29495.25,29207.5,0,0,0,0,0,9,7,4,2,0,0
1789563000,29397,29405,29376.75,29379,1235,,29226,,29326,29495.25,29207.5,0,0,0,0,0,9,7,4,2,0,0
1789563300,29378.5,29406,29376,29403,1044,,29226,,29326,29495.25,29207.5,0,0,0,0,0,9,7,4,2,0,0
1789563600,29401.25,29412.5,29363.75,29367,1918,,29226,,29326,29495.25,29207.5,0,0,0,0,0,9,7,4,2,0,0
1789563900,29367.5,29392,29366.5,29391,1042,,29226,,29326,29495.25,29207.5,0,0,0,0,0,9,7,4,2,0,0
1789564200,29391.5,29405,29385.25,29403,1132,,29226,,29326,29495.25,29207.5,0,0,0,0,0,9,7,4,2,0,0
1789564500,29403,29403.25,29384.75,29388.25,1168,,29226,,29326,29495.25,29207.5,0,0,0,0,0,9,7,4,2,0,0
1789564800,29388.25,29415.5,29384.75,29397,2404,,29226,,29326,29495.25,29207.5,0,0,0,0,0,9,7,4,2,0,0
1789565100,29397.25,29403,29385.75,29386.25,2272,,29226,,29326,29495.25,29207.5,0,0,0,0,0,9,7,4,2,0,0
1789565400,29386.75,29421.25,29380,29405.75,14316,,29226,,29326,29495.25,29207.5,0,0,0,0,0,9,7,4,2,0,0
1789565700,29406.25,29411.75,29373.25,29391,6755,,29226,,29326,29495.25,29207.5,0,0,0,0,0,9,7,4,2,0,0
1789566000,29391.75,29421.75,29387.5,29404.5,6163,,29226,,29326,29495.25,29207.5,0,0,0,0,0,9,7,4,2,0,0
1789566300,29404.25,29465,29401.5,29461.75,9085,,29226,,29326,29495.25,29207.5,0,0,0,0,0,9,7,4,2,0,0
1789566600,29462.25,29477.5,29453.5,29463,6593,,29226,,29326,29495.25,29207.5,0,0,0,0,0,9,7,4,2,0,0
1789566900,29462.5,29481.5,29456.75,29478.75,4183,,29226,,29326,29495.25,29207.5,0,0,0,0,0,9,7,4,2,0,0
1789567200,29479.25,29484.25,29430.25,29435.25,6801,,29226,,29326,29495.25,29207.5,0,0,0,0,0,9,7,4,2,0,0
1789567500,29435.25,29468,29424.5,29454.5,5980,,29226,,29326,29495.25,29207.5,0,0,0,0,0,9,7,4,2,0,0
1789567800,29454.25,29462,29418,29450,4970,,29226,,29326,29495.25,29207.5,0,0,0,0,0,9,7,4,2,0,0
1789568100,29449.75,29477,29445,29469.75,4697,,29226,,29326,29495.25,29207.5,0,0,0,0,0,9,7,4,2,0,0
1789568400,29469.5,29474.75,29455,29463.5,3699,,29226,,29326,29495.25,29207.5,0,0,0,0,0,9,7,4,2,0,0
1789568700,29463.5,29465,29444.5,29452.25,3397,,29226,,29326,29495.25,29207.5,0,0,0,0,0,9,7,4,2,0,0
1789569000,29452,29459,29437.25,29445,3762,,29226,,29326,29495.25,29207.5,0,0,0,0,0,9,7,4,2,0,0
1789569300,29445,29449.5,29425.75,29438.75,3299,,29226,,29326,29495.25,29207.5,0,0,0,0,0,9,7,4,2,0,0
1789569600,29438.25,29466.75,29437,29466.75,3515,,29226,,29326,29495.25,29207.5,0,0,0,0,0,9,7,4,2,0,0
1789569900,29466.5,29475.25,29451,29457.25,3662,,29226,,29326,29495.25,29207.5,0,0,0,0,0,9,7,4,2,0,0
1789570200,29457.25,29472.75,29450.25,29463.75,2374,,29226,,29326,29495.25,29207.5,0,0,0,0,0,9,7,4,2,0,0
1789570500,29464.25,29501,29460.5,29499.5,4177,,29226,,29326,,29207.5,1,0,0,0,0,10,8,4,2,0,0
1789570800,29499.25,29514.5,29485,29501.5,5922,,29226,,29326,,29207.5,0,0,0,0,,10,8,4,2,0,0
1789571100,29501,29535.75,29491.75,29528.5,6511,,29226,,29326,,29207.5,0,0,0,0,,10,8,4,2,0,0
1789571400,29529,29533.25,29508.75,29524,4967,,29226,,29326,,29207.5,0,0,0,0,,10,8,4,2,0,0
1789571700,29523.75,29526,29494.75,29507.75,3380,,29226,,29326,,29207.5,0,0,0,0,,10,8,4,2,0,0
1789572000,29508.5,29517.5,29499.75,29516.5,2301,,29226,,29326,,29207.5,0,0,0,0,,10,8,4,2,0,0
1789572300,29516,29524.75,29501.25,29506.25,2508,,29226,,29326,,29207.5,0,0,0,0,,10,8,4,2,0,0
1789572600,29506.5,29510.5,29482.25,29489.25,3649,,29226,,29326,,29207.5,0,0,0,0,,10,8,4,2,0,0
1789572900,29490.25,29506,29483.5,29493.5,3344,,29226,,29326,,29207.5,0,0,0,0,,10,8,4,2,0,0
1789573200,29493.25,29502.5,29485,29496,2062,,29226,,29326,,29207.5,0,0,0,0,,10,8,4,2,0,0
1789573500,29496,29549.75,29489,29527.5,7568,,29226,,29326,,29207.5,0,0,0,0,,10,8,4,2,0,0
1789573800,29528.25,29531.5,29510.25,29511,3071,,29226,,29326,,29207.5,0,0,0,0,,10,8,4,2,0,0
1789574100,29511.5,29516.25,29497.5,29499.25,2244,,29226,,29326,,29207.5,0,0,0,0,,10,8,4,2,0,0
1789574400,29499.5,29502.5,29475.5,29475.75,2754,,29226,,29326,,29207.5,0,0,0,0,,10,8,4,2,0,0
1789574700,29475.5,29489,29475.25,29485.5,1651,,29226,,29326,,29207.5,0,0,0,0,,10,8,4,2,0,0
1789575000,29485.75,29487.25,29470.5,29484.5,1708,,29226,,29326,,29207.5,0,0,0,0,,10,8,4,2,0,0
1789575300,29484.5,29495.75,29481.5,29490.5,1625,,29226,,29326,,29207.5,0,0,0,0,,10,8,4,2,0,0
1789575600,29490,29490.5,29467.5,29469.5,1990,,29226,,29326,,29207.5,0,0,0,0,,10,8,4,2,0,0
1789575900,29470,29486,29468.25,29485,1478,,29226,,29326,,29207.5,0,0,0,0,,10,8,4,2,0,0
1789576200,29484.75,29487.75,29464.25,29465.75,1620,,29226,,29326,,29207.5,0,0,0,0,,10,8,4,2,0,0
1789576500,29465.25,29474.5,29464.75,29470.5,1031,,29226,,29326,,29207.5,0,0,0,0,,10,8,4,2,0,0
1789576800,29470.75,29476.5,29466.75,29470,1047,,29226,,29326,,29207.5,0,0,0,0,,10,8,4,2,0,0
1789577100,29470.25,29492.25,29470.25,29486,1675,,29226,,29326,,29207.5,0,0,0,0,,10,8,4,2,0,0
1789577400,29485,29488,29466.25,29474.25,1599,,29226,,29326,,29207.5,0,0,0,0,,10,8,4,2,0,0
1789577700,29474.25,29479.5,29467.75,29468.5,1135,,29226,,29326,,29207.5,0,0,0,0,,10,8,4,2,0,0
1789578000,29469,29469.5,29439.75,29448,2488,,29226,,29326,,29207.5,0,0,0,0,,10,8,4,2,0,0
1789578300,29448,29452.5,29445,29452.25,1226,,29226,,29326,,29207.5,0,0,0,0,,10,8,4,2,0,0
1789578600,29452,29463.25,29444.5,29460.5,1311,,29226,,29326,,29207.5,0,0,0,0,,10,8,4,2,0,0
1789578900,29460,29465,29452.25,29454.25,1153,,29226,,29326,,29207.5,0,0,0,0,,10,8,4,2,0,0
1789579200,29454.25,29463,29443.75,29448.5,1286,,29226,,29326,,29207.5,0,0,0,0,,10,8,4,2,0,0
1789579500,29448,29458,29447.5,29456,1101,,29226,,29326,,29207.5,0,0,0,0,,10,8,4,2,0,0
1789579800,29457,29463,29447,29451.5,1324,,29226,,29326,,29207.5,0,0,0,0,,10,8,4,2,0,0
1789580100,29451.75,29455.25,29440.5,29441,1183,,29226,,29326,,29207.5,0,0,0,0,,10,8,4,2,0,0
1789580400,29440.5,29441.25,29419.25,29423,2317,,29226,,29326,,29207.5,0,0,0,0,,10,8,4,2,0,0
1789580700,29422.75,29444.25,29422.75,29433.25,1694,,29226,,29326,,29207.5,0,0,0,0,,10,8,4,2,0,0
1789581000,29433.25,29450.75,29426,29446.25,1708,,29226,,29326,,29207.5,0,0,0,0,,10,8,4,2,0,0
1789581300,29445,29478.5,29443.5,29475,2881,,29226,,29326,,29207.5,0,0,0,0,,10,8,4,2,0,0
1789581600,29478.75,29517,29412.25,29507.5,11717,,29226,,29326,,29207.5,0,0,0,0,,10,8,4,2,0,0
1789581900,29509,29539,29493.75,29500.5,8058,,29226,,29326,,29207.5,0,0,0,0,,10,8,4,2,0,0
1789582200,29501,29509.75,29457,29465.5,6067,,29226,,29326,,29207.5,0,0,0,0,,10,8,4,2,0,0
1789582500,29464.75,29482.75,29450,29464.75,4108,,29226,,29326,,29207.5,0,0,0,0,,10,8,4,2,0,0
1789582800,29463.75,29479.25,29447.5,29454.75,3381,,29226,,29326,,29207.5,0,0,0,0,,10,8,4,2,0,0
1789583100,29455.25,29460.75,29406.5,29454.75,5720,,29226,,29326,,29207.5,0,0,0,0,,10,8,4,2,0,0
1789583400,29455.5,29467.5,29365,29371.5,10976,,29226,,29326,,29207.5,0,0,0,0,,10,8,4,2,0,0
1789583700,29370,29402.75,29301,29392,12538,,29226,,,,29207.5,0,0,0,0,,10,8,4,2,0,0
1789584000,29391,29494.75,29384.75,29438.75,10679,,29226,,,,29207.5,0,0,0,0,,10,8,4,2,0,0
1789584300,29439,29472.25,29376.25,29381.25,8542,,29226,,,,29207.5,0,0,0,0,,10,8,4,2,0,0
1789584600,29382.25,29397,29291.5,29295.25,11391,,29226,,,,29207.5,0,0,0,0,,10,8,4,2,0,0
1789584900,29296,29326.5,29221.5,29231.75,14657,,,,,,29207.5,0,0,0,0,,10,8,4,2,0,0
1789585200,29231,29303.75,29221.25,29273.25,12025,,,,,,29207.5,0,0,0,0,,10,8,4,2,0,0
1789585500,29273,29277.75,29187,29204.75,11799,,,,,,,0,0,0,0,,10,8,4,2,0,0
1789585800,29203.75,29213,29108,29130,13008,,,,,,,0,0,0,0,,10,8,4,2,0,0
1789586100,29129.75,29164.25,29084,29109.75,10403,,,,,,,0,0,0,0,,10,8,4,2,0,0
1789586400,29109.75,29131.5,29083.25,29111.25,9923,,,,,,,0,0,0,0,,10,8,4,2,0,0
1789586700,29113.25,29136.75,29053,29132,9590,,,,,,,0,0,0,0,,10,8,4,2,0,0
1789587000,29132,29196.75,29122.5,29195.25,10209,,,,,,,0,0,0,0,,10,8,4,2,0,0
1789587300,29195.25,29199.75,29142.25,29190,7331,,,,,,,0,0,0,0,,10,8,4,2,0,0
1789587600,29190.25,29208.75,29151,29174,6398,,,,,,,0,0,0,0,,10,8,4,2,0,0
1789587900,29174.25,29236.5,29173.25,29224.75,7093,,,,,,,0,0,0,0,,10,8,4,2,0,0
1789588200,29224.5,29254.25,29217,29240,8721,,,,,,,0,0,0,0,,10,8,4,2,0,0
1789588500,29241,29268.75,29217.75,29254,14070,,,,,,,0,0,0,0,,10,8,4,2,0,0
1789588800,29254.25,29283.25,29248,29269,6323,,,,,,,0,0,0,0,,10,8,4,2,0,0
1789589100,29269,29279.75,29257.75,29268.75,2252,,,,,,,0,0,0,0,,10,8,4,2,0,0
1789589400,29267.25,29270.25,29259,29265.75,1006,,,,,,,0,0,0,0,,10,8,4,2,0,0
1789589700,29265.5,29270.25,29257,29261,855,,,,,,,0,0,0,0,,10,8,4,2,0,0
1789590000,29261.75,29266,29248.75,29249.75,759,,,,,,,0,0,0,0,,10,8,4,2,0,0
1789590300,29250,29250.25,29231,29244.5,1084,,,,,,,0,0,0,0,,10,8,4,2,0,0
1789590600,29243.75,29255,29238,29254.5,465,,,,,,,0,0,0,0,,10,8,4,2,0,0
1789590900,29251.5,29261.75,29242.75,29260.25,268,,,,,,,0,0,0,0,,10,8,4,2,0,0
1789591200,29260.75,29267.5,29252,29259.75,541,,,,,,,0,0,0,0,,10,8,4,2,0,0
1789591500,29260.25,29268.5,29256.75,29268,253,,,,,,,0,0,0,0,,10,8,4,2,0,0
1789591800,29268,29272.75,29261.75,29266,298,,,,,,,0,0,0,0,,10,8,4,2,0,0
1789592100,29266.75,29269.75,29252,29263.75,579,,,,,,,0,0,0,0,,10,8,4,2,0,0
1789596000,29271,29288.5,29247.75,29251.25,749,,,,,29549.75,29053,0,0,0,0,,10,8,4,2,0,0
1789596300,29253.25,29288,29253.25,29282.75,708,,,,,29549.75,29053,0,0,0,0,,10,8,4,2,0,0
1789596600,29282,29286.25,29276.25,29281.25,311,,,,,29549.75,29053,0,0,0,0,,10,8,4,2,0,0
1789596900,29284.75,29288,29280,29287,188,,,,,29549.75,29053,0,0,0,0,,10,8,4,2,0,0
1789597200,29286.5,29300,29286.5,29296.75,479,,,,,29549.75,29053,0,0,0,0,,10,8,4,2,0,0
1789597500,29297.5,29329.5,29297,29322.5,723,,,,,29549.75,29053,0,0,0,0,,10,8,4,2,0,0
1789597800,29323.75,29337.25,29321.25,29333.5,462,,,,,29549.75,29053,0,0,0,0,,10,8,4,2,0,0
1789598100,29332.75,29352.75,29332.75,29349.75,503,,,,,29549.75,29053,0,0,0,0,,10,8,4,2,0,0
1789598400,29350,29369.25,29349.75,29357.25,884,,,,,29549.75,29053,0,0,0,0,,10,8,4,2,0,0
1789598700,29357,29362.5,29342.75,29346.75,640,,,,,29549.75,29053,0,0,0,0,,10,8,4,2,0,0
1789599000,29346.5,29352,29343.5,29345.25,379,,,,,29549.75,29053,0,0,0,0,,10,8,4,2,0,0
1789599300,29346.5,29353.25,29342,29350,302,,,,,29549.75,29053,0,0,0,0,,10,8,4,2,0,0
1789599600,29350.75,29364.5,29349.25,29356,489,,,,,29549.75,29053,0,0,0,0,,10,8,4,2,0,0
1789599900,29354.75,29374.25,29352.25,29372.5,411,,,,,29549.75,29053,0,0,0,0,,10,8,4,2,0,0
1789600200,29373,29375,29364.25,29368.25,305,,,,,29549.75,29053,0,0,0,0,,10,8,4,2,0,0
1789600500,29370,29392,29369.75,29382.75,718,,,,,29549.75,29053,0,0,0,0,,10,8,4,2,0,0
1789600800,29382,29399.75,29382,29397.25,490,,,,,29549.75,29053,0,0,0,0,,10,8,4,2,0,0
1789601100,29397,29416.75,29389,29395.5,1112,,,,,29549.75,29053,0,0,0,0,,10,8,4,2,0,0
1789601400,29396,29412.5,29395.5,29410.5,580,,,,,29549.75,29053,0,0,0,0,,10,8,4,2,0,0
1789601700,29411,29411,29395.5,29402.25,467,,,,,29549.75,29053,0,0,0,0,,10,8,4,2,0,0
1789602000,29403.5,29444.25,29401.25,29436.5,1787,,,,,29549.75,29053,0,0,0,0,,10,8,4,2,0,0
1789602300,29435.25,29457,29433.5,29449.75,1376,,,,,29549.75,29053,0,0,0,0,,10,8,4,2,0,0
1789602600,29450.5,29451.75,29439.5,29442.75,639,,,,,29549.75,29053,0,0,0,0,,10,8,4,2,0,0
1789602900,29443.75,29452,29435,29450.5,659,,,,,29549.75,29053,0,0,0,0,,10,8,4,2,0,0
1789603200,29451.5,29464.75,29441.5,29451,1160,,,,,29549.75,29053,0,0,0,0,,10,8,4,2,0,0
1789603500,29450.25,29462,29441,29453.75,783,,,,,29549.75,29053,0,0,0,0,,10,8,4,2,0,0
1789603800,29454.25,29457.75,29412.75,29413.75,1481,,,,,29549.75,29053,0,0,0,0,,10,8,4,2,0,0
1789604100,29414,29448.75,29409.5,29442.5,1388,,,,,29549.75,29053,0,0,0,0,,10,8,4,2,0,0
1789604400,29442,29447,29426.5,29430.25,605,,,,,29549.75,29053,0,0,0,0,,10,8,4,2,0,0
1789604700,29432.5,29443.5,29426.75,29433.75,521,,,,,29549.75,29053,0,0,0,0,,10,8,4,2,0,0
1789605000,29433.75,29469.5,29432,29457.25,1232,,,,,29549.75,29053,0,0,0,0,,10,8,4,2,0,0
1789605300,29458.25,29467.25,29454,29464.75,391,,,,,29549.75,29053,0,0,0,0,,10,8,4,2,0,0
1789605600,29463.75,29478,29456.5,29458.5,653,,,,,29549.75,29053,0,0,0,0,,10,8,4,2,0,0
1789605900,29458.75,29459,29438.25,29449.25,814,,,,,29549.75,29053,0,0,0,0,,10,8,4,2,0,0
1789606200,29452,29453,29428.75,29436,549,,,,,29549.75,29053,0,0,0,0,,10,8,4,2,0,0
1789606500,29436.5,29467,29434,29450.25,812,,,,,29549.75,29053,0,0,0,0,,10,8,4,2,0,0
1789606800,29451.5,29453.25,29436.25,29451.75,588,,,,,29549.75,29053,0,0,0,0,,10,8,4,2,0,0
1789607100,29451.25,29474.25,29448.25,29452.75,877,,,,,29549.75,29053,0,0,0,0,,10,8,4,2,0,0
1789607400,29452,29453.25,29434,29450.5,687,,,,,29549.75,29053,0,0,0,0,,10,8,4,2,0,0
1789607700,29451,29454.25,29439.25,29443.75,537,,,,,29549.75,29053,0,0,0,0,,10,8,4,2,0,0
1789608000,29444.25,29454.25,29443.25,29449.25,369,,,,,29549.75,29053,0,0,0,0,,10,8,4,2,0,0
1789608300,29450.25,29453.5,29443.25,29446.5,231,,,,,29549.75,29053,0,0,0,0,,10,8,4,2,0,0
1789608600,29447,29466.5,29447,29456.5,618,,,,,29549.75,29053,0,0,0,0,,10,8,4,2,0,0
1789608900,29457.75,29469.25,29440.75,29442.75,577,,,,,29549.75,29053,0,0,0,0,,10,8,4,2,0,0
1789609200,29441,29447,29427.75,29442.25,785,,,,,29549.75,29053,0,0,0,0,,10,8,4,2,0,0
1789609500,29441.5,29447,29435.5,29441,233,,,,,29549.75,29053,0,0,0,0,,10,8,4,2,0,0
1789609800,29440.25,29440.5,29413,29423.75,867,,,,,29549.75,29053,0,0,0,0,,10,8,4,2,0,0
1789610100,29423,29425.25,29406.25,29418.5,916,,,,,29549.75,29053,0,0,0,0,,10,8,4,2,0,0
1789610400,29419,29439,29417,29439,581,,,,,29549.75,29053,0,0,0,0,,10,8,4,2,0,0
1789610700,29438.5,29438.5,29410.75,29413.5,826,,,,,29549.75,29053,0,0,0,0,,10,8,4,2,0,0
1789611000,29412.5,29420,29406.25,29412,475,,,,,29549.75,29053,0,0,0,0,,10,8,4,2,0,0
1789611300,29413.25,29426.25,29409.5,29421.5,368,,,,,29549.75,29053,0,0,0,0,,10,8,4,2,0,0
1789611600,29421.5,29427.25,29413.75,29422.75,315,,,,,29549.75,29053,0,0,0,0,,10,8,4,2,0,0
1789611900,29420.75,29428.75,29411.75,29418.25,398,,,,,29549.75,29053,0,0,0,0,,10,8,4,2,0,0
1789612200,29418.25,29435.5,29416.75,29428,354,,,,,29549.75,29053,0,0,0,0,,10,8,4,2,0,0
1789612500,29428,29451,29426.75,29443,532,,,,,29549.75,29053,0,0,0,0,,10,8,4,2,0,0
1789612800,29443.75,29454.25,29441.5,29447.75,333,,,,,29549.75,29053,0,0,0,0,,10,8,4,2,0,0
1789613100,29448.5,29449.25,29437.75,29444.25,324,,,,,29549.75,29053,0,0,0,0,,10,8,4,2,0,0
1789613400,29444,29449.25,29422.5,29424.75,494,,,,,29549.75,29053,0,0,0,0,,10,8,4,2,0,0
1789613700,29423.5,29431.75,29418,29421.75,517,,,,,29549.75,29053,0,0,0,0,,10,8,4,2,0,0
1789614000,29423,29434,29419,29433.25,228,,,,,29549.75,29053,0,0,0,0,,10,8,4,2,0,0
1789614300,29434,29444,29433,29438.75,230,,,,,29549.75,29053,0,0,0,0,,10,8,4,2,0,0
1789614600,29440,29443.75,29427.75,29443.25,235,,,,,29549.75,29053,0,0,0,0,,10,8,4,2,0,0
1789614900,29442,29446.75,29431.5,29435.25,231,,,,,29549.75,29053,0,0,0,0,,10,8,4,2,0,0
1789615200,29434,29446.5,29428.25,29446.5,169,,,,,29549.75,29053,0,0,0,0,,10,8,4,2,0,0
1789615500,29446,29449,29442.25,29446.5,137,,,,,29549.75,29053,0,0,0,0,,10,8,4,2,0,0
1789615800,29446,29450.75,29440.25,29446.5,228,,,,,29549.75,29053,0,0,0,0,,10,8,4,2,0,0
1789616100,29446.75,29453.75,29443,29453,124,,,,,29549.75,29053,0,0,0,0,,10,8,4,2,0,0
1789616400,29452.75,29462.5,29450.5,29461,374,,,,,29549.75,29053,0,0,0,0,,10,8,4,2,0,0
1789616700,29461,29461,29441.75,29458.25,365,,,,,29549.75,29053,0,0,0,0,,10,8,4,2,0,0
1789617000,29457.75,29458.5,29450,29455.75,161,,,,,29549.75,29053,0,0,0,0,,10,8,4,2,0,0
1789617300,29455.25,29466.5,29455.25,29459.75,323,,,,,29549.75,29053,0,0,0,0,,10,8,4,2,0,0
1789617600,29460.5,29469.75,29459.25,29466.25,391,29478,29406.25,,,29549.75,29053,0,0,0,0,,10,8,4,2,0,0
1789617900,29467,29469.25,29461.75,29462.75,170,29478,29406.25,,,29549.75,29053,0,0,0,0,,10,8,4,2,0,0
1789618200,29462,29464,29453.25,29459.5,263,29478,29406.25,,,29549.75,29053,0,0,0,0,,10,8,4,2,0,0
1789618500,29458.5,29461.25,29448.75,29449.25,233,29478,29406.25,,,29549.75,29053,0,0,0,0,,10,8,4,2,0,0
1789618800,29449.25,29452,29444,29446.25,197,29478,29406.25,,,29549.75,29053,0,0,0,0,,10,8,4,2,0,0
1789619100,29446.25,29454.75,29440.75,29451.25,256,29478,29406.25,,,29549.75,29053,0,0,0,0,,10,8,4,2,0,0
1789619400,29450.5,29451.75,29438.75,29442,256,29478,29406.25,,,29549.75,29053,0,0,0,0,,10,8,4,2,0,0
1789619700,29442.75,29463.75,29442.75,29461.5,312,29478,29406.25,,,29549.75,29053,0,0,0,0,,10,8,4,2,0,0
1789620000,29461.75,29467.5,29457.25,29461.25,254,29478,29406.25,,,29549.75,29053,0,0,0,0,,10,8,4,2,0,0
1789620300,29462.75,29471.5,29460,29460,299,29478,29406.25,,,29549.75,29053,0,0,0,0,,10,8,4,2,0,0
1789620600,29459.75,29460,29442.75,29445.5,239,29478,29406.25,,,29549.75,29053,0,0,0,0,,10,8,4,2,0,0
1789620900,29445.75,29454,29445,29450.5,127,29478,29406.25,,,29549.75,29053,0,0,0,0,,10,8,4,2,0,0
1789621200,29450.75,29453.75,29446.25,29451.5,204,29478,29406.25,,,29549.75,29053,0,0,0,0,,10,8,4,2,0,0
1789621500,29451.25,29451.5,29444,29444,145,29478,29406.25,,,29549.75,29053,0,0,0,0,,10,8,4,2,0,0
1789621800,29444.25,29446.5,29433.5,29435,318,29478,29406.25,,,29549.75,29053,0,0,0,0,,10,8,4,2,0,0
1789622100,29433.25,29435,29425.5,29429.25,329,29478,29406.25,,,29549.75,29053,0,0,0,0,,10,8,4,2,0,0
1789622400,29428.75,29430.5,29420.75,29428.25,368,29478,29406.25,,,29549.75,29053,0,0,0,0,,10,8,4,2,0,0
1789622700,29427.75,29441.25,29426.75,29429.75,346,29478,29406.25,,,29549.75,29053,0,0,0,0,,10,8,4,2,0,0
1789623000,29430.5,29432,29415.25,29422.75,633,29478,29406.25,,,29549.75,29053,0,0,0,0,,10,8,4,2,0,0
1789623300,29421.25,29422.75,29403.75,29410,517,29478,,,,29549.75,29053,0,0,0,0,,10,8,4,2,0,0
1789623600,29411.25,29412.75,29390.75,29391.75,656,29478,,,,29549.75,29053,0,0,0,0,,10,8,4,2,0,0
1789623900,29392.75,29404,29392.75,29397.75,294,29478,,,,29549.75,29053,0,0,0,0,,10,8,4,2,0,0
1789624200,29397.75,29405,29382.25,29384.25,651,29478,,,,29549.75,29053,0,0,0,0,,10,8,4,2,0,0
1789624500,29383.75,29385,29371,29373.75,596,29478,,,,29549.75,29053,0,0,0,0,,10,8,4,2,0,0
1789624800,29372.5,29408,29368.75,29401,902,29478,,,,29549.75,29053,0,0,0,0,,10,8,4,2,0,0
1789625100,29399.75,29413.75,29390,29393,627,29478,,,,29549.75,29053,0,0,0,0,,10,8,4,2,0,0
1789625400,29392.75,29398.5,29381.5,29392,461,29478,,,,29549.75,29053,0,0,0,0,,10,8,4,2,0,0
1789625700,29393,29395.75,29376.5,29391.5,454,29478,,,,29549.75,29053,0,0,0,0,,10,8,4,2,0,0
1789626000,29392,29411.25,29388.5,29410.75,312,29478,,,,29549.75,29053,0,0,0,0,,10,8,4,2,0,0
1789626300,29411.5,29444.5,29408.5,29443.75,932,29478,,,,29549.75,29053,0,0,0,0,,10,8,4,2,0,0
1789626600,29443.75,29459,29440.75,29449,1038,29478,,,,29549.75,29053,0,0,0,0,,10,8,4,2,0,0
1789626900,29449,29462,29444,29444.75,520,29478,,,,29549.75,29053,0,0,0,0,,10,8,4,2,0,0
1789627200,29446.5,29469.5,29446.5,29463.25,638,29478,,,,29549.75,29053,0,0,0,0,,10,8,4,2,0,0
1789627500,29461.75,29470.25,29458.75,29460.75,531,29478,,,,29549.75,29053,0,0,0,0,,10,8,4,2,0,0
1789627800,29462,29470.5,29456.5,29464.5,418,29478,,,,29549.75,29053,0,0,0,0,,10,8,4,2,0,0
1789628100,29463.5,29473.5,29460.5,29469.5,696,29478,,,,29549.75,29053,0,0,0,0,,10,8,4,2,0,0
1789628400,29469.5,29496.5,29462.25,29491.25,1667,,,,,29549.75,29053,0,0,0,0,,10,8,4,2,0,0
1789628700,29491.25,29522,29490.25,29518,1471,,,,,29549.75,29053,0,0,0,0,,10,8,4,2,0,0
1789629000,29519,29523.75,29505.25,29510,783,,,,,29549.75,29053,0,0,0,0,,10,8,4,2,0,0
1789629300,29510,29535.5,29506.25,29522.5,892,,,,,29549.75,29053,0,0,0,0,,10,8,4,2,0,0
1789629600,29523.5,29537.25,29508.75,29534,719,,,,,29549.75,29053,0,0,0,0,,10,8,4,2,0,0
1789629900,29531,29550,29529,29548.75,1295,,,,,,29053,0,0,0,0,,10,8,4,2,0,0
1789630200,29549.5,29567.5,29546.75,29550.5,1053,,,,,,29053,0,0,0,0,,10,8,4,2,0,0
1789630500,29550.25,29550.25,29537,29545.25,524,,,,,,29053,0,0,0,0,,10,8,4,2,0,0
1789630800,29546.5,29550.25,29538.75,29547.5,464,,,,,,29053,0,0,0,0,,10,8,4,2,0,0
1789631100,29546.25,29547.5,29533.25,29534,561,,,,,,29053,0,0,0,0,,10,8,4,2,0,0
1789631400,29533.5,29534.5,29518.25,29520,614,,,,,,29053,0,0,0,0,,10,8,4,2,0,0
1789631700,29520.25,29520.25,29509.75,29517.75,608,,,,,,29053,0,0,0,0,,10,8,4,2,0,0
1789632000,29517.75,29530.75,29512.25,29528.5,766,,,,,,29053,0,0,0,0,,10,8,4,2,0,0
1789632300,29528.75,29533.25,29521,29526,760,,,,,,29053,0,0,0,0,,10,8,4,2,0,0
1789632600,29524.75,29531,29490.25,29496.75,922,,,,,,29053,0,0,0,0,,10,8,4,2,0,0
1789632900,29496,29505,29485,29491.25,563,,,,,,29053,0,0,0,0,,10,8,4,2,0,0
1789633200,29490,29503.5,29488.25,29502,471,,,,,,29053,0,0,0,0,,10,8,4,2,0,0
1789633500,29501.25,29520.5,29501,29516.25,622,,,,,,29053,0,0,0,0,,10,8,4,2,0,0
1789633800,29516.25,29524.5,29505.75,29523.75,524,,,,,,29053,0,0,0,0,,10,8,4,2,0,0
1789634100,29523.5,29537.25,29523,29535.25,593,,,,,,29053,0,0,0,0,,10,8,4,2,0,0
1789634400,29536.25,29537.75,29524.25,29530.5,221,,,,,,29053,0,0,0,0,,10,8,4,2,0,0
1789634700,29530,29543.25,29527.5,29541.25,321,,,,,,29053,0,0,0,0,,10,8,4,2,0,0
1789635000,29541.75,29559.75,29535,29553.25,672,,,,,,29053,0,0,0,0,,10,8,4,2,0,0
1789635300,29555,29561.25,29550,29555.5,723,,,,,,29053,0,0,0,0,,10,8,4,2,0,0
1789635600,29556,29579.75,29555.25,29570.25,970,,,,29368.75,,29053,0,0,0,0,,10,8,4,2,0,0
1789635900,29571,29584,29568,29577.75,553,,,,29368.75,,29053,0,0,0,0,,10,8,4,2,0,0
1789636200,29578.5,29592.75,29570,29571.5,690,,,,29368.75,,29053,0,0,0,0,,10,8,4,2,0,0
1789636500,29571,29575.25,29557,29558,500,,,,29368.75,,29053,0,0,0,0,,10,8,4,2,0,0
1789636800,29558.25,29565.75,29555.5,29560.5,334,,,,29368.75,,29053,0,0,0,0,,10,8,4,2,0,0
1789637100,29559,29563.75,29553.5,29555.75,331,,,,29368.75,,29053,0,0,0,0,,10,8,4,2,0,0
1789637400,29556.5,29571.75,29553.5,29570,373,,,,29368.75,,29053,0,0,0,0,,10,8,4,2,0,0
1789637700,29569.25,29573.25,29563.25,29564,263,,,,29368.75,,29053,0,0,0,0,,10,8,4,2,0,0
1789638000,29563.5,29572.5,29560.75,29567,224,,,,29368.75,,29053,0,0,0,0,,10,8,4,2,0,0
1789638300,29567,29569.5,29545.5,29550.25,361,,,,29368.75,,29053,0,0,0,0,,10,8,4,2,0,0
1789638600,29551,29570,29550.25,29568,580,,,,29368.75,,29053,0,0,0,0,,10,8,4,2,0,0
1789638900,29567,29580,29557.25,29558.5,539,,,,29368.75,,29053,0,0,0,0,,10,8,4,2,0,0
1789639200,29558.5,29569.5,29557.75,29565.5,210,,,,29368.75,,29053,0,0,0,0,,10,8,4,2,0,0
1789639500,29567.75,29577.5,29564.75,29571.5,370,,,,29368.75,,29053,0,0,0,0,,10,8,4,2,0,0
1789639800,29572.25,29581.5,29569.25,29571.25,347,,,,29368.75,,29053,0,0,0,0,,10,8,4,2,0,0
1789640100,29571.25,29576,29562,29562,356,,,,29368.75,,29053,0,0,0,0,,10,8,4,2,0,0
1789640400,29563.5,29584.75,29563.5,29584,405,,,,29368.75,,29053,0,0,0,0,,10,8,4,2,0,0
1789640700,29584.25,29589.25,29576.25,29578.25,383,,,,29368.75,,29053,0,0,0,0,,10,8,4,2,0,0
1789641000,29579.25,29590.75,29571.5,29572.75,564,,,,29368.75,,29053,0,0,0,0,,10,8,4,2,0,0
1789641300,29572.5,29583.75,29572.5,29579,504,,,,29368.75,,29053,0,0,0,0,,10,8,4,2,0,0
1789641600,29577.5,29580,29561.75,29566,394,,,,29368.75,,29053,0,0,0,0,,10,8,4,2,0,0
1789641900,29564.5,29571,29562,29568,252,,,,29368.75,,29053,0,0,0,0,,10,8,4,2,0,0
1789642200,29567.25,29579.25,29565.75,29571.5,350,,,,29368.75,,29053,0,0,0,0,,10,8,4,2,0,0
1789642500,29573,29589,29571.5,29586.75,228,,,,29368.75,,29053,0,0,0,0,,10,8,4,2,0,0
1789642800,29586.75,29614,29585,29592.25,1461,,,,29368.75,,29053,0,0,0,0,,10,8,4,2,0,0
1789643100,29592.75,29596.5,29582.75,29583.75,498,,,,29368.75,,29053,0,0,0,0,,10,8,4,2,0,0
1789643400,29583.75,29591,29575.5,29589,559,,,,29368.75,,29053,0,0,0,0,,10,8,4,2,0,0
1789643700,29589.5,29592,29566.25,29575.75,522,,,,29368.75,,29053,0,0,0,0,,10,8,4,2,0,0
1789644000,29575,29585.25,29569.5,29569.5,372,,,,29368.75,,29053,0,0,0,0,,10,8,4,2,0,0
1789644300,29570,29580,29565,29577.75,377,,,,29368.75,,29053,0,0,0,0,,10,8,4,2,0,0
1789644600,29577.5,29582,29572.25,29574.5,249,,,,29368.75,,29053,0,0,0,0,,10,8,4,2,0,0
1789644900,29572.75,29579,29566.5,29576,329,,,,29368.75,,29053,0,0,0,0,,10,8,4,2,0,0
1789645200,29575.75,29575.75,29560,29561.25,420,,,,29368.75,,29053,0,0,0,0,,10,8,4,2,0,0
1789645500,29559.75,29569.25,29558.25,29564.75,396,,,,29368.75,,29053,0,0,0,0,,10,8,4,2,0,0
1789645800,29565.75,29583.25,29555.5,29579,702,,,,29368.75,,29053,0,0,0,0,,10,8,4,2,0,0
1789646100,29578.25,29624,29573.5,29620,2287,,,,29368.75,,29053,0,0,0,0,,10,8,4,2,0,0
1789646400,29621,29627,29595.5,29619.25,2297,,,,29368.75,,29053,0,0,0,0,,10,8,4,2,0,0
1789646700,29619.5,29667.75,29615.5,29666.5,3049,,,,29368.75,,29053,0,0,0,0,,10,8,4,2,0,0
1789647000,29666.75,29680.75,29662.5,29666.25,1737,,,,29368.75,,29053,0,0,0,0,,10,8,4,2,0,0
1789647300,29667.25,29688.5,29662.75,29687.25,1542,,,,29368.75,,29053,0,0,0,0,,10,8,4,2,0,0
1789647600,29687.25,29697,29682,29695.25,1732,,,,29368.75,,29053,0,0,0,0,,10,8,4,2,0,0
1789647900,29695.25,29727.75,29689.5,29725.25,1906,,,,29368.75,,29053,0,0,0,0,,10,8,4,2,0,0
1789648200,29723.75,29753.25,29712.25,29748.5,3654,,,,29368.75,,29053,0,0,0,0,0,10,8,4,2,0,0
1789648500,29748.25,29749.75,29722,29743.75,2603,,,,29368.75,,29053,0,0,0,0,0,10,8,4,2,0,0
1789648800,29743,29744.5,29720,29721.75,1770,,,,29368.75,,29053,0,0,0,0,0,10,8,4,2,0,0
1789649100,29721.5,29724,29708.75,29714.5,1623,,,,29368.75,,29053,0,0,0,0,0,10,8,4,2,0,0
1789649400,29714,29727.25,29711,29724,1097,,,,29368.75,,29053,0,0,0,0,0,10,8,4,2,0,0
1789649700,29723.25,29732.5,29714,29724,1185,,,,29368.75,,29053,0,0,0,0,0,10,8,4,2,0,0
1789650000,29724.25,29750,29715.75,29730,2358,,,,29368.75,,29053,0,0,0,0,0,10,8,4,2,0,0
1789650300,29730.75,29739.25,29723.5,29725.5,1496,,,,29368.75,,29053,0,0,0,0,0,10,8,4,2,0,0
1789650600,29725.75,29736.5,29714,29730.75,1896,,,,29368.75,,29053,0,0,0,0,0,10,8,4,2,0,0
1789650900,29730.25,29743,29726,29727.75,1467,,,,29368.75,,29053,0,0,0,0,0,10,8,4,2,0,0
1789651200,29728.5,29733.25,29712,29715.5,1749,,,,29368.75,,29053,0,0,0,0,0,10,8,4,2,0,0
1789651500,29715.5,29730,29709.75,29718.25,3255,,,,29368.75,,29053,0,0,0,0,0,10,8,4,2,0,0
1789651800,29718.25,29737.25,29641,29641.75,18530,,,,29368.75,,29053,0,0,0,0,0,10,8,4,2,0,0
1789652100,29641.5,29667.25,29605.75,29620.5,11023,,,,29368.75,,29053,0,0,0,0,0,10,8,4,2,0,0
1789652400,29621,29649.5,29613,29641,10551,,,,29368.75,,29053,0,0,0,0,0,10,8,4,2,0,0
1789652700,29641.75,29669.25,29623.75,29664.25,10416,,,,29368.75,,29053,0,0,0,0,0,10,8,4,2,0,0
1789653000,29665,29694.75,29645,29674.75,8835,,,,29368.75,,29053,0,0,0,0,0,10,8,4,2,0,0
1789653300,29674.25,29691,29661.75,29689,6281,,,,29368.75,,29053,0,0,0,0,0,10,8,4,2,0,0
1789653600,29689.5,29690.25,29648.5,29675.5,8031,,,,29368.75,,29053,0,0,0,0,0,10,8,4,2,0,0
1789653900,29675,29683.25,29639.5,29659.25,6036,,,,29368.75,,29053,0,0,0,0,0,10,8,4,2,0,0
1789654200,29657.75,29718,29646.5,29710.75,7711,,,,29368.75,,29053,0,0,0,0,0,10,8,4,2,0,0
1789654500,29710,29719.75,29696.25,29709.25,6247,,,,29368.75,,29053,0,0,0,0,0,10,8,4,2,0,0
1789654800,29709,29725.25,29692.5,29721,5232,,,,29368.75,,29053,0,0,0,0,0,10,8,4,2,0,0
1789655100,29721,29742,29710.5,29712.5,6363,,,,29368.75,,29053,0,0,0,0,0,10,8,4,2,0,0
1789655400,29712,29738,29708,29734.5,5085,,,,29368.75,,29053,0,0,0,0,0,10,8,4,2,0,0
1789655700,29734,29743.75,29721.25,29725.25,4731,,,,29368.75,,29053,0,0,0,0,0,10,8,4,2,0,0
1789656000,29725.25,29748,29713.5,29716,5434,,,,29368.75,,29053,0,0,0,0,0,10,8,4,2,0,0
1789656300,29715.5,29718.5,29681,29693,6019,,,,29368.75,,29053,0,0,0,0,0,10,8,4,2,0,0
1789656600,29693,29698.25,29668.75,29674.5,5299,,,,29368.75,,29053,0,0,0,0,0,10,8,4,2,0,0
1789656900,29674.25,29695.5,29666.5,29680,5078,,,,29368.75,,29053,0,0,0,0,0,10,8,4,2,0,0
1789657200,29680.75,29687.75,29666.25,29673.25,4141,,,,29368.75,,29053,0,0,0,0,,10,8,4,2,0,0
1789657500,29673.75,29691,29652,29681.75,4871,,,,29368.75,,29053,0,0,0,0,,10,8,4,2,0,0
1789657800,29681.25,29686,29670.25,29682.5,3534,,,,29368.75,,29053,0,0,0,0,,10,8,4,2,0,0
1789658100,29682.25,29698,29671,29693.75,3117,,,,29368.75,,29053,0,0,0,0,,10,8,4,2,0,0
1789658400,29694.25,29694.75,29678.25,29691,2587,,,,29368.75,,29053,0,0,0,0,,10,8,4,2,0,0
1789658700,29691.5,29714,29691.25,29706.5,3676,,,,29368.75,,29053,0,0,0,0,,10,8,4,2,0,0
1789659000,29706.5,29711.5,29699,29706.25,2472,,,,29368.75,,29053,0,0,0,0,,10,8,4,2,0,0
1789659300,29706.25,29720.75,29704,29720.25,2873,,,,29368.75,,29053,0,0,0,0,,10,8,4,2,0,0
1789659600,29720,29741,29718.25,29735.25,4479,,,,29368.75,,29053,0,0,0,0,,10,8,4,2,0,0
1789659900,29735,29744.75,29731,29740.5,3320,,,,29368.75,,29053,0,0,0,0,,10,8,4,2,0,0
1789660200,29741,29745.75,29731.25,29737.75,3566,,,,29368.75,,29053,0,0,0,0,,10,8,4,2,0,0
1789660500,29738,29743.75,29726.75,29743.5,3047,,,,29368.75,,29053,0,0,0,0,,10,8,4,2,0,0
1789660800,29743.25,29746.25,29728.75,29728.75,2756,,,,29368.75,,29053,0,0,0,0,,10,8,4,2,0,0
1789661100,29729.5,29742,29717,29741,3308,,,,29368.75,,29053,0,0,0,0,,10,8,4,2,0,0
1789661400,29740.5,29744.25,29732,29740.25,2154,,,,29368.75,,29053,0,0,0,0,,10,8,4,2,0,0
1789661700,29740,29742,29733,29738.25,1534,,,,29368.75,,29053,0,0,0,0,,10,8,4,2,0,0
1789662000,29738,29753.25,29729.25,29747.25,2687,,,,29368.75,,29053,0,0,0,0,,10,8,4,2,0,0
1789662300,29747,29751.5,29742,29747.5,2050,,,,29368.75,,29053,0,0,0,0,,10,8,4,2,0,0
1789662600,29747.25,29750.5,29716.5,29725,3577,,,,29368.75,,29053,0,0,0,0,,10,8,4,2,0,0
1789662900,29725.5,29734.75,29722.25,29729.75,2385,,,,29368.75,,29053,0,0,0,0,,10,8,4,2,0,0
1789663200,29729,29746.75,29724.75,29746.75,2231,,,,29368.75,,29053,0,0,0,0,,10,8,4,2,0,0
1789663500,29746.25,29749.5,29739.75,29743.25,2555,,,,29368.75,,29053,0,0,0,0,,10,8,4,2,0,0
1789663800,29742.75,29747.25,29739.75,29742,1473,,,,29368.75,,29053,0,0,0,0,,10,8,4,2,0,0
1789664100,29742,29743.75,29704.25,29741.5,7938,,,,29368.75,,29053,0,0,0,0,,10,8,4,2,0,0
1789664400,29741.25,29759,29738.5,29753.75,4861,,,,29368.75,,29053,0,0,0,0,,10,8,4,2,0,0
1789664700,29754.25,29762.5,29745.5,29747.75,2885,,,,29368.75,,29053,0,0,0,0,,10,8,4,2,0,0
1789665000,29747.75,29748.5,29730,29732.25,2658,,,,29368.75,,29053,0,0,0,0,,10,8,4,2,0,0
1789665300,29732.5,29743.5,29731,29738.75,2054,,,,29368.75,,29053,0,0,0,0,,10,8,4,2,0,0
1789665600,29739.25,29743.25,29722,29725.5,3020,,,,29368.75,,29053,0,0,0,0,,10,8,4,2,0,0
1789665900,29725.75,29734.25,29721.25,29726,1657,,,,29368.75,,29053,0,0,0,0,,10,8,4,2,0,0
1789666200,29726.75,29733.25,29717.25,29732.25,2356,,,,29368.75,,29053,0,0,0,0,,10,8,4,2,0,0
1789666500,29731.75,29736.25,29723.25,29723.75,1693,,,,29368.75,,29053,0,0,0,0,,10,8,4,2,0,0
1789666800,29723.5,29738.75,29723.5,29737.5,1746,,,,29368.75,,29053,0,0,0,0,,10,8,4,2,0,0
1789667100,29737,29747.25,29735.25,29738.25,1619,,,,29368.75,,29053,0,0,0,0,,10,8,4,2,0,0
1789667400,29738.25,29738.75,29727.5,29730.75,1769,,,,29368.75,,29053,0,0,0,0,,10,8,4,2,0,0
1789667700,29731.25,29743,29729.75,29742.5,1886,,,,29368.75,,29053,0,0,0,0,,10,8,4,2,0,0
1789668000,29742.5,29744,29733,29741,1828,,,,29368.75,,29053,0,0,0,0,,10,8,4,2,0,0
1789668300,29741.5,29747.5,29724.5,29728.25,2163,,,,29368.75,,29053,0,0,0,0,,10,8,4,2,0,0
1789668600,29728,29734,29724.5,29729.75,1970,,,,29368.75,,29053,0,0,0,0,,10,8,4,2,0,0
1789668900,29730,29740,29720.5,29735.75,2618,,,,29368.75,,29053,0,0,0,0,,10,8,4,2,0,0
1789669200,29735.5,29738.5,29722.75,29724.25,1907,,,,29368.75,,29053,0,0,0,0,,10,8,4,2,0,0
1789669500,29724.25,29731.25,29723.25,29726.25,1511,,,,29368.75,,29053,0,0,0,0,,10,8,4,2,0,0
1789669800,29726.75,29734.25,29720.75,29721.75,2082,,,,29368.75,,29053,0,0,0,0,,10,8,4,2,0,0
1789670100,29722,29723,29708.25,29709.75,2959,,,,29368.75,,29053,0,0,0,0,,10,8,4,2,0,0
1789670400,29709.5,29718,29705,29717,2719,,,,29368.75,,29053,0,0,0,0,,10,8,4,2,0,0
1789670700,29716.5,29728.5,29715,29721.5,2317,,,,29368.75,,29053,0,0,0,0,,10,8,4,2,0,0
1789671000,29721,29726,29716,29720.5,1720,,,,29368.75,,29053,0,0,0,0,,10,8,4,2,0,0
1789671300,29720.5,29725,29715,29722,1927,,,,29368.75,,29053,0,0,0,0,,10,8,4,2,0,0
1789671600,29722,29736.75,29720,29735,2607,,,,29368.75,,29053,0,0,0,0,,10,8,4,2,0,0
1789671900,29735.25,29751,29735.25,29739.25,3583,,,,29368.75,,29053,0,0,0,0,,10,8,4,2,0,0
1789672200,29739.5,29746,29734.5,29740,2148,,,,29368.75,,29053,0,0,0,0,,10,8,4,2,0,0
1789672500,29740.25,29746.5,29736.75,29743.75,1850,,,,29368.75,,29053,0,0,0,0,,10,8,4,2,0,0
1789672800,29744,29746.25,29734,29735.25,1840,,,,29368.75,,29053,0,0,0,0,,10,8,4,2,0,0
1789673100,29735,29739,29728.25,29732,2229,,,,29368.75,,29053,0,0,0,0,,10,8,4,2,0,0
1789673400,29732,29754,29730.75,29752.75,3305,,,,29368.75,,29053,0,0,0,0,,10,8,4,2,0,0
1789673700,29752.25,29760.75,29752,29758,2747,,,,29368.75,,29053,0,0,0,0,,10,8,4,2,0,0
1789674000,29758.25,29770,29746.5,29763.25,3662,,,,29368.75,,29053,0,0,0,0,,10,8,4,2,0,0
1789674300,29763.5,29765.5,29749.5,29753.5,3361,,,,29368.75,,29053,0,0,0,0,,10,8,4,2,0,0
1789674600,29754,29793.25,29753.5,29769.25,8849,,,,29368.75,,29053,0,0,0,0,,10,8,4,2,0,0
1789674900,29769.75,29775.25,29731.5,29744.5,18955,,,,29368.75,,29053,0,0,0,0,,10,8,4,2,0,0
1789675200,29744.5,29748.25,29734.25,29737.25,5793,,,,29368.75,,29053,0,0,0,0,,10,8,4,2,0,0
1789675500,29737.5,29744.75,29735.5,29743.5,2071,,,,29368.75,,29053,0,0,0,0,,10,8,4,2,0,0
1789675800,29743.25,29744.5,29723.5,29724.75,2017,,,,29368.75,,29053,0,0,0,0,,10,8,4,2,0,0
1789676100,29724.25,29728.25,29716,29716.75,1447,,,,29368.75,,29053,0,0,0,0,,10,8,4,2,0,0
1789676400,29716.5,29719.5,29715,29718,725,,,,29368.75,,29053,0,0,0,0,,10,8,4,2,0,0
1789676700,29718,29719,29715,29715,478,,,,29368.75,,29053,0,0,0,0,,10,8,4,2,0,0
1789677000,29715.25,29718.5,29714.5,29717.75,312,,,,29368.75,,29053,0,0,0,0,,10,8,4,2,0,0
1789677300,29717.5,29722.25,29716.25,29720.25,598,,,,29368.75,,29053,0,0,0,0,,10,8,4,2,0,0
1789677600,29720,29721.75,29714.5,29715.5,359,,,,29368.75,,29053,0,0,0,0,,10,8,4,2,0,0
1789677900,29715.75,29720.25,29714.25,29716.5,482,,,,29368.75,,29053,0,0,0,0,,10,8,4,2,0,0
1789678200,29716.25,29723,29712.5,29721,429,,,,29368.75,,29053,0,0,0,0,,10,8,4,2,0,0
1789678500,29720.5,29725.75,29717.25,29720.5,380,,,,29368.75,,29053,0,0,0,0,,10,8,4,2,0,0
1789682400,29723.75,29728.5,29706.75,29707,800,,,,29368.75,29793.25,29247.75,0,0,0,0,,10,8,4,2,0,0
1789682700,29707.75,29711.5,29696.25,29699.25,567,,,,29368.75,29793.25,29247.75,0,0,0,0,,10,8,4,2,0,0
1789683000,29700.25,29706.75,29699,29704.25,346,,,,29368.75,29793.25,29247.75,0,0,0,0,,10,8,4,2,0,0
1789683300,29704.25,29705.25,29690,29699,351,,,,29368.75,29793.25,29247.75,0,0,0,0,,10,8,4,2,0,0
1789683600,29699.75,29702.25,29689.5,29694,323,,,,29368.75,29793.25,29247.75,0,0,0,0,,10,8,4,2,0,0
1789683900,29694,29696.75,29680.75,29683.25,487,,,,29368.75,29793.25,29247.75,0,0,0,0,,10,8,4,2,0,0
1789684200,29682.75,29684,29674.5,29678.5,427,,,,29368.75,29793.25,29247.75,0,0,0,0,,10,8,4,2,0,0
1789684500,29677.75,29687.25,29676.5,29681.75,589,,,,29368.75,29793.25,29247.75,0,0,0,0,,10,8,4,2,0,0
1789684800,29681.5,29683.75,29676,29681.25,299,,,,29368.75,29793.25,29247.75,0,0,0,0,,10,8,4,2,0,0
1789685100,29681.75,29683.75,29679.25,29683.5,216,,,,29368.75,29793.25,29247.75,0,0,0,0,,10,8,4,2,0,0
1789685400,29683.25,29683.25,29674,29674.5,313,,,,29368.75,29793.25,29247.75,0,0,0,0,,10,8,4,2,0,0
1789685700,29675.5,29689,29674.25,29687.5,357,,,,29368.75,29793.25,29247.75,0,0,0,0,,10,8,4,2,0,0
1789686000,29686.75,29700.75,29686.75,29698,718,,,,29368.75,29793.25,29247.75,0,0,0,0,,10,8,4,2,0,0
1789686300,29698,29708,29698,29706.75,434,,,,29368.75,29793.25,29247.75,0,0,0,0,,10,8,4,2,0,0
1789686600,29706.5,29712,29692,29693,625,,,,29368.75,29793.25,29247.75,0,0,0,0,,10,8,4,2,0,0
1789686900,29693,29697,29686,29694.5,376,,,,29368.75,29793.25,29247.75,0,0,0,0,,10,8,4,2,0,0
1789687200,29694,29703.75,29694,29697.75,229,,,,29368.75,29793.25,29247.75,0,0,0,0,,10,8,4,2,0,0
1789687500,29698.5,29699.5,29688.75,29690,229,,,,29368.75,29793.25,29247.75,0,0,0,0,,10,8,4,2,0,0
1789687800,29690.25,29697.5,29687.5,29696.75,179,,,,29368.75,29793.25,29247.75,0,0,0,0,,10,8,4,2,0,0
1789688100,29696,29701.25,29693.5,29698,137,,,,29368.75,29793.25,29247.75,0,0,0,0,,10,8,4,2,0,0
1789688400,29698.5,29705,29693.75,29698.5,253,,,,29368.75,29793.25,29247.75,0,0,0,0,,10,8,4,2,0,0
1789688700,29697.5,29702.25,29690,29698.25,316,,,,29368.75,29793.25,29247.75,0,0,0,0,,10,8,4,2,0,0
1789689000,29697.5,29702,29695.25,29699.5,160,,,,29368.75,29793.25,29247.75,0,0,0,0,,10,8,4,2,0,0
1789689300,29699.5,29701.75,29695.25,29696.5,154,,,,29368.75,29793.25,29247.75,0,0,0,0,,10,8,4,2,0,0
1789689600,29697.25,29708,29688,29699.75,857,,,,29368.75,29793.25,29247.75,0,0,0,0,,10,8,4,2,0,0
1789689900,29695,29700,29678.75,29691,781,,,,29368.75,29793.25,29247.75,0,0,0,0,,10,8,4,2,0,0
1789690200,29690.75,29698.5,29676,29698.25,584,,,,29368.75,29793.25,29247.75,0,0,0,0,,10,8,4,2,0,0
1789690500,29698.75,29701.5,29687.5,29694.75,491,,,,29368.75,29793.25,29247.75,0,0,0,0,,10,8,4,2,0,0
1789690800,29695.25,29696.75,29686,29695.25,250,,,,29368.75,29793.25,29247.75,0,0,0,0,,10,8,4,2,0,0
1789691100,29695.5,29700.25,29682.25,29686.75,431,,,,29368.75,29793.25,29247.75,0,0,0,0,,10,8,4,2,0,0
1789691400,29687.5,29697.25,29687.5,29695.25,250,,,,29368.75,29793.25,29247.75,0,0,0,0,,10,8,4,2,0,0
1789691700,29694.75,29695.5,29671.75,29672.25,556,,,,29368.75,29793.25,29247.75,0,0,0,0,,10,8,4,2,0,0
1789692000,29672,29685.75,29662.25,29680.75,1022,,,,29368.75,29793.25,29247.75,0,0,0,0,,10,8,4,2,0,0
1789692300,29680,29683,29664.5,29665,408,,,,29368.75,29793.25,29247.75,0,0,0,0,,10,8,4,2,0,0
1789692600,29665,29670.5,29660.5,29668.25,406,,,,29368.75,29793.25,29247.75,0,0,0,0,,10,8,4,2,0,0
1789692900,29669.5,29669.5,29664.75,29666.5,217,,,,29368.75,29793.25,29247.75,0,0,0,0,,10,8,4,2,0,0
1789693200,29665.75,29682.25,29658.25,29659.5,701,,,,29368.75,29793.25,29247.75,0,0,0,0,,10,8,4,2,0,0
1789693500,29660.75,29676,29660,29665.75,452,,,,29368.75,29793.25,29247.75,0,0,0,0,,10,8,4,2,0,0
1789693800,29666.25,29670.25,29659.75,29662,355,,,,29368.75,29793.25,29247.75,0,0,0,0,,10,8,4,2,0,0
1789694100,29661.5,29661.5,29648,29659,957,,,,29368.75,29793.25,29247.75,0,0,0,0,,10,8,4,2,0,0
1789694400,29659.25,29664.5,29652.5,29657.25,316,,,,29368.75,29793.25,29247.75,0,0,0,0,,10,8,4,2,0,0
1789694700,29657.75,29660.25,29649.25,29657.5,254,,,,29368.75,29793.25,29247.75,0,0,0,0,,10,8,4,2,0,0
1789695000,29657.25,29663.5,29652,29660.25,363,,,,29368.75,29793.25,29247.75,0,0,0,0,,10,8,4,2,0,0
1789695300,29658.75,29668,29655,29662.25,401,,,,29368.75,29793.25,29247.75,0,0,0,0,,10,8,4,2,0,0
1789695600,29661.5,29677.5,29660.5,29664.5,547,,,,29368.75,29793.25,29247.75,0,0,0,0,,10,8,4,2,0,0
1789695900,29665,29683,29664.5,29680.25,464,,,,29368.75,29793.25,29247.75,0,0,0,0,,10,8,4,2,0,0
1789696200,29680.5,29680.75,29669.5,29677.5,386,,,,29368.75,29793.25,29247.75,0,0,0,0,,10,8,4,2,0,0
1789696500,29678.75,29680.5,29671.75,29678,298,,,,29368.75,29793.25,29247.75,0,0,0,0,,10,8,4,2,0,0
1789696800,29679.75,29684,29676,29676.5,322,,,,29368.75,29793.25,29247.75,0,0,0,0,,10,8,4,2,0,0
1789697100,29676.5,29679,29670.25,29671.25,242,,,,29368.75,29793.25,29247.75,0,0,0,0,,10,8,4,2,0,0
1789697400,29670.75,29676.25,29663,29673.75,346,,,,29368.75,29793.25,29247.75,0,0,0,0,,10,8,4,2,0,0
1789697700,29674.5,29681.75,29671.5,29681,221,,,,29368.75,29793.25,29247.75,0,0,0,0,,10,8,4,2,0,0
1789698000,29681,29692.25,29680,29690,557,,,,29368.75,29793.25,29247.75,0,0,0,0,,10,8,4,2,0,0
1789698300,29690.5,29691.25,29681.25,29687.75,285,,,,29368.75,29793.25,29247.75,0,0,0,0,,10,8,4,2,0,0
1789698600,29688,29692.25,29684,29691.25,329,,,,29368.75,29793.25,29247.75,0,0,0,0,,10,8,4,2,0,0
1789698900,29691.75,29693.25,29683.75,29687,194,,,,29368.75,29793.25,29247.75,0,0,0,0,,10,8,4,2,0,0
1789699200,29686.5,29698.25,29686.5,29693.5,327,,,,29368.75,29793.25,29247.75,0,0,0,0,,10,8,4,2,0,0
1789699500,29693,29699.5,29692,29698.25,221,,,,29368.75,29793.25,29247.75,0,0,0,0,,10,8,4,2,0,0
1789699800,29698.25,29704,29689.75,29695.25,667,,,,29368.75,29793.25,29247.75,0,0,0,0,,10,8,4,2,0,0
1789700100,29694.25,29702.75,29687.25,29692.75,459,,,,29368.75,29793.25,29247.75,0,0,0,0,,10,8,4,2,0,0
1789700400,29693.75,29709,29689,29709,547,,,,29368.75,29793.25,29247.75,0,0,0,0,,10,8,4,2,0,0
1789700700,29709,29729,29708,29725.25,1008,,,,29368.75,29793.25,29247.75,0,0,0,0,,10,8,4,2,0,0
1789701000,29725.5,29738,29725,29737,1483,,,,29368.75,29793.25,29247.75,0,0,0,0,,10,8,4,2,0,0
1789701300,29737.5,29737.75,29719.5,29727.75,641,,,,29368.75,29793.25,29247.75,0,0,0,0,,10,8,4,2,0,0
1789701600,29729,29738.5,29728.75,29731.25,523,,,,29368.75,29793.25,29247.75,0,0,0,0,,10,8,4,2,0,0
1789701900,29732.5,29737.75,29730,29733.5,231,,,,29368.75,29793.25,29247.75,0,0,0,0,,10,8,4,2,0,0
1789702200,29734,29739.25,29727.25,29737.25,439,,,,29368.75,29793.25,29247.75,0,0,0,0,,10,8,4,2,0,0
1789702500,29737.75,29747,29737.5,29743.25,862,,,,29368.75,29793.25,29247.75,0,0,0,0,,10,8,4,2,0,0
1789702800,29742.25,29748.25,29742.25,29747.75,320,,,,29368.75,29793.25,29247.75,0,0,0,0,,10,8,4,2,0,0
1789703100,29748,29763.75,29747.75,29762.25,893,,,,29368.75,29793.25,29247.75,0,0,0,0,,10,8,4,2,0,0
1789703400,29761.5,29764.75,29754.25,29756.75,401,,,,29368.75,29793.25,29247.75,0,0,0,0,,10,8,4,2,0,0
1789703700,29756.75,29758.5,29749.75,29755,302,,,,29368.75,29793.25,29247.75,0,0,0,0,,10,8,4,2,0,0
1789704000,29754.75,29768,29754.75,29766.25,619,,29648,,29368.75,29793.25,29247.75,0,0,0,0,,10,8,4,2,0,0
1789704300,29766.25,29768,29761.75,29762.75,263,,29648,,29368.75,29793.25,29247.75,0,0,0,0,,10,8,4,2,0,0
1789704600,29763.25,29768.75,29763.25,29768.25,291,,29648,,29368.75,29793.25,29247.75,0,0,0,0,,10,8,4,2,0,0
1789704900,29767.75,29773.5,29760.75,29766.5,586,,29648,,29368.75,29793.25,29247.75,0,0,0,0,,10,8,4,2,0,0
1789705200,29767,29767.5,29759,29760,288,,29648,,29368.75,29793.25,29247.75,0,0,0,0,,10,8,4,2,0,0
1789705500,29760.25,29772.75,29755,29772.25,447,,29648,,29368.75,29793.25,29247.75,0,0,0,0,,10,8,4,2,0,0
1789705800,29773,29779.75,29770.75,29772.5,675,,29648,,29368.75,29793.25,29247.75,0,0,0,0,,10,8,4,2,0,0
1789706100,29773.25,29774.75,29766.5,29768.75,211,,29648,,29368.75,29793.25,29247.75,0,0,0,0,,10,8,4,2,0,0
1789706400,29770.25,29801,29766.5,29795,1235,,29648,,29368.75,,29247.75,0,0,0,0,,10,8,4,2,0,0
1789706700,29795.5,29796.75,29786,29791.25,527,,29648,,29368.75,,29247.75,0,0,0,0,,10,8,4,2,0,0
1789707000,29790.75,29809.5,29790.5,29804.75,809,,29648,,29368.75,,29247.75,0,0,0,0,,10,8,4,2,0,0
1789707300,29804,29812.75,29802.5,29810.5,523,,29648,,29368.75,,29247.75,0,0,0,0,,10,8,4,2,0,0
1789707600,29810.25,29812,29805,29811.5,358,,29648,,29368.75,,29247.75,0,0,0,0,,10,8,4,2,0,0
1789707900,29811.5,29812,29803,29805.5,288,,29648,,29368.75,,29247.75,0,0,0,0,,10,8,4,2,0,0
1789708200,29806,29814.75,29805.75,29810.75,454,,29648,,29368.75,,29247.75,0,0,0,0,,10,8,4,2,0,0
1789708500,29811,29815.5,29810.25,29814.25,299,,29648,,29368.75,,29247.75,0,0,0,0,,10,8,4,2,0,0
1789708800,29814.25,29823.5,29812.5,29821.25,645,,29648,,29368.75,,29247.75,0,0,0,0,,10,8,4,2,0,0
1789709100,29821.5,29827.25,29806.75,29814.5,958,,29648,,29368.75,,29247.75,0,0,0,0,,10,8,4,2,0,0
1789709400,29815.5,29828.5,29812,29824.75,649,,29648,,29368.75,,29247.75,0,0,0,0,,10,8,4,2,0,0
1789709700,29824.25,29842.5,29821.25,29839.25,1085,,29648,,29368.75,,29247.75,0,0,0,0,,10,8,4,2,0,0
1789710000,29840.5,29854,29835,29854,1046,,29648,,29368.75,,29247.75,0,0,0,0,,10,8,4,2,0,0
1789710300,29853.5,29859.25,29837.25,29840.75,1174,,29648,,29368.75,,29247.75,0,0,0,0,,10,8,4,2,0,0
1789710600,29840.5,29854,29839,29842.75,693,,29648,,29368.75,,29247.75,0,0,0,0,,10,8,4,2,0,0
1789710900,29841.75,29849.25,29838.25,29846,591,,29648,,29368.75,,29247.75,0,0,0,0,,10,8,4,2,0,0
1789711200,29846.25,29870.75,29845,29867.75,1275,,29648,,,,29247.75,0,0,0,0,,10,8,4,2,0,0
1789711500,29869,29872.5,29862.5,29870.5,729,,29648,,,,29247.75,0,0,0,0,,10,8,4,2,0,0
1789711800,29870.5,29885.5,29864,29882.75,865,,29648,,,,29247.75,0,0,0,0,,10,8,4,2,0,0
1789712100,29882.75,29890,29871.5,29879.75,1298,,29648,,,,29247.75,0,0,0,0,,10,8,4,2,0,0
1789712400,29879.75,29897.25,29874,29892.25,788,,29648,,,,29247.75,0,0,0,0,,10,8,4,2,0,0
1789712700,29892.25,29897,29882.75,29885,692,,29648,,,,29247.75,0,0,0,0,,10,8,4,2,0,0
1789713000,29885.25,29913,29884.25,29905.25,1787,,29648,,,,29247.75,0,0,0,0,,10,8,4,2,0,0
1789713300,29905.5,29919,29901.25,29918,859,,29648,,,,29247.75,0,0,0,0,,10,8,4,2,0,0
1789713600,29917.5,29918.25,29899.75,29905.5,590,,29648,,,,29247.75,0,0,0,0,,10,8,4,2,0,0
1789713900,29906,29912.5,29901.75,29907,435,,29648,,,,29247.75,0,0,0,0,,10,8,4,2,0,0
1789714200,29907.5,29913,29905.25,29907,346,,29648,,,,29247.75,0,0,0,0,,10,8,4,2,0,0
1789714500,29909,29921.5,29908,29916,492,,29648,,,,29247.75,0,0,0,0,,10,8,4,2,0,0
1789714800,29916.25,29926,29910.75,29923.5,1015,,29648,,,,29247.75,0,0,0,0,,10,8,4,2,0,0
1789715100,29922.75,29926.5,29915.25,29925,533,,29648,,,,29247.75,0,0,0,0,,10,8,4,2,0,0
1789715400,29925,29938.5,29920.75,29921.5,894,,29648,,,,29247.75,0,0,0,0,,10,8,4,2,0,0
1789715700,29922,29936.75,29919.5,29932.5,430,,29648,,,,29247.75,0,0,0,0,,10,8,4,2,0,0
1789716000,29933.25,29947.5,29929,29941.25,993,,29648,,,,29247.75,0,0,0,0,,10,8,4,2,0,0
1789716300,29942,29964.25,29940.5,29960.25,1256,,29648,,,,29247.75,0,0,0,0,,10,8,4,2,0,0
1789716600,29961,29966.75,29952.5,29959,720,,29648,,,,29247.75,0,0,0,0,,10,8,4,2,0,0
1789716900,29958.75,29962,29952.25,29959,568,,29648,,,,29247.75,0,0,0,0,,10,8,4,2,0,0
1789717200,29959.75,29960,29936.25,29940.25,863,,29648,,,,29247.75,0,0,0,0,,10,8,4,2,0,0
1789717500,29939.75,29945.75,29933.25,29945.5,656,,29648,,,,29247.75,0,0,0,0,,10,8,4,2,0,0
1789717800,29945,29951.75,29938,29948.25,610,,29648,,,,29247.75,0,0,0,0,,10,8,4,2,0,0
1789718100,29947.5,29947.75,29924.25,29929.5,746,,29648,,,,29247.75,0,0,0,0,,10,8,4,2,0,0
1789718400,29928.75,29944,29922.75,29927,1282,,29648,,,,29247.75,0,0,0,0,,10,8,4,2,0,0
1789718700,29927,29928.75,29905.5,29907.5,1047,,29648,,,,29247.75,0,0,0,0,,10,8,4,2,0,0
1789719000,29907.5,29920,29903.75,29913.25,853,,29648,,,,29247.75,0,0,0,0,,10,8,4,2,0,0
1789719300,29912,29921,29907.5,29919.5,445,,29648,,,,29247.75,0,0,0,0,,10,8,4,2,0,0
1789719600,29919.25,29931.5,29912.25,29916.5,933,,29648,,,,29247.75,0,0,0,0,,10,8,4,2,0,0
1789719900,29917.5,29921.5,29895.75,29897.5,721,,29648,,,,29247.75,0,0,0,0,,10,8,4,2,0,0
1789720200,29896.75,29913,29892,29913,635,,29648,,,,29247.75,0,0,0,0,,10,8,4,2,0,0
1789720500,29912.75,29917.5,29901.75,29906,551,,29648,,,,29247.75,0,0,0,0,,10,8,4,2,0,0
1789720800,29904.75,29913.25,29899.5,29912.25,461,,29648,,,,29247.75,0,0,0,0,,10,8,4,2,0,0
1789721100,29912.5,29919.75,29904,29908.5,457,,29648,,,,29247.75,0,0,0,0,,10,8,4,2,0,0
1789721400,29908.5,29915,29896,29896,528,,29648,,,,29247.75,0,0,0,0,,10,8,4,2,0,0
1789721700,29896.75,29901.75,29891.25,29892.75,408,,29648,,,,29247.75,0,0,0,0,,10,8,4,2,0,0
1789722000,29893.25,29894.25,29880,29884.75,786,,29648,29966.75,29845,,29247.75,0,0,0,0,,10,8,4,2,0,0
1789722300,29884.5,29895,29881.5,29888,377,,29648,29966.75,29845,,29247.75,0,0,0,0,,10,8,4,2,0,0
1789722600,29888,29895.5,29881.25,29884,228,,29648,29966.75,29845,,29247.75,0,0,0,0,,10,8,4,2,0,0
1789722900,29883.25,29894.5,29881.25,29894,223,,29648,29966.75,29845,,29247.75,0,0,0,0,,10,8,4,2,0,0
1789723200,29894.75,29899,29886.75,29887.75,334,,29648,29966.75,29845,,29247.75,0,0,0,0,,10,8,4,2,0,0
1789723500,29888,29891,29870.5,29873,474,,29648,29966.75,29845,,29247.75,0,0,0,0,,10,8,4,2,0,0
1789723800,29873.25,29874,29862.75,29866,700,,29648,29966.75,29845,,29247.75,0,0,0,0,,10,8,4,2,0,0
1789724100,29865.75,29872.25,29847.5,29848,682,,29648,29966.75,29845,,29247.75,0,0,0,0,,10,8,4,2,0,0
1789724400,29847.75,29853.25,29837.25,29837.25,778,,29648,29966.75,,,29247.75,0,0,0,0,,10,8,4,2,0,0
1789724700,29838.25,29852,29836,29845,625,,29648,29966.75,,,29247.75,0,0,0,0,,10,8,4,2,0,0
1789725000,29844,29857.5,29841.75,29848.75,448,,29648,29966.75,,,29247.75,0,0,0,0,,10,8,4,2,0,0
1789725300,29849.75,29853.25,29838.5,29839,389,,29648,29966.75,,,29247.75,0,0,0,0,,10,8,4,2,0,0
1789725600,29838.25,29850.75,29838.25,29847.75,469,,29648,29966.75,,,29247.75,0,0,0,0,,10,8,4,2,0,0
1789725900,29847,29855,29843.25,29851.75,548,,29648,29966.75,,,29247.75,0,0,0,0,,10,8,4,2,0,0
1789726200,29852,29859.75,29846.5,29858.25,335,,29648,29966.75,,,29247.75,0,0,0,0,,10,8,4,2,0,0
1789726500,29857.25,29871.75,29856.25,29867.25,912,,29648,29966.75,,,29247.75,0,0,0,0,,10,8,4,2,0,0
1789726800,29867,29875.5,29865.25,29871.5,423,,29648,29966.75,,,29247.75,0,0,0,0,,10,8,4,2,0,0
1789727100,29871.25,29878.25,29866.75,29877.75,519,,29648,29966.75,,,29247.75,0,0,0,0,,10,8,4,2,0,0
1789727400,29876.5,29890.25,29875.5,29885.25,887,,29648,29966.75,,,29247.75,0,0,0,0,,10,8,4,2,0,0
1789727700,29886,29903.25,29884.5,29896.75,760,,29648,29966.75,,,29247.75,0,0,0,0,,10,8,4,2,0,0
1789728000,29896.5,29899.75,29887.5,29892.25,446,,29648,29966.75,,,29247.75,0,0,0,0,,10,8,4,2,0,0
1789728300,29892.25,29892.5,29876.25,29879.75,394,,29648,29966.75,,,29247.75,0,0,0,0,,10,8,4,2,0,0
1789728600,29880,29884,29872.25,29878.25,330,,29648,29966.75,,,29247.75,0,0,0,0,,10,8,4,2,0,0
1789728900,29878.25,29882.5,29874.5,29877.25,308,,29648,29966.75,,,29247.75,0,0,0,0,,10,8,4,2,0,0
1789729200,29877.25,29898.75,29860.75,29897.75,1257,,29648,29966.75,,,29247.75,0,0,0,0,,10,8,4,2,0,0
1789729500,29896.75,29897,29842,29867,2062,,29648,29966.75,,,29247.75,0,0,0,0,,10,8,4,2,0,0
1789729800,29866.5,29872.5,29844.25,29856.25,574,,29648,29966.75,,,29247.75,0,0,0,0,,10,8,4,2,0,0
1789730100,29855,29856.25,29828.25,29836,852,,29648,29966.75,,,29247.75,0,0,0,0,,10,8,4,2,0,0
1789730400,29836.25,29845.75,29825.25,29834.25,645,,29648,29966.75,,,29247.75,0,0,0,0,,10,8,4,2,0,0
1789730700,29834.25,29839,29828,29829.75,518,,29648,29966.75,,,29247.75,0,0,0,0,,10,8,4,2,0,0
1789731000,29830.5,29854.25,29829.75,29847,647,,29648,29966.75,,,29247.75,0,0,0,0,,10,8,4,2,0,0
1789731300,29847,29858.75,29841,29844.5,491,,29648,29966.75,,,29247.75,0,0,0,0,,10,8,4,2,0,0
1789731600,29845.5,29845.5,29827.25,29831,596,,29648,29966.75,,,29247.75,0,0,0,0,,10,8,4,2,0,0
1789731900,29831.75,29838,29822.5,29834.75,488,,29648,29966.75,,,29247.75,0,0,0,0,,10,8,4,2,0,0
1789732200,29833.5,29845.5,29831.75,29843,491,,29648,29966.75,,,29247.75,0,0,0,0,,10,8,4,2,0,0
1789732500,29844,29847,29828,29838.75,741,,29648,29966.75,,,29247.75,0,0,0,0,,10,8,4,2,0,0
1789732800,29839.75,29848.5,29815,29840,1651,,29648,29966.75,,,29247.75,0,0,0,0,,10,8,4,2,0,0
1789733100,29839.75,29853.5,29797.5,29798.75,2094,,29648,29966.75,,,29247.75,0,0,0,0,,10,8,4,2,0,0
1789733400,29799,29802.25,29785,29787.75,1042,,29648,29966.75,,,29247.75,0,0,0,0,,10,8,4,2,0,0
1789733700,29788,29798.25,29779,29779.25,1448,,29648,29966.75,,,29247.75,0,0,0,0,,10,8,4,2,0,0
1789734000,29779,29790.5,29767.75,29770.25,1662,,29648,29966.75,,,29247.75,0,0,0,0,,10,8,4,2,0,0
1789734300,29770,29786.75,29768.5,29775,866,,29648,29966.75,,,29247.75,0,0,0,0,,10,8,4,2,0,0
1789734600,29774,29796.25,29771.5,29791.25,1546,,29648,29966.75,,,29247.75,0,0,0,0,0,10,8,4,2,0,0
1789734900,29790.75,29795.25,29774.25,29785.25,1363,,29648,29966.75,,,29247.75,0,0,0,0,0,10,8,4,2,0,0
1789735200,29785.25,29794,29779.75,29790,751,,29648,29966.75,,,29247.75,0,0,0,0,0,10,8,4,2,0,0
1789735500,29789.25,29795.5,29785.5,29786.25,664,,29648,29966.75,,,29247.75,0,0,0,0,0,10,8,4,2,0,0
1789735800,29786,29794.5,29783.5,29785.5,474,,29648,29966.75,,,29247.75,0,0,0,0,0,10,8,4,2,0,0
1789736100,29785.5,29787.75,29770,29776.5,924,,29648,29966.75,,,29247.75,0,0,0,0,0,10,8,4,2,0,0
1789736400,29776.25,29783.5,29764.25,29771.75,1679,,29648,29966.75,,,29247.75,0,0,0,0,0,10,8,4,2,0,0
1789736700,29772,29788.5,29770.75,29786,1150,,29648,29966.75,,,29247.75,0,0,0,0,0,10,8,4,2,0,0
1789737000,29785.75,29790.75,29783,29786.25,926,,29648,29966.75,,,29247.75,0,0,0,0,0,10,8,4,2,0,0
1789737300,29786.75,29796.25,29785.25,29793.5,1390,,29648,29966.75,,,29247.75,0,0,0,0,0,10,8,4,2,0,0
1789737600,29793.25,29794.25,29768.5,29768.75,1728,,29648,29966.75,,,29247.75,0,0,0,0,0,10,8,4,2,0,0
1789737900,29768.75,29819.5,29744.75,29814.25,10042,,29648,29966.75,,,29247.75,0,0,0,0,0,10,8,4,2,0,0
1789738200,29814,29842,29801.5,29810.75,17133,,29648,29966.75,,,29247.75,0,0,0,0,0,10,8,4,2,0,0
1789738500,29811.25,29839.75,29798,29836.25,9550,,29648,29966.75,,,29247.75,0,0,0,0,0,10,8,4,2,0,0
1789738800,29835.75,29844.75,29802.25,29816.75,8166,,29648,29966.75,,,29247.75,0,0,0,0,0,10,8,4,2,0,0
1789739100,29817.5,29838.25,29791.25,29795.25,7809,,29648,29966.75,,,29247.75,0,0,0,0,0,10,8,4,2,0,0
1789739400,29795.25,29805.75,29778.75,29782.75,7288,,29648,29966.75,,,29247.75,0,0,0,0,0,10,8,4,2,0,0
1789739700,29782.75,29789.5,29765.75,29776.75,6008,,29648,29966.75,,,29247.75,0,0,0,0,0,10,8,4,2,0,0
1789740000,29776.25,29783.75,29723.25,29728.25,10219,,29648,29966.75,,,29247.75,0,0,0,0,0,10,8,4,2,0,0
1789740300,29728.25,29747.5,29711.75,29740.25,9248,,29648,29966.75,,,29247.75,0,0,0,0,0,10,8,4,2,0,0
1789740600,29739.75,29756.25,29717,29719.25,8498,,29648,29966.75,,,29247.75,0,0,0,0,0,10,8,4,2,0,0
1789740900,29719.25,29726.75,29692.75,29725.25,8772,,29648,29966.75,,,29247.75,0,0,0,0,0,10,8,4,2,0,0
1789741200,29724.75,29747.75,29717.25,29732.5,6933,,29648,29966.75,,,29247.75,0,0,0,0,0,10,8,4,2,0,0
1789741500,29732.75,29745.5,29724.25,29728.75,4559,,29648,29966.75,,,29247.75,0,0,0,0,0,10,8,4,2,0,0
1789741800,29728.25,29738.25,29712.25,29725.75,5208,,29648,29966.75,,,29247.75,0,0,0,0,0,10,8,4,2,0,0
1789742100,29726.75,29752.25,29710.5,29734.5,5959,,29648,29966.75,,,29247.75,0,0,0,0,0,10,8,4,2,0,0
1789742400,29734.25,29736.75,29702.75,29714.25,4603,,29648,29966.75,,,29247.75,0,0,0,0,0,10,8,4,2,0,0
1789742700,29715,29744,29707,29742.5,4518,,29648,29966.75,,,29247.75,0,0,0,0,0,10,8,4,2,0,0
1789743000,29742.25,29766.75,29735,29763.5,6408,,29648,29966.75,,,29247.75,0,0,0,0,0,10,8,4,2,0,0
1789743300,29764,29767.25,29747.5,29758.25,4402,,29648,29966.75,,,29247.75,0,0,0,0,0,10,8,4,2,0,0
1789743600,29758.25,29765,29736.25,29751.25,4532,,29648,29966.75,,,29247.75,0,0,0,0,,10,8,4,2,0,0
1789743900,29751.25,29772.5,29746.25,29749.75,3732,,29648,29966.75,,,29247.75,0,0,0,0,,10,8,4,2,0,0
1789744200,29750.25,29754.25,29725,29729.5,4544,,29648,29966.75,,,29247.75,0,0,0,0,,10,8,4,2,0,0
1789744500,29730.25,29735.75,29720.25,29731,3214,,29648,29966.75,,,29247.75,0,0,0,0,,10,8,4,2,0,0
1789744800,29731.75,29743.25,29725.5,29738.75,3261,,29648,29966.75,,,29247.75,0,0,0,0,,10,8,4,2,0,0
1789745100,29738.75,29754.5,29738,29749.25,3150,,29648,29966.75,,,29247.75,0,0,0,0,,10,8,4,2,0,0
1789745400,29749.5,29755.5,29727.75,29735.5,5338,,29648,29966.75,,,29247.75,0,0,0,0,,10,8,4,2,0,0
1789745700,29735.75,29744,29721,29725.75,3273,,29648,29966.75,,,29247.75,0,0,0,0,,10,8,4,2,0,0
1789746000,29725.5,29727.75,29710.25,29723.5,3671,,29648,29966.75,,,29247.75,0,0,0,0,,10,8,4,2,0,0
1789746300,29723.75,29727,29712.25,29719.5,2325,,29648,29966.75,,,29247.75,0,0,0,0,,10,8,4,2,0,0
1789746600,29720,29730.5,29708,29710.25,3065,,29648,29966.75,,,29247.75,0,0,0,0,,10,8,4,2,0,0
1789746900,29710.75,29720.5,29702.75,29708.25,3132,,29648,29966.75,,,29247.75,0,0,0,0,,10,8,4,2,0,0
1789747200,29708.5,29711,29699.25,29705.75,2987,,29648,29966.75,,,29247.75,0,0,0,0,,10,8,4,2,0,0
1789747500,29706.5,29724.25,29705.75,29714.25,2873,,29648,29966.75,,,29247.75,0,0,0,0,,10,8,4,2,0,0
1789747800,29714.25,29719,29709,29709,1892,,29648,29966.75,,,29247.75,0,0,0,0,,10,8,4,2,0,0
1789748100,29709.25,29722.75,29704.25,29721,2659,,29648,29966.75,,,29247.75,0,0,0,0,,10,8,4,2,0,0
1789748400,29721,29722,29669,29672.75,5158,,29648,29966.75,,,29247.75,0,0,0,0,,10,8,4,2,0,0
1789748700,29672.75,29705.25,29659.25,29699.75,7076,,29648,29966.75,,,29247.75,0,0,0,0,,10,8,4,2,0,0
1789749000,29700,29721,29692.5,29713.75,4724,,29648,29966.75,,,29247.75,0,0,0,0,,10,8,4,2,0,0
1789749300,29714.75,29719.5,29697.25,29708.75,3123,,29648,29966.75,,,29247.75,0,0,0,0,,10,8,4,2,0,0
1789749600,29708.25,29722.5,29702,29716,2316,,29648,29966.75,,,29247.75,0,0,0,0,,10,8,4,2,0,0
1789749900,29716.5,29720,29701,29714,2396,,29648,29966.75,,,29247.75,0,0,0,0,,10,8,4,2,0,0
1789750200,29713.75,29730.5,29713.75,29727.75,2568,,29648,29966.75,,,29247.75,0,0,0,0,,10,8,4,2,0,0
1789750500,29728.25,29735,29722,29727.5,2688,,29648,29966.75,,,29247.75,0,0,0,0,,10,8,4,2,0,0
1789750800,29728,29735.75,29719.75,29731.5,2204,,29648,29966.75,,,29247.75,0,0,0,0,,10,8,4,2,0,0
1789751100,29731.25,29743.25,29730.75,29736.75,2685,,29648,29966.75,,,29247.75,0,0,0,0,,10,8,4,2,0,0
1789751400,29736.75,29741.75,29725.5,29741.25,2692,,29648,29966.75,,,29247.75,0,0,0,0,,10,8,4,2,0,0
1789751700,29741.5,29749.25,29739.25,29746,2219,,29648,29966.75,,,29247.75,0,0,0,0,,10,8,4,2,0,0
1789752000,29746.25,29748.25,29738,29747.75,1708,,29648,29966.75,,,29247.75,0,0,0,0,,10,8,4,2,0,0
1789752300,29747.5,29751.5,29740.25,29741.75,2205,,29648,29966.75,,,29247.75,0,0,0,0,,10,8,4,2,0,0
1789752600,29741.5,29742,29731.75,29741,2113,,29648,29966.75,,,29247.75,0,0,0,0,,10,8,4,2,0,0
1789752900,29741.25,29756,29741.25,29755.5,2350,,29648,29966.75,,,29247.75,0,0,0,0,,10,8,4,2,0,0
1789753200,29754.75,29762.5,29752.5,29762,2021,,29648,29966.75,,,29247.75,0,0,0,0,,10,8,4,2,0,0
1789753500,29761.75,29764.75,29757,29758.25,1861,,29648,29966.75,,,29247.75,0,0,0,0,,10,8,4,2,0,0
1789753800,29758.25,29766.75,29756.5,29762,1766,,29648,29966.75,,,29247.75,0,0,0,0,,10,8,4,2,0,0
1789754100,29762,29768,29759.75,29763.25,1682,,29648,29966.75,,,29247.75,0,0,0,0,,10,8,4,2,0,0
1789754400,29763,29768.75,29756,29761.5,2109,,29648,29966.75,,,29247.75,0,0,0,0,,10,8,4,2,0,0
1789754700,29761.75,29763.5,29755.25,29758.25,1481,,29648,29966.75,,,29247.75,0,0,0,0,,10,8,4,2,0,0
1789755000,29757.75,29760,29748,29753.75,2159,,29648,29966.75,,,29247.75,0,0,0,0,,10,8,4,2,0,0
1789755300,29753.25,29764.75,29753,29764.5,1820,,29648,29966.75,,,29247.75,0,0,0,0,,10,8,4,2,0,0
1789755600,29764.25,29788,29764,29776.25,4469,,29648,29966.75,,,29247.75,0,0,0,0,,10,8,4,2,0,0
1789755900,29776.25,29781.5,29771.25,29780.75,1776,,29648,29966.75,,,29247.75,0,0,0,0,,10,8,4,2,0,0
1789756200,29780.5,29785.5,29774.5,29785,1708,,29648,29966.75,,,29247.75,0,0,0,0,,10,8,4,2,0,0
1789756500,29784.75,29785.75,29773.25,29780,1826,,29648,29966.75,,,29247.75,0,0,0,0,,10,8,4,2,0,0
1789756800,29780,29792.5,29777.25,29790.75,1987,,29648,29966.75,,,29247.75,0,0,0,0,,10,8,4,2,0,0
1789757100,29791.25,29824.5,29790.5,29819.5,4959,,29648,29966.75,,,29247.75,0,0,0,0,,10,8,4,2,0,0
1789757400,29819.25,29849.5,29818.75,29837.25,5003,,29648,29966.75,,,29247.75,0,0,0,0,,10,8,4,2,0,0
1789757700,29837.5,29838,29826.5,29832,3674,,29648,29966.75,,,29247.75,0,0,0,0,,10,8,4,2,0,0
1789758000,29832.25,29848.25,29829.75,29844.5,3235,,29648,29966.75,,,29247.75,0,0,0,0,,10,8,4,2,0,0
1789758300,29845,29852.25,29831,29837.5,2986,,29648,29966.75,,,29247.75,0,0,0,0,,10,8,4,2,0,0
1789758600,29837.5,29844.75,29830,29835,2396,,29648,29966.75,,,29247.75,0,0,0,0,,10,8,4,2,0,0
1789758900,29834.75,29840.5,29832,29837.75,1720,,29648,29966.75,,,29247.75,0,0,0,0,,10,8,4,2,0,0
1789759200,29837.75,29846,29832.25,29840.25,2678,,29648,29966.75,,,29247.75,0,0,0,0,,10,8,4,2,0,0
1789759500,29840.75,29842.25,29829.25,29831.25,1956,,29648,29966.75,,,29247.75,0,0,0,0,,10,8,4,2,0,0
1789759800,29831.5,29834,29822.75,29826,2739,,29648,29966.75,,,29247.75,0,0,0,0,,10,8,4,2,0,0
1789760100,29825.5,29843.75,29824.25,29840.25,2808,,29648,29966.75,,,29247.75,0,0,0,0,,10,8,4,2,0,0
1789760400,29840.5,29853.25,29836.75,29852.25,2950,,29648,29966.75,,,29247.75,0,0,0,0,,10,8,4,2,0,0
1789760700,29852.75,29873,29850,29872.75,4904,,29648,29966.75,,,29247.75,0,0,0,0,,10,8,4,2,0,0
1789761000,29872.25,29888.75,29862.25,29877.5,9200,,29648,29966.75,,,29247.75,0,0,0,0,,10,8,4,2,0,0
1789761300,29877.75,29937.75,29877.5,29916.5,25017,,29648,29966.75,,,29247.75,0,0,0,0,,10,8,4,2,0,0
1789761600,29916.25,29952.75,29912.25,29947,9394,,29648,29966.75,,,29247.75,0,0,0,0,,10,8,4,2,0,0
1789761900,29947,29951,29939.25,29944.75,2615,,29648,29966.75,,,29247.75,0,0,0,0,,10,8,4,2,0,0
1789762200,29944.5,29993.25,29944.5,29970,4242,,29648,,,,29247.75,0,0,0,0,,10,8,4,2,0,0
1789762500,29970.5,29975.25,29965,29966,1320,,29648,,,,29247.75,0,0,0,0,,10,8,4,2,0,0
1789762800,29966.75,29973,29960.25,29964.75,1244,,29648,,,,29247.75,0,0,0,0,,10,8,4,2,0,0
1789763100,29964.25,29970.25,29964,29967.25,644,,29648,,,,29247.75,0,0,0,0,,10,8,4,2,0,0
1789763400,29968.5,29974,29963,29966.25,809,,29648,,,,29247.75,0,0,0,0,,10,8,4,2,0,0
1789763700,29966,29967.75,29956.5,29966.25,627,,29648,,,,29247.75,0,0,0,0,,10,8,4,2,0,0
1789764000,29966.5,29975.75,29966.5,29974.75,636,,29648,,,,29247.75,0,0,0,0,,10,8,4,2,0,0
1789764300,29974.25,29986.5,29973.5,29977.75,805,,29648,,,,29247.75,0,0,0,0,,10,8,4,2,0,0
1789764600,29977.25,29981.75,29958.25,29959.25,643,,29648,,,,29247.75,0,0,0,0,,10,8,4,2,0,0
1789764900,29959.75,29962,29950,29955,732,,29648,,,,29247.75,0,0,0,0,,10,8,4,2,0,0
1789941600,29938,29944.5,29904,29925,2177,,29648,,,29993.25,29648,0,0,0,0,,10,8,4,2,0,0
1789941900,29926.25,29948.75,29925.5,29946.25,949,,29648,,,29993.25,29648,0,0,0,0,,10,8,4,2,0,0
1789942200,29946.5,30004.5,29945,29996.5,1783,,29648,,,,29648,0,0,0,0,,10,8,4,2,0,0
1789942500,29997,30007.75,29979.25,29988,1382,,29648,,,,29648,0,0,0,0,,10,8,4,2,0,0
1789942800,29987.5,29997,29979.5,29981.75,585,,29648,,,,29648,0,0,0,0,,10,8,4,2,0,0
1789943100,29981,29993.5,29980.75,29990.25,477,,29648,,,,29648,0,0,0,0,,10,8,4,2,0,0
1789943400,29989,30002.75,29987,30000.25,789,,29648,,,,29648,0,0,0,0,,10,8,4,2,0,0
1789943700,30001,30026.75,30000.25,30007.25,1321,,29648,,,,29648,0,0,0,0,,10,8,4,2,0,0
1789944000,30007.25,30023.25,30005.75,30007.5,625,,29648,,,,29648,0,0,0,0,,10,8,4,2,0,0
1789944300,30009,30015.75,29996,30006.25,594,,29648,,,,29648,0,0,0,0,,10,8,4,2,0,0
1789944600,30006.5,30009.25,30001.5,30006.5,310,,29648,,,,29648,0,0,0,0,,10,8,4,2,0,0
1789944900,30007,30034,30007,30025.25,967,,29648,,,,29648,0,0,0,0,,10,8,4,2,0,0
1789945200,30025,30029.25,30013.75,30016.5,460,,29648,,,,29648,0,0,0,0,,10,8,4,2,0,0
1789945500,30017.5,30023,30014.75,30019.75,181,,29648,,,,29648,0,0,0,0,,10,8,4,2,0,0
1789945800,30018.25,30023.25,30015,30019.75,272,,29648,,,,29648,0,0,0,0,,10,8,4,2,0,0
1789946100,30020.5,30021,30013.75,30017.5,269,,29648,,,,29648,0,0,0,0,,10,8,4,2,0,0
1789946400,30017.5,30018.5,30011.25,30018.25,246,,29648,,,,29648,0,0,0,0,,10,8,4,2,0,0
1789946700,30019,30031,30017,30027,482,,29648,,,,29648,0,0,0,0,,10,8,4,2,0,0
1789947000,30026.25,30031.75,30023.25,30027,312,,29648,,,,29648,0,0,0,0,,10,8,4,2,0,0
1789947300,30027.5,30038,30026,30033,386,,29648,,,,29648,0,0,0,0,,10,8,4,2,0,0
1789947600,30033.5,30040.25,30029,30036,415,,29648,,,,29648,0,0,0,0,,10,8,4,2,0,0
1789947900,30035.25,30039.75,30026.75,30030.75,511,,29648,,,,29648,0,0,0,0,,10,8,4,2,0,0
1789948200,30030.75,30030.75,30021.5,30024.75,350,,29648,,,,29648,0,0,0,0,,10,8,4,2,0,0
1789948500,30024.25,30036.75,30023.75,30029.5,230,,29648,,,,29648,0,0,0,0,,10,8,4,2,0,0
1789948800,30029.5,30055,30026,30048.5,1050,,,,,,29648,0,0,0,0,,10,8,4,2,0,0
1789949100,30049.25,30065.25,30040.25,30047.5,1108,,,,,,29648,0,0,0,0,,10,8,4,2,0,0
1789949400,30047.5,30047.75,30035.5,30043.25,468,,,,,,29648,0,0,0,0,,10,8,4,2,0,0
1789949700,30041.25,30045.75,30018,30024,923,,,,,,29648,0,0,0,0,,10,8,4,2,0,0
1789950000,30024.25,30069.25,30021.5,30066,1215,,,,,,29648,0,0,0,0,,10,8,4,2,0,0
1789950300,30065.25,30079.25,30061,30067,710,,,,,,29648,0,0,0,0,,10,8,4,2,0,0
1789950600,30067,30090.5,30067,30087,755,,,,,,29648,0,0,0,0,,10,8,4,2,0,0
1789950900,30088.75,30091.75,30082.5,30090.25,615,,,,,,29648,0,0,0,0,,10,8,4,2,0,0
1789951200,30089.5,30090.5,30071,30074.75,593,,,,,,29648,0,0,0,0,,10,8,4,2,0,0
1789951500,30074,30082.25,30070.75,30077.75,480,,,,,,29648,0,0,0,0,,10,8,4,2,0,0
1789951800,30078.25,30087.25,30077,30078.75,456,,,,,,29648,0,0,0,0,,10,8,4,2,0,0
1789952100,30079,30097.25,30076.25,30095.5,793,,,,,,29648,0,0,0,0,,10,8,4,2,0,0
1789952400,30095.5,30106.5,30088.5,30104.75,1518,,,,,,29648,0,0,0,0,,10,8,4,2,0,0
1789952700,30105.75,30123.75,30102,30117,1195,,,,,,29648,0,0,0,0,,10,8,4,2,0,0
1789953000,30118.25,30130.5,30105.25,30115.25,1223,,,,,,29648,0,0,0,0,,10,8,4,2,0,0
1789953300,30115.5,30118.5,30106.75,30111,366,,,,,,29648,0,0,0,0,,10,8,4,2,0,0
1789953600,30111,30115.5,30104.5,30111.25,426,,,,,,29648,0,0,0,0,,10,8,4,2,0,0
1789953900,30111.75,30128,30110.75,30111,730,,,,,,29648,0,0,0,0,,10,8,4,2,0,0
1789954200,30110.75,30120.75,30107.75,30118.75,441,,,,,,29648,0,0,0,0,,10,8,4,2,0,0
1789954500,30119.5,30119.5,30108.25,30113.25,375,,,,,,29648,0,0,0,0,,10,8,4,2,0,0
1789954800,30114.75,30120,30108.75,30113.75,318,,,,,,29648,0,0,0,0,,10,8,4,2,0,0
1789955100,30114,30114,30088.5,30092.25,1058,,,,,,29648,0,0,0,0,,10,8,4,2,0,0
1789955400,30092.25,30099.25,30083.5,30092.75,834,,,,,,29648,0,0,0,0,,10,8,4,2,0,0
1789955700,30093,30094.25,30069.5,30071,928,,,,,,29648,0,0,0,0,,10,8,4,2,0,0
1789956000,30070.5,30084.75,30063.5,30079,836,,,,,,29648,0,0,0,0,,10,8,4,2,0,0
1789956300,30079,30082.5,30070.5,30081.25,456,,,,,,29648,0,0,0,0,,10,8,4,2,0,0
1789956600,30080.75,30084.75,30075,30079.75,273,,,,,,29648,0,0,0,0,,10,8,4,2,0,0
1789956900,30078.75,30082.5,30072,30077.25,328,,,,,,29648,0,0,0,0,,10,8,4,2,0,0
1789957200,30076.25,30082.5,30073.25,30080.5,601,,,,,,29648,0,0,0,0,,10,8,4,2,0,0
1789957500,30080.5,30089.5,30079.75,30088.75,652,,,,,,29648,0,0,0,0,,10,8,4,2,0,0
1789957800,30088,30088,30068,30073.25,656,,,,,,29648,0,0,0,0,,10,8,4,2,0,0
1789958100,30073,30081.75,30073,30078.75,258,,,,,,29648,0,0,0,0,,10,8,4,2,0,0
1789958400,30078.75,30088,30073.5,30082.75,309,,,,,,29648,0,0,0,0,,10,8,4,2,0,0
1789958700,30082.5,30105,30079.75,30100.75,955,,,,,,29648,0,0,0,0,,10,8,4,2,0,0
1789959000,30100.25,30102.5,30079.25,30085.5,513,,,,,,29648,0,0,0,0,,10,8,4,2,0,0
1789959300,30084.75,30086.5,30076,30080,468,,,,,,29648,0,0,0,0,,10,8,4,2,0,0
1789959600,30078.5,30100.75,30078.5,30099,537,,,,,,29648,0,0,0,0,,10,8,4,2,0,0
1789959900,30098.25,30100.25,30092.25,30094.25,303,,,,,,29648,0,0,0,0,,10,8,4,2,0,0
1789960200,30094.25,30099.5,30089.25,30093.5,206,,,,,,29648,0,0,0,0,,10,8,4,2,0,0
1789960500,30093.5,30104.75,30092,30101.75,239,,,,,,29648,0,0,0,0,,10,8,4,2,0,0
1789960800,30102.5,30104.5,30097.75,30099,236,,,,,,29648,0,0,0,0,,10,8,4,2,0,0
1789961100,30100.25,30103.75,30092.25,30093.75,186,,,,,,29648,0,0,0,0,,10,8,4,2,0,0
1789961400,30092.75,30094.75,30082.25,30091.25,547,,,,,,29648,0,0,0,0,,10,8,4,2,0,0
1789961700,30091.5,30095.25,30083.75,30092.5,380,,,,,,29648,0,0,0,0,,10,8,4,2,0,0
1789962000,30091.75,30095,30088.25,30094,154,,,,,,29648,0,0,0,0,,10,8,4,2,0,0
1789962300,30094.5,30107,30094,30095.25,588,,,,,,29648,0,0,0,0,,10,8,4,2,0,0
1789962600,30094,30100.5,30090.5,30097.25,206,,,,,,29648,0,0,0,0,,10,8,4,2,0,0
1789962900,30096.75,30097,30086,30087,216,,,,,,29648,0,0,0,0,,10,8,4,2,0,0
1789963200,30087.25,30095.75,30083.25,30084.75,258,30130.5,30018,,,,29648,0,0,0,0,,10,8,4,2,0,0
1789963500,30083.75,30087.5,30071,30081,678,30130.5,30018,,,,29648,0,0,0,0,,10,8,4,2,0,0
1789963800,30081.25,30084.5,30072.5,30082,281,30130.5,30018,,,,29648,0,0,0,0,,10,8,4,2,0,0
1789964100,30082.75,30099.75,30082,30098,365,30130.5,30018,,,,29648,0,0,0,0,,10,8,4,2,0,0
1789964400,30098,30100.75,30088,30094,270,30130.5,30018,,,,29648,0,0,0,0,,10,8,4,2,0,0
1789964700,30094.5,30097.5,30092.75,30094,97,30130.5,30018,,,,29648,0,0,0,0,,10,8,4,2,0,0
1789965000,30093.25,30094.5,30081.5,30086.5,246,30130.5,30018,,,,29648,0,0,0,0,,10,8,4,2,0,0
1789965300,30087,30087,30080.5,30085.5,136,30130.5,30018,,,,29648,0,0,0,0,,10,8,4,2,0,0
1789965600,30085,30092.5,30084.75,30088.5,153,30130.5,30018,,,,29648,0,0,0,0,,10,8,4,2,0,0
1789965900,30087.75,30098,30087.5,30093.75,142,30130.5,30018,,,,29648,0,0,0,0,,10,8,4,2,0,0
1789966200,30093.75,30096.5,30091,30091.5,166,30130.5,30018,,,,29648,0,0,0,0,,10,8,4,2,0,0
1789966500,30092.5,30096.25,30089,30090,160,30130.5,30018,,,,29648,0,0,0,0,,10,8,4,2,0,0
1789966800,30090.25,30090.75,30083.75,30084,142,30130.5,30018,,,,29648,0,0,0,0,,10,8,4,2,0,0
1789967100,30083.5,30086,30080,30083.5,145,30130.5,30018,,,,29648,0,0,0,0,,10,8,4,2,0,0
1789967400,30083,30086,30080.25,30081.75,130,30130.5,30018,,,,29648,0,0,0,0,,10,8,4,2,0,0
1789967700,30082,30083,30075.25,30079.25,306,30130.5,30018,,,,29648,0,0,0,0,,10,8,4,2,0,0
1789968000,30079.5,30089.25,30079.25,30088,181,30130.5,30018,,,,29648,0,0,0,0,,10,8,4,2,0,0
1789968300,30088.25,30088.25,30078.75,30081.75,178,30130.5,30018,,,,29648,0,0,0,0,,10,8,4,2,0,0
1789968600,30081.25,30094.5,30077.5,30089.25,424,30130.5,30018,,,,29648,0,0,0,0,,10,8,4,2,0,0
1789968900,30089.25,30103,30083.5,30095.5,440,30130.5,30018,,,,29648,0,0,0,0,,10,8,4,2,0,0
1789969200,30096,30111.75,30095.5,30098.5,742,30130.5,30018,,,,29648,0,0,0,0,,10,8,4,2,0,0
1789969500,30097.5,30102.5,30084,30085,457,30130.5,30018,,,,29648,0,0,0,0,,10,8,4,2,0,0
1789969800,30085.25,30097.25,30082.5,30091.25,201,30130.5,30018,,,,29648,0,0,0,0,,10,8,4,2,0,0
1789970100,30089.25,30093,30087.25,30090.75,175,30130.5,30018,,,,29648,0,0,0,0,,10,8,4,2,0,0
1789970400,30090.5,30108.5,30090.5,30108,634,30130.5,30018,,,,29648,0,0,0,0,,10,8,4,2,0,0
1789970700,30107.5,30115,30103.75,30114,516,30130.5,30018,,,,29648,0,0,0,0,,10,8,4,2,0,0
1789971000,30113.5,30121.5,30106,30113.25,703,30130.5,30018,,,,29648,0,0,0,0,,10,8,4,2,0,0
1789971300,30112,30125,30108.25,30116.25,699,30130.5,30018,,,,29648,0,0,0,0,,10,8,4,2,0,0
1789971600,30116,30118.5,30108.75,30111.5,420,30130.5,30018,,,,29648,0,0,0,0,,10,8,4,2,0,0
1789971900,30112,30115.5,30102.75,30108,410,30130.5,30018,,,,29648,0,0,0,0,,10,8,4,2,0,0
1789972200,30108.25,30120.25,30106.5,30120.25,264,30130.5,30018,,,,29648,0,0,0,0,,10,8,4,2,0,0
1789972500,30119.75,30123.5,30115,30122,323,30130.5,30018,,,,29648,0,0,0,0,,10,8,4,2,0,0
1789972800,30121.5,30123.75,30117,30121,183,30130.5,30018,,,,29648,0,0,0,0,,10,8,4,2,0,0
1789973100,30121.25,30136.5,30120.75,30135,787,,30018,,,,29648,0,0,0,0,,10,8,4,2,0,0
1789973400,30134.75,30136,30117.25,30124.75,632,,30018,,,,29648,0,0,0,0,,10,8,4,2,0,0
1789973700,30125,30144.5,30124.25,30141.5,719,,30018,,,,29648,0,0,0,0,,10,8,4,2,0,0
1789974000,30142,30162,30131.75,30160,1554,,30018,,,,29648,0,0,0,0,,10,8,4,2,0,0
1789974300,30159.5,30161.5,30148.25,30155.75,796,,30018,,,,29648,0,0,0,0,,10,8,4,2,0,0
1789974600,30156.75,30156.75,30135.25,30153,826,,30018,,,,29648,0,0,0,0,,10,8,4,2,0,0
1789974900,30153.25,30155.75,30146,30150.25,678,,30018,,,,29648,0,0,0,0,,10,8,4,2,0,0
1789975200,30151.75,30152,30130.25,30135.5,554,,30018,,,,29648,0,0,0,0,,10,8,4,2,0,0
1789975500,30135.5,30150.75,30126,30148,726,,30018,,,,29648,0,0,0,0,,10,8,4,2,0,0
1789975800,30149.25,30155.25,30142.75,30147,589,,30018,,,,29648,0,0,0,0,,10,8,4,2,0,0
1789976100,30147.5,30157,30145,30152.75,425,,30018,,,,29648,0,0,0,0,,10,8,4,2,0,0
1789976400,30151.5,30151.75,30138.25,30144.75,563,,30018,,,,29648,0,0,0,0,,10,8,4,2,0,0
1789976700,30144.5,30152,30140,30150.25,500,,30018,,,,29648,0,0,0,0,,10,8,4,2,0,0
1789977000,30150.75,30178,30149.75,30177.75,1111,,30018,,,,29648,0,0,0,0,,10,8,4,2,0,0
1789977300,30177.25,30188.25,30177.25,30178.75,712,,30018,,,,29648,0,0,0,0,,10,8,4,2,0,0
1789977600,30178.5,30214,30172.5,30202.25,1658,,30018,,,,29648,0,0,0,0,,10,8,4,2,0,0
1789977900,30202.25,30208.75,30184.75,30207.5,1092,,30018,,,,29648,0,0,0,0,,10,8,4,2,0,0
1789978200,30208,30215,30202.25,30204.5,814,,30018,,,,29648,0,0,0,0,,10,8,4,2,0,0
1789978500,30205.25,30208.25,30195.75,30197.75,368,,30018,,,,29648,0,0,0,0,,10,8,4,2,0,0
1789978800,30198,30212.25,30191.25,30209.5,567,,30018,,,,29648,0,0,0,0,,10,8,4,2,0,0
1789979100,30209.5,30214,30198.25,30198.75,656,,30018,,,,29648,0,0,0,0,,10,8,4,2,0,0
1789979400,30198.75,30231,30197.5,30223.5,1004,,30018,,,,29648,0,0,0,0,,10,8,4,2,0,0
1789979700,30224.5,30229.75,30219.25,30225.5,510,,30018,,,,29648,0,0,0,0,,10,8,4,2,0,0
1789980000,30225,30237.5,30220.75,30234.25,565,,30018,,,,29648,0,0,0,0,,10,8,4,2,0,0
1789980300,30232.75,30235,30222,30230.75,485,,30018,,,,29648,0,0,0,0,,10,8,4,2,0,0
1789980600,30230,30236.5,30224.5,30227.75,467,,30018,,,,29648,0,0,0,0,,10,8,4,2,0,0
1789980900,30228.25,30237.75,30224.75,30234.5,433,,30018,,,,29648,0,0,0,0,,10,8,4,2,0,0
1789981200,30234.75,30237.5,30229.25,30231,393,,30018,30237.75,30090.5,,29648,0,0,0,0,,10,8,4,2,0,0
1789981500,30229.5,30249.75,30228.5,30240.25,576,,30018,,30090.5,,29648,0,0,0,0,,10,8,4,2,0,0
1789981800,30241,30245.25,30230.25,30241,542,,30018,,30090.5,,29648,0,0,0,0,,10,8,4,2,0,0
1789982100,30239,30248,30233,30236,383,,30018,,30090.5,,29648,0,0,0,0,,10,8,4,2,0,0
1789982400,30236.5,30249.5,30232.5,30247.25,356,,30018,,30090.5,,29648,0,0,0,0,,10,8,4,2,0,0
1789982700,30245.75,30262.5,30242.75,30247.75,810,,30018,,30090.5,,29648,0,0,0,0,,10,8,4,2,0,0
1789983000,30247,30250.75,30239.75,30249,473,,30018,,30090.5,,29648,0,0,0,0,,10,8,4,2,0,0
1789983300,30250,30255.75,30248,30254.25,230,,30018,,30090.5,,29648,0,0,0,0,,10,8,4,2,0,0
1789983600,30254,30260,30251.25,30257.75,245,,30018,,30090.5,,29648,0,0,0,0,,10,8,4,2,0,0
1789983900,30258,30264,30253.25,30254.75,509,,30018,,30090.5,,29648,0,0,0,0,,10,8,4,2,0,0
1789984200,30255,30259.75,30250.75,30254.25,420,,30018,,30090.5,,29648,0,0,0,0,,10,8,4,2,0,0
1789984500,30253.5,30253.5,30233,30234.25,784,,30018,,30090.5,,29648,0,0,0,0,,10,8,4,2,0,0
1789984800,30234,30247.5,30232.75,30246,515,,30018,,30090.5,,29648,0,0,0,0,,10,8,4,2,0,0
1789985100,30245.5,30247.75,30238,30247.25,363,,30018,,30090.5,,29648,0,0,0,0,,10,8,4,2,0,0
1789985400,30246.75,30246.75,30238.5,30246.5,285,,30018,,30090.5,,29648,0,0,0,0,,10,8,4,2,0,0
1789985700,30246.75,30253.75,30242.25,30246,536,,30018,,30090.5,,29648,0,0,0,0,,10,8,4,2,0,0
1789986000,30245.25,30247.25,30239,30240,259,,30018,,30090.5,,29648,0,0,0,0,,10,8,4,2,0,0
1789986300,30240.25,30251.75,30239.25,30245.75,187,,30018,,30090.5,,29648,0,0,0,0,,10,8,4,2,0,0
1789986600,30247,30261,30237,30259.5,739,,30018,,30090.5,,29648,0,0,0,0,,10,8,4,2,0,0
1789986900,30258.75,30266.75,30246.5,30261,610,,30018,,30090.5,,29648,0,0,0,0,,10,8,4,2,0,0
1789987200,30258.5,30259.5,30250,30252.25,284,,30018,,30090.5,,29648,0,0,0,0,,10,8,4,2,0,0
1789987500,30251,30259,30247.5,30248.75,198,,30018,,30090.5,,29648,0,0,0,0,,10,8,4,2,0,0
1789987800,30249,30255.75,30247.75,30254.75,204,,30018,,30090.5,,29648,0,0,0,0,,10,8,4,2,0,0
1789988100,30255.25,30255.5,30239.25,30241.5,444,,30018,,30090.5,,29648,0,0,0,0,,10,8,4,2,0,0
1789988400,30241.25,30251.75,30233.25,30236,774,,30018,,30090.5,,29648,0,0,0,0,,10,8,4,2,0,0
1789988700,30235.75,30237.75,30222.75,30229,646,,30018,,30090.5,,29648,0,0,0,0,,10,8,4,2,0,0
1789989000,30229.25,30238.25,30223.75,30232.5,401,,30018,,30090.5,,29648,0,0,0,0,,10,8,4,2,0,0
1789989300,30232.25,30242.25,30232.25,30239.75,328,,30018,,30090.5,,29648,0,0,0,0,,10,8,4,2,0,0
1789989600,30238.75,30238.75,30222,30223.5,409,,30018,,30090.5,,29648,0,0,0,0,,10,8,4,2,0,0
1789989900,30223.25,30228.75,30216,30225.75,428,,30018,,30090.5,,29648,0,0,0,0,,10,8,4,2,0,0
1789990200,30225.75,30242,30223,30234.25,599,,30018,,30090.5,,29648,0,0,0,0,,10,8,4,2,0,0
1789990500,30235.5,30238.25,30220.75,30231.25,736,,30018,,30090.5,,29648,0,0,0,0,,10,8,4,2,0,0
1789990800,30231,30241,30225.75,30240.75,375,,30018,,30090.5,,29648,0,0,0,0,,10,8,4,2,0,0
1789991100,30241,30249.25,30233,30248.25,464,,30018,,30090.5,,29648,0,0,0,0,,10,8,4,2,0,0
1789991400,30248,30257.75,30246.25,30254.5,611,,30018,,30090.5,,29648,0,0,0,0,,10,8,4,2,0,0
1789991700,30255.25,30260.5,30243.75,30247,512,,30018,,30090.5,,29648,0,0,0,0,,10,8,4,2,0,0
1789992000,30247.5,30268.75,30236,30267.75,1484,,30018,,30090.5,,29648,0,0,0,0,,10,8,4,2,0,0
1789992300,30268,30275,30260.75,30263.75,1007,,30018,,30090.5,,29648,0,0,0,0,,10,8,4,2,0,0
1789992600,30263.75,30265.75,30250.5,30252.25,1043,,30018,,30090.5,,29648,0,0,0,0,,10,8,4,2,0,0
1789992900,30251.75,30257.75,30243.25,30252.5,715,,30018,,30090.5,,29648,0,0,0,0,,10,8,4,2,0,0
1789993200,30252.75,30255.5,30236.25,30237,695,,30018,,30090.5,,29648,0,0,0,0,,10,8,4,2,0,0
1789993500,30235.75,30238.25,30225.25,30225.5,839,,30018,,30090.5,,29648,0,0,0,0,,10,8,4,2,0,0
1789993800,30226.25,30236.5,30222.25,30229.5,714,,30018,,30090.5,,29648,0,0,0,0,0,10,8,4,2,0,0
1789994100,30230,30235.75,30222.5,30232,862,,30018,,30090.5,,29648,0,0,0,0,0,10,8,4,2,0,0
1789994400,30231.5,30257,30226.75,30254.25,1369,,30018,,30090.5,,29648,0,0,0,0,0,10,8,4,2,0,0
1789994700,30254.25,30258.5,30233.25,30237,871,,30018,,30090.5,,29648,0,0,0,0,0,10,8,4,2,0,0
1789995000,30237.5,30243.5,30235.75,30237.25,456,,30018,,30090.5,,29648,0,0,0,0,0,10,8,4,2,0,0
1789995300,30237.25,30237.25,30224.25,30225.5,863,,30018,,30090.5,,29648,0,0,0,0,0,10,8,4,2,0,0
1789995600,30224.25,30236.5,30219.5,30233.25,876,,30018,,30090.5,,29648,0,0,0,0,0,10,8,4,2,0,0
1789995900,30232.5,30236.25,30224.25,30233.25,651,,30018,,30090.5,,29648,0,0,0,0,0,10,8,4,2,0,0
1789996200,30233.75,30238.25,30221.25,30223,899,,30018,,30090.5,,29648,0,0,0,0,0,10,8,4,2,0,0
1789996500,30224,30231,30222.25,30230.25,698,,30018,,30090.5,,29648,0,0,0,0,0,10,8,4,2,0,0
1789996800,30230.25,30230.75,30202.25,30203,1628,,30018,,30090.5,,29648,0,0,0,0,0,10,8,4,2,0,0
1789997100,30203,30233,30203,30221.5,4005,,30018,,30090.5,,29648,0,0,0,0,0,10,8,4,2,0,0
1789997400,30222,30260,30216.5,30252,16467,,30018,,30090.5,,29648,0,0,0,0,0,10,8,4,2,0,0
1789997700,30252.25,30303.25,30235.5,30296.5,12932,,30018,,30090.5,,29648,0,0,0,0,0,10,8,4,2,0,0
1789998000,30297,30340.5,30296.75,30339.75,9114,,30018,,30090.5,,29648,0,0,0,0,0,10,8,4,2,0,0
1789998300,30340.5,30371,30340,30359.25,10323,,30018,,30090.5,,29648,0,0,0,0,0,10,8,4,2,0,0
1789998600,30359,30408.5,30351.75,30407.75,10844,,30018,,30090.5,,29648,0,0,0,0,0,10,8,4,2,0,0
1789998900,30407.75,30423,30395.5,30416.5,8578,,30018,,30090.5,,29648,0,0,0,0,0,10,8,4,2,0,0
1789999200,30416.5,30437.75,30411,30417.5,8949,,30018,,30090.5,,29648,0,0,0,0,0,10,8,4,2,0,0
1789999500,30418,30420.25,30397,30408.5,6909,,30018,,30090.5,,29648,0,0,0,0,0,10,8,4,2,0,0
1789999800,30408.5,30444.75,30408.25,30436.75,7527,,30018,,30090.5,,29648,0,0,0,0,0,10,8,4,2,0,0
1790000100,30437.5,30471.75,30437.5,30468.75,7865,,30018,,30090.5,,29648,0,0,0,0,0,10,8,4,2,0,0
1790000400,30469,30505,30455.75,30502.5,8689,,30018,,30090.5,,29648,0,0,0,0,0,10,8,4,2,0,0
1790000700,30502,30519.75,30493.5,30518,7065,,30018,,30090.5,,29648,0,0,0,0,0,10,8,4,2,0,0
1790001000,30518.25,30531.25,30510.25,30524.25,6556,,30018,,30090.5,,29648,0,0,0,0,0,10,8,4,2,0,0
1790001300,30524.25,30557.25,30524.25,30530.75,7773,,30018,,30090.5,,29648,0,0,0,0,0,10,8,4,2,0,0
1790001600,30531.5,30539,30500.5,30516.75,7693,,30018,,30090.5,,29648,0,0,0,0,0,10,8,4,2,0,0
1790001900,30517,30531.75,30504,30519,6660,,30018,,30090.5,,29648,0,0,0,0,0,10,8,4,2,0,0
1790002200,30519,30529.25,30506.5,30527.75,4873,,30018,,30090.5,,29648,0,0,0,0,0,10,8,4,2,0,0
1790002500,30527.75,30559.5,30519.5,30550.5,6207,,30018,,30090.5,,29648,0,0,0,0,0,10,8,4,2,0,0
1790002800,30551,30577.5,30549,30576,6984,,30018,,30090.5,,29648,0,0,0,0,,10,8,4,2,0,0
1790003100,30576,30579,30563.75,30575.25,4415,,30018,,30090.5,,29648,0,0,0,0,,10,8,4,2,0,0
1790003400,30576.25,30581,30567,30575.5,4456,,30018,,30090.5,,29648,0,0,0,0,,10,8,4,2,0,0
1790003700,30575.75,30587.25,30570.5,30584.75,4531,,30018,,30090.5,,29648,0,0,0,0,,10,8,4,2,0,0
1790004000,30584.75,30586.25,30570.75,30573.5,3025,,30018,,30090.5,,29648,0,0,0,0,,10,8,4,2,0,0
1790004300,30573.5,30587.5,30571,30584.5,2969,,30018,,30090.5,,29648,0,0,0,0,,10,8,4,2,0,0
1790004600,30585,30595,30579.5,30582.5,3791,,30018,,30090.5,,29648,0,0,0,0,,10,8,4,2,0,0
1790004900,30582.25,30610.5,30580,30608.25,5218,,30018,,30090.5,,29648,0,0,0,0,,10,8,4,2,0,0
1790005200,30608.25,30614.25,30598.5,30613.5,3831,,30018,,30090.5,,29648,0,0,0,0,,10,8,4,2,0,0
1790005500,30613.25,30632.25,30613.25,30624.25,5425,,30018,,30090.5,,29648,0,0,0,0,,10,8,4,2,0,0
1790005800,30624.25,30639.25,30612,30612.75,5009,,30018,,30090.5,,29648,0,0,0,0,,10,8,4,2,0,0
1790006100,30613.25,30618,30601.5,30609.75,3523,,30018,,30090.5,,29648,0,0,0,0,,10,8,4,2,0,0
1790006400,30610.25,30632.75,30601.5,30630,3687,,30018,,30090.5,,29648,0,0,0,0,,10,8,4,2,0,0
1790006700,30630.5,30655,30619,30652,7314,,30018,,30090.5,,29648,0,0,0,0,,10,8,4,2,0,0
1790007000,30652,30661.25,30646.25,30652.5,4329,,30018,,30090.5,,29648,0,0,0,0,,10,8,4,2,0,0
1790007300,30653.5,30662.75,30648,30657.25,3721,,30018,,30090.5,,29648,0,0,0,0,,10,8,4,2,0,0
1790007600,30657.25,30671,30652.25,30670.5,3991,,30018,,30090.5,,29648,0,0,0,0,,10,8,4,2,0,0
1790007900,30670.25,30687.5,30667.25,30678.25,3818,,30018,,30090.5,,29648,0,0,0,0,,10,8,4,2,0,0
1790008200,30677.75,30704.25,30676.5,30696,4930,,30018,,30090.5,,29648,0,0,0,0,,10,8,4,2,0,0
1790008500,30696,30699.5,30665.75,30667,3897,,30018,,30090.5,,29648,0,0,0,0,,10,8,4,2,0,0
1790008800,30667.5,30683.25,30666.25,30670.25,3760,,30018,,30090.5,,29648,0,0,0,0,,10,8,4,2,0,0
1790009100,30670.25,30681.25,30669.75,30678.5,2595,,30018,,30090.5,,29648,0,0,0,0,,10,8,4,2,0,0
1790009400,30678.25,30682.5,30665,30674.25,2395,,30018,,30090.5,,29648,0,0,0,0,,10,8,4,2,0,0
1790009700,30674.5,30681.25,30670,30680.5,2159,,30018,,30090.5,,29648,0,0,0,0,,10,8,4,2,0,0
1790010000,30680.5,30688.5,30678.5,30685.25,2371,,30018,,30090.5,,29648,0,0,0,0,,10,8,4,2,0,0
1790010300,30685.75,30693.75,30675.75,30681.25,2578,,30018,,30090.5,,29648,0,0,0,0,,10,8,4,2,0,0
1790010600,30680.75,30694.25,30676.25,30689,2338,,30018,,30090.5,,29648,0,0,0,0,,10,8,4,2,0,0
1790010900,30689,30692.25,30680.25,30689,2566,,30018,,30090.5,,29648,0,0,0,0,,10,8,4,2,0,0
1790011200,30688.75,30693,30667.75,30670.5,3006,,30018,,30090.5,,29648,0,0,0,0,,10,8,4,2,0,0
1790011500,30670,30689.5,30664.25,30687.75,3645,,30018,,30090.5,,29648,0,0,0,0,,10,8,4,2,0,0
1790011800,30688,30695.75,30673.5,30675.25,3358,,30018,,30090.5,,29648,0,0,0,0,,10,8,4,2,0,0
1790012100,30675.25,30684.5,30670.75,30681,2117,,30018,,30090.5,,29648,0,0,0,0,,10,8,4,2,0,0
1790012400,30680.5,30716.5,30678,30714,3788,,30018,,30090.5,,29648,0,0,0,0,,10,8,4,2,0,0
1790012700,30714.25,30724.5,30708.25,30712.75,3807,,30018,,30090.5,,29648,0,0,0,0,,10,8,4,2,0,0
1790013000,30712.75,30723,30711,30718.5,1748,,30018,,30090.5,,29648,0,0,0,0,,10,8,4,2,0,0
1790013300,30718.75,30719.25,30709.25,30712.5,2151,,30018,,30090.5,,29648,0,0,0,0,,10,8,4,2,0,0
1790013600,30712.75,30724.25,30712.5,30724.25,2524,,30018,,30090.5,,29648,0,0,0,0,,10,8,4,2,0,0
1790013900,30724.25,30731.75,30721,30724.25,2910,,30018,,30090.5,,29648,0,0,0,0,,10,8,4,2,0,0
1790014200,30724.5,30736.75,30719.75,30730.25,2555,,30018,,30090.5,,29648,0,0,0,0,,10,8,4,2,0,0
1790014500,30730.75,30745,30729.5,30739.5,3224,,30018,,30090.5,,29648,0,0,0,0,,10,8,4,2,0,0
1790014800,30739.5,30757,30738.75,30754.75,3530,,30018,,30090.5,,29648,0,0,0,0,,10,8,4,2,0,0
1790015100,30754.75,30759,30747.75,30753.5,2695,,30018,,30090.5,,29648,0,0,0,0,,10,8,4,2,0,0
1790015400,30753.75,30755.5,30737,30743.25,3521,,30018,,30090.5,,29648,0,0,0,0,,10,8,4,2,0,0
1790015700,30743.25,30763,30739,30763,3507,,30018,,30090.5,,29648,0,0,0,0,,10,8,4,2,0,0
1790016000,30762.5,30767.5,30756.5,30765.25,2894,,30018,,30090.5,,29648,0,0,0,0,,10,8,4,2,0,0
1790016300,30765,30775,30762,30772.5,3047,,30018,,30090.5,,29648,0,0,0,0,,10,8,4,2,0,0
1790016600,30772.5,30797.25,30772.5,30792,5173,,30018,,30090.5,,29648,0,0,0,0,,10,8,4,2,0,0
1790016900,30792.25,30794.75,30780,30786.5,3197,,30018,,30090.5,,29648,0,0,0,0,,10,8,4,2,0,0
1790017200,30786.75,30797.5,30777,30777.25,3904,,30018,,30090.5,,29648,0,0,0,0,,10,8,4,2,0,0
1790017500,30777.5,30791,30773,30789,3055,,30018,,30090.5,,29648,0,0,0,0,,10,8,4,2,0,0
1790017800,30789,30802.5,30778.75,30801.75,3307,,30018,,30090.5,,29648,0,0,0,0,,10,8,4,2,0,0
1790018100,30801.5,30807,30794.75,30805.25,3243,,30018,,30090.5,,29648,0,0,0,0,,10,8,4,2,0,0
1790018400,30805,30813.5,30795.25,30803,3638,,30018,,30090.5,,29648,0,0,0,0,,10,8,4,2,0,0
1790018700,30803.25,30812.25,30797.75,30803.75,2895,,30018,,30090.5,,29648,0,0,0,0,,10,8,4,2,0,0
1790019000,30803,30838,30800.25,30835.5,5362,,30018,,30090.5,,29648,0,0,0,0,,10,8,4,2,0,0
1790019300,30835.5,30862.75,30832.5,30854.5,5812,,30018,,30090.5,,29648,0,0,0,0,,10,8,4,2,0,0
1790019600,30854.5,30858.25,30826.5,30835.5,5557,,30018,,30090.5,,29648,0,0,0,0,,10,8,4,2,0,0
1790019900,30835,30837.75,30822,30825,4994,,30018,,30090.5,,29648,0,0,0,0,,10,8,4,2,0,0
1790020200,30825.5,30825.5,30786.75,30794.75,9664,,30018,,30090.5,,29648,0,0,0,0,,10,8,4,2,0,0
1790020500,30794.25,30807.75,30778,30784.25,18198,,30018,,30090.5,,29648,0,0,0,0,,10,8,4,2,0,0
1790020800,30784.25,30794,30763.25,30767.75,5968,,30018,,30090.5,,29648,0,0,0,0,,10,8,4,2,0,0
1790021100,30768.25,30786,30766.5,30781.5,2407,,30018,,30090.5,,29648,0,0,0,0,,10,8,4,2,0,0
1790021400,30782.5,30784,30771,30778.5,1370,,30018,,30090.5,,29648,0,0,0,0,,10,8,4,2,0,0
1790021700,30778.25,30779,30761.75,30771,1263,,30018,,30090.5,,29648,0,0,0,0,,10,8,4,2,0,0
1790022000,30770.75,30772.5,30765.75,30769,659,,30018,,30090.5,,29648,0,0,0,0,,10,8,4,2,0,0
1790022300,30769.5,30782,30769.25,30777.5,845,,30018,,30090.5,,29648,0,0,0,0,,10,8,4,2,0,0
1790022600,30777.5,30778.5,30769.5,30772.25,554,,30018,,30090.5,,29648,0,0,0,0,,10,8,4,2,0,0
1790022900,30772,30772,30760,30764.5,669,,30018,,30090.5,,29648,0,0,0,0,,10,8,4,2,0,0
1790023200,30765,30767.25,30756.5,30763,724,,30018,,30090.5,,29648,0,0,0,0,,10,8,4,2,0,0
1790023500,30762.25,30768,30760.5,30765.75,598,,30018,,30090.5,,29648,0,0,0,0,,10,8,4,2,0,0
1790023800,30765.25,30769.75,30763.5,30768.25,400,,30018,,30090.5,,29648,0,0,0,0,,10,8,4,2,0,0
1790024100,30768.25,30788,30763.75,30781,1186,,30018,,30090.5,,29648,0,0,0,0,,10,8,4,2,0,0
1790028000,30780,30808.75,30778.5,30808.25,988,,30018,,30090.5,30862.75,29904,0,0,0,0,,10,8,4,2,0,0
1790028300,30809.5,30821.25,30797.5,30804.5,721,,30018,,30090.5,30862.75,29904,0,0,0,0,,10,8,4,2,0,0
1790028600,30805,30810,30786.25,30802.75,766,,30018,,30090.5,30862.75,29904,0,0,0,0,,10,8,4,2,0,0
1790028900,30803.25,30815.75,30800.5,30808,475,,30018,,30090.5,30862.75,29904,0,0,0,0,,10,8,4,2,0,0
1790029200,30808.5,30815,30804,30809.5,273,,30018,,30090.5,30862.75,29904,0,0,0,0,,10,8,4,2,0,0
1790029500,30810,30816,30808.25,30814,249,,30018,,30090.5,30862.75,29904,0,0,0,0,,10,8,4,2,0,0
1790029800,30815.75,30828.25,30811.5,30814,820,,30018,,30090.5,30862.75,29904,0,0,0,0,,10,8,4,2,0,0
1790030100,30815,30820.75,30812,30813.5,154,,30018,,30090.5,30862.75,29904,0,0,0,0,,10,8,4,2,0,0
1790030400,30813.5,30821.75,30805,30821.75,397,,30018,,30090.5,30862.75,29904,0,0,0,0,,10,8,4,2,0,0
1790030700,30821.25,30824.5,30812.75,30824.5,293,,30018,,30090.5,30862.75,29904,0,0,0,0,,10,8,4,2,0,0
1790031000,30823,30829.75,30815.5,30829.25,406,,30018,,30090.5,30862.75,29904,0,0,0,0,,10,8,4,2,0,0
1790031300,30829.25,30833.5,30825,30829.5,371,,30018,,30090.5,30862.75,29904,0,0,0,0,,10,8,4,2,0,0
1790031600,30828.25,30836.5,30823.25,30829.5,521,,30018,,30090.5,30862.75,29904,0,0,0,0,,10,8,4,2,0,0
1790031900,30829.25,30840.75,30827,30838.5,370,,30018,,30090.5,30862.75,29904,0,0,0,0,,10,8,4,2,0,0
1790032200,30838.25,30852.25,30836,30843.75,715,,30018,,30090.5,30862.75,29904,0,0,0,0,,10,8,4,2,0,0
1790032500,30843.25,30847.25,30836,30841.75,368,,30018,,30090.5,30862.75,29904,0,0,0,0,,10,8,4,2,0,0
1790032800,30841.75,30844.75,30838,30843.5,257,,30018,,30090.5,30862.75,29904,0,0,0,0,,10,8,4,2,0,0
1790033100,30843.5,30844.75,30836.75,30842.75,310,,30018,,30090.5,30862.75,29904,0,0,0,0,,10,8,4,2,0,0
1790033400,30842.25,30850.5,30836.75,30848.5,418,,30018,,30090.5,30862.75,29904,0,0,0,0,,10,8,4,2,0,0
1790033700,30849,30850.75,30841.5,30846,302,,30018,,30090.5,30862.75,29904,0,0,0,0,,10,8,4,2,0,0
1790034000,30847,30856,30846.25,30849.5,633,,30018,,30090.5,30862.75,29904,0,0,0,0,,10,8,4,2,0,0
1790034300,30850,30855,30846.75,30849,534,,30018,,30090.5,30862.75,29904,0,0,0,0,,10,8,4,2,0,0
1790034600,30848.5,30856.75,30847.25,30854.25,290,,30018,,30090.5,30862.75,29904,0,0,0,0,,10,8,4,2,0,0
1790034900,30855.25,30855.25,30849.25,30852.25,301,,30018,,30090.5,30862.75,29904,0,0,0,0,,10,8,4,2,0,0
1790035200,30852.25,30869.25,30850,30865.25,1329,,,,30090.5,,29904,0,0,0,0,,10,8,4,2,0,0
1790035500,30865.25,30886.5,30864,30884.5,1008,,,,30090.5,,29904,0,0,0,0,,10,8,4,2,0,0
1790035800,30885,30888.5,30873,30876.75,1234,,,,30090.5,,29904,0,0,0,0,,10,8,4,2,0,0
1790036100,30876.75,30882.25,30862.75,30873.25,1614,,,,30090.5,,29904,0,0,0,0,,10,8,4,2,0,0
1790036400,30874,30882.75,30870,30879.75,699,,,,30090.5,,29904,0,0,0,0,,10,8,4,2,0,0
1790036700,30878.75,30893.75,30874.5,30892.25,629,,,,30090.5,,29904,0,0,0,0,,10,8,4,2,0,0
1790037000,30893,30916.5,30880.5,30881.25,2352,,,,30090.5,,29904,0,0,0,0,,10,8,4,2,0,0
1790037300,30881.5,30885.5,30872.75,30875.5,1011,,,,30090.5,,29904,0,0,0,0,,10,8,4,2,0,0
1790037600,30875.75,30897,30872.25,30891,806,,,,30090.5,,29904,0,0,0,0,,10,8,4,2,0,0
1790037900,30891.75,30906.75,30886,30896.25,916,,,,30090.5,,29904,0,0,0,0,,10,8,4,2,0,0
1790038200,30896.25,30901.5,30893.75,30899.75,294,,,,30090.5,,29904,0,0,0,0,,10,8,4,2,0,0
1790038500,30900,30903.25,30892.5,30899.5,457,,,,30090.5,,29904,0,0,0,0,,10,8,4,2,0,0
1790038800,30900,30901.25,30883,30884.5,943,,,,30090.5,,29904,0,0,0,0,,10,8,4,2,0,0
1790039100,30885.5,30897.25,30878.75,30889.75,661,,,,30090.5,,29904,0,0,0,0,,10,8,4,2,0,0
1790039400,30888.75,30889,30877.75,30885.5,705,,,,30090.5,,29904,0,0,0,0,,10,8,4,2,0,0
1790039700,30884.75,30884.75,30871,30871.5,786,,,,30090.5,,29904,0,0,0,0,,10,8,4,2,0,0
1790040000,30871.75,30877.25,30867.5,30872,750,,,,30090.5,,29904,0,0,0,0,,10,8,4,2,0,0
1790040300,30872.75,30888.25,30868.25,30882.75,746,,,,30090.5,,29904,0,0,0,0,,10,8,4,2,0,0
1790040600,30882,30897.75,30873,30897,861,,,,30090.5,,29904,0,0,0,0,,10,8,4,2,0,0
1790040900,30897.75,30904.75,30886.5,30889.75,1041,,,,30090.5,,29904,0,0,0,0,,10,8,4,2,0,0
1790041200,30888.5,30899.25,30884.25,30884.25,446,,,,30090.5,,29904,0,0,0,0,,10,8,4,2,0,0
1790041500,30887.25,30892.75,30874.5,30878.75,556,,,,30090.5,,29904,0,0,0,0,,10,8,4,2,0,0
1790041800,30876.5,30888.5,30875.75,30884.75,483,,,,30090.5,,29904,0,0,0,0,,10,8,4,2,0,0
1790042100,30885.25,30889.25,30873.75,30874.75,462,,,,30090.5,,29904,0,0,0,0,,10,8,4,2,0,0
1790042400,30873,30893.5,30873,30890.75,595,,,,30090.5,,29904,0,0,0,0,,10,8,4,2,0,0
1790042700,30888.75,30888.75,30877.5,30879,407,,,,30090.5,,29904,0,0,0,0,,10,8,4,2,0,0
1790043000,30879.5,30879.5,30870,30873.5,491,,,,30090.5,,29904,0,0,0,0,,10,8,4,2,0,0
1790043300,30874.25,30879.5,30871.75,30876.75,361,,,,30090.5,,29904,0,0,0,0,,10,8,4,2,0,0
1790043600,30877.5,30884.75,30875.5,30879.75,461,,,,30090.5,,29904,0,0,0,0,,10,8,4,2,0,0
1790043900,30880,30885,30877.75,30878.75,262,,,,30090.5,,29904,0,0,0,0,,10,8,4,2,0,0
1790044200,30879.75,30881.25,30866.5,30869,717,,,,30090.5,,29904,0,0,0,0,,10,8,4,2,0,0
1790044500,30870.25,30887.25,30868,30883.75,878,,,,30090.5,,29904,0,0,0,0,,10,8,4,2,0,0
1790044800,30885.75,30895,30884.75,30888.25,431,,,,30090.5,,29904,0,0,0,0,,10,8,4,2,0,0
1790045100,30888.75,30894.75,30884.25,30887.75,323,,,,30090.5,,29904,0,0,0,0,,10,8,4,2,0,0
1790045400,30889.75,30897,30886.25,30896,365,,,,30090.5,,29904,0,0,0,0,,10,8,4,2,0,0
1790045700,30895,30897.75,30887.75,30894.5,402,,,,30090.5,,29904,0,0,0,0,,10,8,4,2,0,0
1790046000,30894.5,30897.25,30886.25,30893,491,,,,30090.5,,29904,0,0,0,0,,10,8,4,2,0,0
1790046300,30893.75,30895,30883,30884.25,309,,,,30090.5,,29904,0,0,0,0,,10,8,4,2,0,0
1790046600,30884,30891.75,30884,30891.5,257,,,,30090.5,,29904,0,0,0,0,,10,8,4,2,0,0
1790046900,30891.25,30899.25,30887.25,30891.25,364,,,,30090.5,,29904,0,0,0,0,,10,8,4,2,0,0
1790047200,30891,30892,30886.75,30887.5,214,,,,30090.5,,29904,0,0,0,0,,10,8,4,2,0,0
1790047500,30887,30890.75,30887,30888.75,120,,,,30090.5,,29904,0,0,0,0,,10,8,4,2,0,0
1790047800,30889.75,30892,30881.25,30890.75,506,,,,30090.5,,29904,0,0,0,0,,10,8,4,2,0,0
1790048100,30891.25,30898.75,30888.5,30889.75,394,,,,30090.5,,29904,0,0,0,0,,10,8,4,2,0,0
1790048400,30888.5,30891.75,30880,30881.75,499,,,,30090.5,,29904,0,0,0,0,,10,8,4,2,0,0
1790048700,30881.5,30883.75,30877.5,30882,302,,,,30090.5,,29904,0,0,0,0,,10,8,4,2,0,0
1790049000,30882,30882.25,30875,30875,380,,,,30090.5,,29904,0,0,0,0,,10,8,4,2,0,0
1790049300,30875.5,30877.5,30863.75,30873.25,943,,,,30090.5,,29904,0,0,0,0,,10,8,4,2,0,0
1790049600,30872.75,30875.75,30856,30861.75,733,30916.5,30850,,30090.5,,29904,0,0,0,0,,10,8,4,2,0,0
1790049900,30860.75,30861.25,30840.75,30841.5,772,30916.5,,,30090.5,,29904,0,0,0,0,,10,8,4,2,0,0
1790050200,30842,30866.5,30832.5,30854.5,1334,30916.5,,,30090.5,,29904,0,0,0,0,,10,8,4,2,0,0
1790050500,30853.5,30857,30836.75,30837,674,30916.5,,,30090.5,,29904,0,0,0,0,,10,8,4,2,0,0
1790050800,30836.5,30842.25,30833,30839.25,592,30916.5,,,30090.5,,29904,0,0,0,0,,10,8,4,2,0,0
1790051100,30838,30849.25,30832.25,30836.5,844,30916.5,,,30090.5,,29904,0,0,0,0,,10,8,4,2,0,0
1790051400,30836.25,30847.75,30831,30834,536,30916.5,,,30090.5,,29904,0,0,0,0,,10,8,4,2,0,0
1790051700,30833.5,30840,30827,30832.25,655,30916.5,,,30090.5,,29904,0,0,0,0,,10,8,4,2,0,0
1790052000,30831,30842,30824.5,30829,584,30916.5,,,30090.5,,29904,0,0,0,0,,10,8,4,2,0,0
1790052300,30829,30835,30820,30821.5,527,30916.5,,,30090.5,,29904,0,0,0,0,,10,8,4,2,0,0
1790052600,30822.25,30823.5,30813.5,30816,732,30916.5,,,30090.5,,29904,0,0,0,0,,10,8,4,2,0,0
1790052900,30817.75,30820.75,30809.25,30813,406,30916.5,,,30090.5,,29904,0,0,0,0,,10,8,4,2,0,0
1790053200,30813,30820.75,30808.5,30813.25,508,30916.5,,,30090.5,,29904,0,0,0,0,,10,8,4,2,0,0
1790053500,30814,30820.75,30807,30808,424,30916.5,,,30090.5,,29904,0,0,0,0,,10,8,4,2,0,0
1790053800,30807.75,30813.25,30804,30809.5,501,30916.5,,,30090.5,,29904,0,0,0,0,,10,8,4,2,0,0
1790054100,30809.5,30810.5,30783.25,30784.5,1367,30916.5,,,30090.5,,29904,0,0,0,0,,10,8,4,2,0,0
1790054400,30784,30809.75,30783.5,30790.25,1368,30916.5,,,30090.5,,29904,0,0,0,0,,10,8,4,2,0,0
1790054700,30790,30801.25,30785.25,30792.5,693,30916.5,,,30090.5,,29904,0,0,0,0,,10,8,4,2,0,0
1790055000,30791.25,30793.75,30779.5,30791.5,822,30916.5,,,30090.5,,29904,0,0,0,0,,10,8,4,2,0,0
1790055300,30791.5,30815.25,30791,30814,891,30916.5,,,30090.5,,29904,0,0,0,0,,10,8,4,2,0,0
1790055600,30813.75,30823.5,30808,30818,615,30916.5,,,30090.5,,29904,0,0,0,0,,10,8,4,2,0,0
1790055900,30816.5,30844.75,30815.75,30844.25,1440,30916.5,,,30090.5,,29904,0,0,0,0,,10,8,4,2,0,0
1790056200,30844.5,30844.5,30820.75,30821.75,665,30916.5,,,30090.5,,29904,0,0,0,0,,10,8,4,2,0,0
1790056500,30820.75,30823.5,30812.5,30814.75,559,30916.5,,,30090.5,,29904,0,0,0,0,,10,8,4,2,0,0
1790056800,30816.25,30818.75,30789.25,30789.25,1108,30916.5,,,,,29904,0,0,0,0,,10,8,4,2,0,0
1790057100,30789.5,30802.5,30785.75,30798,630,30916.5,,,,,29904,0,0,0,0,,10,8,4,2,0,0
1790057400,30796.75,30800.5,30778.75,30784.25,683,30916.5,,,,,29904,0,0,0,0,,10,8,4,2,0,0
1790057700,30784.25,30789,30773,30774.25,729,30916.5,,,,,29904,0,0,0,0,,10,8,4,2,0,0
1790058000,30773.75,30782.75,30766.5,30771.25,998,30916.5,,,,,29904,0,0,0,0,,10,8,4,2,0,0
1790058300,30772.25,30788,30768.25,30786.25,545,30916.5,,,,,29904,0,0,0,0,,10,8,4,2,0,0
1790058600,30785.75,30792.25,30777.25,30779,656,30916.5,,,,,29904,0,0,0,0,,10,8,4,2,0,0
1790058900,30779.75,30794.25,30778,30786.75,456,30916.5,,,,,29904,0,0,0,0,,10,8,4,2,0,0
1790059200,30786.5,30794.25,30775.25,30780.25,485,30916.5,,,,,29904,0,0,0,0,,10,8,4,2,0,0
1790059500,30779.25,30786.5,30775.75,30781.25,336,30916.5,,,,,29904,0,0,0,0,,10,8,4,2,0,0
1790059800,30781.5,30786,30775.5,30777.25,258,30916.5,,,,,29904,0,0,0,0,,10,8,4,2,0,0
1790060100,30777,30789.5,30777,30779,352,30916.5,,,,,29904,0,0,0,0,,10,8,4,2,0,0
1790060400,30779.25,30789.25,30765.5,30775.75,838,30916.5,,,,,29904,0,0,0,0,,10,8,4,2,0,0
1790060700,30775.75,30785,30766.75,30781.25,404,30916.5,,,,,29904,0,0,0,0,,10,8,4,2,0,0
1790061000,30781.25,30788,30768.75,30779,373,30916.5,,,,,29904,0,0,0,0,,10,8,4,2,0,0
1790061300,30778.75,30794,30773.75,30774.25,609,30916.5,,,,,29904,0,0,0,0,,10,8,4,2,0,0
1790061600,30774.75,30785,30767.75,30775.75,614,30916.5,,,,,29904,0,0,0,0,,10,8,4,2,0,0
1790061900,30777,30780,30766.75,30768.75,421,30916.5,,,,,29904,0,0,0,0,,10,8,4,2,0,0
1790062200,30769.25,30776.75,30761,30764.75,985,30916.5,,,,,29904,0,0,0,0,,10,8,4,2,0,0
1790062500,30765,30777.25,30761.75,30774,540,30916.5,,,,,29904,0,0,0,0,,10,8,4,2,0,0
1790062800,30773.25,30779.75,30769.5,30779.5,285,30916.5,,,,,29904,0,0,0,0,,10,8,4,2,0,0
1790063100,30780,30785.75,30764.75,30769,526,30916.5,,,,,29904,0,0,0,0,,10,8,4,2,0,0
1790063400,30770,30781,30766.75,30780.25,342,30916.5,,,,,29904,0,0,0,0,,10,8,4,2,0,0
1790063700,30778,30782,30768.5,30770.5,361,30916.5,,,,,29904,0,0,0,0,,10,8,4,2,0,0
1790064000,30770.25,30771.5,30729.25,30731,1957,30916.5,,,,,29904,0,0,0,0,,10,8,4,2,0,0
1790064300,30731,30747.75,30725,30736.5,1217,30916.5,,,,,29904,0,0,0,0,,10,8,4,2,0,0
1790064600,30738.5,30742.5,30729.75,30736.5,922,30916.5,,,,,29904,0,0,0,0,,10,8,4,2,0,0
1790064900,30736,30737.5,30713,30723.75,885,30916.5,,,,,29904,0,0,0,0,,10,8,4,2,0,0
1790065200,30724.25,30724.75,30701,30712.25,992,30916.5,,,,,29904,0,0,0,0,,10,8,4,2,0,0
1790065500,30711.25,30735.5,30683,30686.5,1746,30916.5,,,,,29904,0,0,0,0,,10,8,4,2,0,0
1790065800,30686.75,30699.5,30670,30691,1648,30916.5,,,,,29904,0,0,0,0,,10,8,4,2,0,0
1790066100,30690.5,30746.5,30687.25,30735.5,1659,30916.5,,,,,29904,0,0,0,0,,10,8,4,2,0,0
1790066400,30735.5,30765,30727.75,30759.75,1422,30916.5,,,,,29904,0,0,0,0,,10,8,4,2,0,0
1790066700,30759,30780,30744,30778.25,1362,30916.5,,,,,29904,0,0,0,0,,10,8,4,2,0,0
1790067000,30777.5,30788.5,30767.25,30776.75,1438,30916.5,,,,,29904,0,0,0,0,,10,8,4,2,0,0
1790067300,30777.25,30789.75,30769.5,30784.5,1014,30916.5,,,,,29904,0,0,0,0,,10,8,4,2,0,0
1790067600,30782.5,30800.25,30757,30757.5,1361,30916.5,,30818.75,30670,,29904,0,0,0,0,,10,8,4,2,0,0
1790067900,30757,30780.75,30754.25,30765.75,911,30916.5,,30818.75,30670,,29904,0,0,0,0,,10,8,4,2,0,0
1790068200,30766.75,30780.25,30753,30763.25,883,30916.5,,30818.75,30670,,29904,0,0,0,0,,10,8,4,2,0,0
1790068500,30763.5,30787.75,30762.25,30768.25,717,30916.5,,30818.75,30670,,29904,0,0,0,0,,10,8,4,2,0,0
1790068800,30767.25,30774.5,30759,30767.25,380,30916.5,,30818.75,30670,,29904,0,0,0,0,,10,8,4,2,0,0
1790069100,30767.75,30772.5,30761.5,30769.25,236,30916.5,,30818.75,30670,,29904,0,0,0,0,,10,8,4,2,0,0
1790069400,30770.25,30787.25,30767.75,30776.5,771,30916.5,,30818.75,30670,,29904,0,0,0,0,,10,8,4,2,0,0
1790069700,30778,30778.25,30764,30767.25,311,30916.5,,30818.75,30670,,29904,0,0,0,0,,10,8,4,2,0,0
1790070000,30765.5,30790.25,30765.5,30790,577,30916.5,,30818.75,30670,,29904,0,0,0,0,,10,8,4,2,0,0
1790070300,30789.5,30793.75,30781.5,30787.5,378,30916.5,,30818.75,30670,,29904,0,0,0,0,,10,8,4,2,0,0
1790070600,30788,30850.75,30786.5,30821.5,3641,30916.5,,,30670,,29904,0,0,0,0,,10,8,4,2,0,0
1790070900,30821.25,30846.5,30794.75,30837.25,2425,30916.5,,,30670,,29904,0,0,0,0,,10,8,4,2,0,0
1790071200,30839,30842.5,30819.25,30833.75,1058,30916.5,,,30670,,29904,0,0,0,0,,10,8,4,2,0,0
1790071500,30834.25,30847,30830,30839,783,30916.5,,,30670,,29904,0,0,0,0,,10,8,4,2,0,0
1790071800,30837.75,30843.25,30808.75,30818.75,1020,30916.5,,,30670,,29904,0,0,0,0,,10,8,4,2,0,0
1790072100,30818.25,30825.75,30810.25,30810.75,345,30916.5,,,30670,,29904,0,0,0,0,,10,8,4,2,0,0
1790072400,30813.25,30815.25,30800,30801.75,499,30916.5,,,30670,,29904,0,0,0,0,,10,8,4,2,0,0
1790072700,30800,30815,30794,30810.25,385,30916.5,,,30670,,29904,0,0,0,0,,10,8,4,2,0,0
1790073000,30809,30815.25,30798,30805.25,533,30916.5,,,30670,,29904,0,0,0,0,,10,8,4,2,0,0
1790073300,30805,30810,30798.25,30808.25,292,30916.5,,,30670,,29904,0,0,0,0,,10,8,4,2,0,0
1790073600,30809.25,30830.75,30807,30821.5,616,30916.5,,,30670,,29904,0,0,0,0,,10,8,4,2,0,0
1790073900,30821.5,30832,30807.75,30829.5,807,30916.5,,,30670,,29904,0,0,0,0,,10,8,4,2,0,0
1790074200,30828.75,30834.25,30824,30826.25,388,30916.5,,,30670,,29904,0,0,0,0,,10,8,4,2,0,0
1790074500,30826.5,30830,30814,30814.25,512,30916.5,,,30670,,29904,0,0,0,0,,10,8,4,2,0,0
1790074800,30814,30829,30796.25,30810.5,952,30916.5,,,30670,,29904,0,0,0,0,,10,8,4,2,0,0
1790075100,30808.75,30813.25,30754.5,30774.75,1915,30916.5,,,30670,,29904,0,0,0,0,,10,8,4,2,0,0
1790075400,30774.75,30804.5,30764,30794.25,1749,30916.5,,,30670,,29904,0,0,0,0,,10,8,4,2,0,0
1790075700,30795.5,30801.75,30788.75,30790.5,649,30916.5,,,30670,,29904,0,0,0,0,,10,8,4,2,0,0
1790076000,30791.25,30803,30783,30799.5,486,30916.5,,,30670,,29904,0,0,0,0,,10,8,4,2,0,0
1790076300,30798.75,30801.75,30777.5,30778.75,401,30916.5,,,30670,,29904,0,0,0,0,,10,8,4,2,0,0
1790076600,30779.5,30795,30776.25,30788.75,414,30916.5,,,30670,,29904,0,0,0,0,,10,8,4,2,0,0
1790076900,30788.5,30802,30787.75,30796.25,420,30916.5,,,30670,,29904,0,0,0,0,,10,8,4,2,0,0
1790077200,30796.5,30807.5,30786.25,30794.25,602,30916.5,,,30670,,29904,0,0,0,0,,10,8,4,2,0,0
1790077500,30794.5,30813.75,30785.5,30792.5,727,30916.5,,,30670,,29904,0,0,0,0,,10,8,4,2,0,0
1790077800,30792.25,30792.5,30775.75,30775.75,317,30916.5,,,30670,,29904,0,0,0,0,,10,8,4,2,0,0
1790078100,30776.75,30792.25,30772.25,30776.75,496,30916.5,,,30670,,29904,0,0,0,0,,10,8,4,2,0,0
1790078400,30776.75,30791.75,30771,30787,664,30916.5,,,30670,,29904,0,0,0,0,,10,8,4,2,0,0
1790078700,30785.5,30789.25,30749,30759,851,30916.5,,,30670,,29904,0,0,0,0,,10,8,4,2,0,0
1790079000,30759.75,30769.25,30757.75,30762.75,558,30916.5,,,30670,,29904,0,0,0,0,,10,8,4,2,0,0
1790079300,30760.75,30769.5,30749,30758.25,757,30916.5,,,30670,,29904,0,0,0,0,,10,8,4,2,0,0
1790079600,30758.25,30777,30758.25,30770.75,551,30916.5,,,30670,,29904,0,0,0,0,,10,8,4,2,0,0
1790079900,30770.25,30784.25,30770,30783.5,488,30916.5,,,30670,,29904,0,0,0,0,,10,8,4,2,0,0
1790080200,30783.25,30788.5,30772,30784.75,832,30916.5,,,30670,,29904,0,0,0,0,0,10,8,4,2,0,0
1790080500,30785,30787.75,30763.75,30767.5,914,30916.5,,,30670,,29904,0,0,0,0,0,10,8,4,2,0,0
1790080800,30768,30781.5,30763,30764,648,30916.5,,,30670,,29904,0,0,0,0,0,10,8,4,2,0,0
1790081100,30764.75,30769.5,30761.25,30763,449,30916.5,,,30670,,29904,0,0,0,0,0,10,8,4,2,0,0
1790081400,30763,30765,30753.25,30758,577,30916.5,,,30670,,29904,0,0,0,0,0,10,8,4,2,0,0
1790081700,30757.5,30761.5,30745.5,30752.25,1069,30916.5,,,30670,,29904,0,0,0,0,0,10,8,4,2,0,0
1790082000,30753,30772,30748.75,30767.5,1193,30916.5,,,30670,,29904,0,0,0,0,0,10,8,4,2,0,0
1790082300,30768,30780.75,30757.25,30766.25,1697,30916.5,,,30670,,29904,0,0,0,0,0,10,8,4,2,0,0
1790082600,30766.25,30773,30760.5,30769.75,739,30916.5,,,30670,,29904,0,0,0,0,0,10,8,4,2,0,0
1790082900,30769.5,30774.5,30755.25,30759.5,941,30916.5,,,30670,,29904,0,0,0,0,0,10,8,4,2,0,0
1790083200,30759.5,30771,30750.5,30769,1341,30916.5,,,30670,,29904,0,0,0,0,0,10,8,4,2,0,0
1790083500,30768.75,30777.75,30756.5,30764,2666,30916.5,,,30670,,29904,0,0,0,0,0,10,8,4,2,0,0
1790083800,30764.25,30868.5,30763.5,30864.75,16608,30916.5,,,30670,,29904,0,0,0,0,0,10,8,4,2,0,0
1790084100,30865.5,30897.5,30864.25,30892.5,9905,30916.5,,,30670,,29904,0,0,0,0,0,10,8,4,2,0,0
1790084400,30893,30927.5,30886.75,30903,9877,,,,30670,,29904,1,0,0,0,0,11,9,5,2,0,0
1790084700,30903.25,30925,30884.25,30907.75,10631,,,,30670,,29904,0,0,0,0,0,11,9,5,2,0,0
1790085000,30907.5,30945,30905,30941.25,7734,,,,30670,,29904,0,0,0,0,0,11,9,5,2,0,0
1790085300,30941,30943.5,30899,30929.5,9197,,,,30670,,29904,0,0,0,0,0,11,9,5,2,0,0
1790085600,30929.75,30937.5,30909.25,30928,6007,,,,30670,,29904,0,0,0,0,0,11,9,5,2,0,0
1790085900,30928.25,30934.25,30908.5,30915.25,4549,,,,30670,,29904,0,0,0,0,0,11,9,5,2,0,0
1790086200,30914.5,30983.75,30912.5,30960.5,10650,,,,30670,,29904,0,0,0,0,0,11,9,5,2,0,0
1790086500,30961,30978,30938.25,30950.25,7525,,,,30670,,29904,0,0,0,0,0,11,9,5,2,0,0
1790086800,30950,30960.75,30934.25,30951.25,5052,,,,30670,,29904,0,0,0,0,0,11,9,5,2,0,0
1790087100,30950.5,30965.5,30939.5,30961.5,3826,,,,30670,,29904,0,0,0,0,0,11,9,5,2,0,0
1790087400,30961.25,30997.5,30954.5,30987.75,6937,,,,30670,,29904,0,0,0,0,0,11,9,5,2,0,0
1790087700,30987.75,30988.5,30936.5,30943.75,10479,,,,30670,,29904,0,0,0,0,0,11,9,5,2,0,0
1790088000,30943.75,30949.5,30896.25,30914.5,9348,,,,30670,,29904,0,0,0,0,0,11,9,5,2,0,0
1790088300,30914,30943.75,30890.5,30942.25,7822,,,,30670,,29904,0,0,0,0,0,11,9,5,2,0,0
1790088600,30941.25,30955.75,30923.25,30943.5,5629,,,,30670,,29904,0,0,0,0,0,11,9,5,2,0,0
1790088900,30944.25,30948.25,30918.5,30924.75,3752,,,,30670,,29904,0,0,0,0,0,11,9,5,2,0,0
1790089200,30925.75,30930.25,30905.25,30915.5,5139,,,,30670,,29904,0,0,0,0,,11,9,5,2,0,0
1790089500,30915.75,30936.5,30911.5,30915,4600,,,,30670,,29904,0,0,0,0,,11,9,5,2,0,0
1790089800,30914.75,30942.5,30907,30937.5,4535,,,,30670,,29904,0,0,0,0,,11,9,5,2,0,0
1790090100,30937.75,30949,30924.25,30947,3623,,,,30670,,29904,0,0,0,0,,11,9,5,2,0,0
1790090400,30946.75,30947.25,30928.75,30933.25,2529,,,,30670,,29904,0,0,0,0,,11,9,5,2,0,0
1790090700,30933.25,30945,30920.25,30928.25,2887,,,,30670,,29904,0,0,0,0,,11,9,5,2,0,0
1790091000,30928.5,30934,30916,30923.75,3610,,,,30670,,29904,0,0,0,0,,11,9,5,2,0,0
1790091300,30923.5,30925.75,30894.25,30897.25,5569,,,,30670,,29904,0,0,0,0,,11,9,5,2,0,0
1790091600,30897.5,30906.25,30885.75,30900,4053,,,,30670,,29904,0,0,0,0,,11,9,5,2,0,0
1790091900,30899.75,30918.25,30898.25,30908.5,3388,,,,30670,,29904,0,0,0,0,,11,9,5,2,0,0
1790092200,30908.75,30914.75,30894.5,30896,2866,,,,30670,,29904,0,0,0,0,,11,9,5,2,0,0
1790092500,30896.25,30911.75,30887.25,30910.5,3193,,,,30670,,29904,0,0,0,0,,11,9,5,2,0,0
1790092800,30911.25,30919.75,30894.5,30908.75,2732,,,,30670,,29904,0,0,0,0,,11,9,5,2,0,0
1790093100,30908.25,30935.75,30906.25,30927.5,3893,,,,30670,,29904,0,0,0,0,,11,9,5,2,0,0
1790093400,30926.75,30934.5,30919.25,30925.25,2308,,,,30670,,29904,0,0,0,0,,11,9,5,2,0,0
1790093700,30924.75,30927,30908.75,30910.5,2404,,,,30670,,29904,0,0,0,0,,11,9,5,2,0,0
1790094000,30910.5,30925.5,30897.75,30900,3515,,,,30670,,29904,0,0,0,0,,11,9,5,2,0,0
1790094300,30899.5,30908,30889.25,30891.75,2509,,,,30670,,29904,0,0,0,0,,11,9,5,2,0,0
1790094600,30891.75,30919.75,30891.25,30919.5,3576,,,,30670,,29904,0,0,0,0,,11,9,5,2,0,0
1790094900,30919.75,30920.75,30900,30904.5,2335,,,,30670,,29904,0,0,0,0,,11,9,5,2,0,0
1790095200,30904,30916.5,30896,30915.75,1981,,,,30670,,29904,0,0,0,0,,11,9,5,2,0,0
1790095500,30915.25,30947,30911.25,30943.25,5072,,,,30670,,29904,0,0,0,0,,11,9,5,2,0,0
1790095800,30942.75,30946,30934,30938.25,2939,,,,30670,,29904,0,0,0,0,,11,9,5,2,0,0
1790096100,30938,30944.25,30934.5,30940.75,1991,,,,30670,,29904,0,0,0,0,,11,9,5,2,0,0
1790096400,30941.25,30943.75,30936.5,30939.25,1716,,,,30670,,29904,0,0,0,0,,11,9,5,2,0,0
1790096700,30938.5,30954.5,30936,30942,2402,,,,30670,,29904,0,0,0,0,,11,9,5,2,0,0
1790097000,30942.25,30947.25,30937.25,30941.25,1436,,,,30670,,29904,0,0,0,0,,11,9,5,2,0,0
1790097300,30941.5,30944,30935.25,30940,1461,,,,30670,,29904,0,0,0,0,,11,9,5,2,0,0
1790097600,30939.5,30939.5,30929,30935,1892,,,,30670,,29904,0,0,0,0,,11,9,5,2,0,0
1790097900,30935,30956.75,30932.75,30953.5,2128,,,,30670,,29904,0,0,0,0,,11,9,5,2,0,0
1790098200,30953.5,30953.75,30930.5,30935.5,2347,,,,30670,,29904,0,0,0,0,,11,9,5,2,0,0
1790098500,30935.75,30938.75,30927.75,30929.75,1963,,,,30670,,29904,0,0,0,0,,11,9,5,2,0,0
1790098800,30930,30945.75,30921.75,30944.5,2232,,,,30670,,29904,0,0,0,0,,11,9,5,2,0,0
1790099100,30944.75,30950.5,30937,30941.5,1756,,,,30670,,29904,0,0,0,0,,11,9,5,2,0,0
1790099400,30942,30988.25,30936.5,30976.5,7867,,,,30670,,29904,0,0,0,0,,11,9,5,2,0,0
1790099700,30976.5,30980.5,30966,30977.25,3091,,,,30670,,29904,0,0,0,0,,11,9,5,2,0,0
1790100000,30977.25,30979.5,30951.25,30960.5,3999,,,,30670,,29904,0,0,0,0,,11,9,5,2,0,0
1790100300,30960.5,30981.25,30958.5,30980.5,2378,,,,30670,,29904,0,0,0,0,,11,9,5,2,0,0
1790100600,30980.5,30985.5,30974.25,30981,2187,,,,30670,,29904,0,0,0,0,,11,9,5,2,0,0
1790100900,30980.5,30994.25,30980.5,30990.75,2455,,,,30670,,29904,0,0,0,0,,11,9,5,2,0,0
1790101200,30990.5,31009.5,30988.25,31004.5,3691,,,,30670,,29904,0,0,0,0,,11,9,5,2,0,0
1790101500,31004,31006.5,30992.75,30994,2306,,,,30670,,29904,0,0,0,0,,11,9,5,2,0,0
1790101800,30994,30998.5,30981,30981.5,2578,,,,30670,,29904,0,0,0,0,,11,9,5,2,0,0
1790102100,30981.25,30984.75,30966.5,30972.5,3474,,,,30670,,29904,0,0,0,0,,11,9,5,2,0,0
1790102400,30972.25,30992.75,30966,30987.75,3580,,,,30670,,29904,0,0,0,0,,11,9,5,2,0,0
1790102700,30988.25,30991.5,30979.5,30984,1399,,,,30670,,29904,0,0,0,0,,11,9,5,2,0,0
1790103000,30984,30989.25,30978,30985.75,1217,,,,30670,,29904,0,0,0,0,,11,9,5,2,0,0
1790103300,30985.5,30986.25,30971.5,30976,1740,,,,30670,,29904,0,0,0,0,,11,9,5,2,0,0
1790103600,30976,30988.5,30975.25,30988.5,2038,,,,30670,,29904,0,0,0,0,,11,9,5,2,0,0
1790103900,30988,30998.5,30984.25,30995.5,2499,,,,30670,,29904,0,0,0,0,,11,9,5,2,0,0
1790104200,30996,31004.5,30995.75,31003.5,2438,,,,30670,,29904,0,0,0,0,,11,9,5,2,0,0
1790104500,31002.75,31016,31002,31011.5,2903,,,,30670,,29904,0,0,0,0,,11,9,5,2,0,0
1790104800,31011.5,31011.75,30998.25,31004.75,2539,,,,30670,,29904,0,0,0,0,,11,9,5,2,0,0
1790105100,31005.25,31027,31004,31020.75,4473,,,,30670,,29904,0,0,0,0,,11,9,5,2,0,0
1790105400,31020.5,31048,31018.5,31046.75,5861,,,,30670,,29904,0,0,0,0,,11,9,5,2,0,0
1790105700,31046.5,31049.75,31036.25,31043.75,4197,,,,30670,,29904,0,0,0,0,,11,9,5,2,0,0
1790106000,31043.25,31045.25,31018.5,31035,4094,,,,30670,,29904,0,0,0,0,,11,9,5,2,0,0
1790106300,31034.75,31050,31034.5,31046.25,3394,,,,30670,,29904,0,0,0,0,,11,9,5,2,0,0
1790106600,31046.5,31065.5,31030,31039.75,8286,,,,30670,,29904,0,0,0,0,,11,9,5,2,0,0
1790106900,31040.25,31040.75,31012.75,31029.25,15937,,,,30670,,29904,0,0,0,0,,11,9,5,2,0,0
1790107200,31029.75,31030.25,31017,31025.25,3841,,,,30670,,29904,0,0,0,0,,11,9,5,2,0,0
1790107500,31026,31035.75,31018.25,31028.75,2124,,,,30670,,29904,0,0,0,0,,11,9,5,2,0,0
1790107800,31028.75,31034,31021,31021,1355,,,,30670,,29904,0,0,0,0,,11,9,5,2,0,0
1790108100,31021,31025,31015.5,31015.75,983,,,,30670,,29904,0,0,0,0,,11,9,5,2,0,0
1790108400,31015.75,31016.75,31000,31008,1145,,,,30670,,29904,0,0,0,0,,11,9,5,2,0,0
1790108700,31009,31014,31002.75,31004.5,883,,,,30670,,29904,0,0,0,0,,11,9,5,2,0,0
1790109000,31004.5,31011.5,31003.5,31007.5,495,,,,30670,,29904,0,0,0,0,,11,9,5,2,0,0
1790109300,31007.75,31009.5,31006.75,31007,235,,,,30670,,29904,0,0,0,0,,11,9,5,2,0,0
1790109600,31008,31009.5,31002,31002.5,396,,,,30670,,29904,0,0,0,0,,11,9,5,2,0,0
1790109900,31002,31003.25,30995,30998.25,738,,,,30670,,29904,0,0,0,0,,11,9,5,2,0,0
1790110200,30999,31006.25,30998,31002.5,404,,,,30670,,29904,0,0,0,0,,11,9,5,2,0,0
1790110500,31001.75,31006.25,30991,31002,897,,,,30670,,29904,0,0,0,0,,11,9,5,2,0,0
1790114400,31008.5,31033,30997.5,31016.75,890,,,,30670,31065.5,30670,0,0,0,0,,11,9,5,2,0,0
1790114700,31018.25,31041,31018.25,31033,607,,,,30670,31065.5,30670,0,0,0,0,,11,9,5,2,0,0
1790115000,31033.5,31041.75,31027.75,31041,368,,,,30670,31065.5,30670,0,0,0,0,,11,9,5,2,0,0
1790115300,31040.75,31046.5,31037.5,31044,308,,,,30670,31065.5,30670,0,0,0,0,,11,9,5,2,0,0
1790115600,31044.25,31056.25,31044.25,31052.25,423,,,,30670,31065.5,30670,0,0,0,0,,11,9,5,2,0,0
1790115900,31052.5,31058.5,31046.5,31049,298,,,,30670,31065.5,30670,0,0,0,0,,11,9,5,2,0,0
1790116200,31050,31059.25,31048.5,31057.25,268,,,,30670,31065.5,30670,0,0,0,0,,11,9,5,2,0,0
1790116500,31056.5,31058.75,31051,31052.75,254,,,,30670,31065.5,30670,0,0,0,0,,11,9,5,2,0,0
1790116800,31052,31060.5,31051.25,31052,296,,,,30670,31065.5,30670,0,0,0,0,,11,9,5,2,0,0
1790117100,31052.5,31052.5,31027.75,31029.25,830,,,,30670,31065.5,30670,0,0,0,0,,11,9,5,2,0,0
1790117400,31030,31046,31025.5,31044.25,563,,,,30670,31065.5,30670,0,0,0,0,,11,9,5,2,0,0
1790117700,31043.5,31048.25,31042.25,31044.25,253,,,,30670,31065.5,30670,0,0,0,0,,11,9,5,2,0,0
1790118000,31045,31054.25,31045,31050,296,,,,30670,31065.5,30670,0,0,0,0,,11,9,5,2,0,0
1790118300,31048.5,31053.5,31044.75,31046,200,,,,30670,31065.5,30670,0,0,0,0,,11,9,5,2,0,0
1790118600,31046,31050.5,31043.25,31049.25,117,,,,30670,31065.5,30670,0,0,0,0,,11,9,5,2,0,0
1790118900,31049.25,31052.75,31047.25,31051.5,110,,,,30670,31065.5,30670,0,0,0,0,,11,9,5,2,0,0
1790119200,31051.5,31061.75,31050.25,31059,411,,,,30670,31065.5,30670,0,0,0,0,,11,9,5,2,0,0
1790119500,31057.75,31058,31047.75,31053,313,,,,30670,31065.5,30670,0,0,0,0,,11,9,5,2,0,0
1790119800,31050.75,31057.25,31050,31055.25,206,,,,30670,31065.5,30670,0,0,0,0,,11,9,5,2,0,0
1790120100,31055.75,31057.75,31053,31056.25,184,,,,30670,31065.5,30670,0,0,0,0,,11,9,5,2,0,0
1790120400,31055.75,31058,31051.5,31052,149,,,,30670,31065.5,30670,0,0,0,0,,11,9,5,2,0,0
1790120700,31052.75,31055.25,31042.75,31049.75,426,,,,30670,31065.5,30670,0,0,0,0,,11,9,5,2,0,0
1790121000,31049.5,31062.75,31044.25,31060.75,818,,,,30670,31065.5,30670,0,0,0,0,,11,9,5,2,0,0
1790121300,31060.75,31070.5,31053.75,31065,691,,,,30670,,30670,0,0,0,0,,11,9,5,2,0,0
1790121600,31064.5,31065.75,31036,31047,1515,,,,30670,,30670,0,0,0,0,,11,9,5,2,0,0
1790121900,31047.5,31052.5,31033.25,31042.5,767,,,,30670,,30670,0,0,0,0,,11,9,5,2,0,0
1790122200,31042.75,31047.75,31030.25,31041.25,662,,,,30670,,30670,0,0,0,0,,11,9,5,2,0,0
1790122500,31040.5,31053.5,31036.5,31046.25,574,,,,30670,,30670,0,0,0,0,,11,9,5,2,0,0
1790122800,31046.75,31050.5,31031.75,31049.5,658,,,,30670,,30670,0,0,0,0,,11,9,5,2,0,0
1790123100,31048.25,31055.25,31036.25,31037.75,551,,,,30670,,30670,0,0,0,0,,11,9,5,2,0,0
1790123400,31037.25,31050.5,31034,31038,500,,,,30670,,30670,0,0,0,0,,11,9,5,2,0,0
1790123700,31037.5,31047.25,31034.5,31043,384,,,,30670,,30670,0,0,0,0,,11,9,5,2,0,0
1790124000,31043.25,31049,31036.75,31039.25,271,,,,30670,,30670,0,0,0,0,,11,9,5,2,0,0
1790124300,31040,31045,31027.75,31027.75,492,,,,30670,,30670,0,0,0,0,,11,9,5,2,0,0
1790124600,31028.75,31035,31012,31014.5,953,,,,30670,,30670,0,0,0,0,,11,9,5,2,0,0
1790124900,31015.5,31023.5,31012.25,31022.75,766,,,,30670,,30670,0,0,0,0,,11,9,5,2,0,0
1790125200,31023.75,31026.25,31014.75,31022.5,582,,,,30670,,30670,0,0,0,0,,11,9,5,2,0,0
1790125500,31022,31037.5,31020.25,31029.5,529,,,,30670,,30670,0,0,0,0,,11,9,5,2,0,0
1790125800,31031,31031.75,31018,31026,374,,,,30670,,30670,0,0,0,0,,11,9,5,2,0,0
1790126100,31025.75,31036.25,31018.75,31036.25,425,,,,30670,,30670,0,0,0,0,,11,9,5,2,0,0
1790126400,31036.25,31049.75,31031,31044.25,507,,,,30670,,30670,0,0,0,0,,11,9,5,2,0,0
1790126700,31044,31057,31040.25,31053.25,744,,,,30670,,30670,0,0,0,0,,11,9,5,2,0,0
1790127000,31052.5,31058,31024.75,31031.75,873,,,,30670,,30670,0,0,0,0,,11,9,5,2,0,0
1790127300,31032,31034,31021.75,31027.25,527,,,,30670,,30670,0,0,0,0,,11,9,5,2,0,0
1790127600,31026.75,31027.25,31008.25,31014.25,1000,,,,30670,,30670,0,0,0,0,,11,9,5,2,0,0
1790127900,31016.25,31023.5,31012.25,31014.75,541,,,,30670,,30670,0,0,0,0,,11,9,5,2,0,0
1790128200,31015,31019.75,31010.25,31016.25,293,,,,30670,,30670,0,0,0,0,,11,9,5,2,0,0
1790128500,31016.5,31020,31011.75,31016.25,308,,,,30670,,30670,0,0,0,0,,11,9,5,2,0,0
1790128800,31016.25,31021.25,31006.25,31015.75,544,,,,30670,,30670,0,0,0,0,,11,9,5,2,0,0
1790129100,31014,31016.5,31004,31006,441,,,,30670,,30670,0,0,0,0,,11,9,5,2,0,0
1790129400,31004.25,31006.5,30996.75,31001.25,603,,,,30670,,30670,0,0,0,0,,11,9,5,2,0,0
1790129700,31001.75,31012.5,30982.75,31001.5,1116,,,,30670,,30670,0,0,0,0,,11,9,5,2,0,0
1790130000,31001.5,31017,30999.25,31011.75,896,,,,30670,,30670,0,0,0,0,,11,9,5,2,0,0
1790130300,31010.75,31020,31010,31012.25,422,,,,30670,,30670,0,0,0,0,,11,9,5,2,0,0
1790130600,31012,31016,31005,31009.5,431,,,,30670,,30670,0,0,0,0,,11,9,5,2,0,0
1790130900,31008.75,31012.25,31000.75,31002,261,,,,30670,,30670,0,0,0,0,,11,9,5,2,0,0
1790131200,31001.75,31007.75,30999.75,31002,283,,,,30670,,30670,0,0,0,0,,11,9,5,2,0,0
1790131500,31002.5,31013.5,31002.5,31010,240,,,,30670,,30670,0,0,0,0,,11,9,5,2,0,0
1790131800,31009.75,31011.5,31006,31011.5,124,,,,30670,,30670,0,0,0,0,,11,9,5,2,0,0
1790132100,31010.75,31011.75,31007,31007.75,155,,,,30670,,30670,0,0,0,0,,11,9,5,2,0,0
1790132400,31008,31009.25,31000.75,31003.5,309,,,,30670,,30670,0,0,0,0,,11,9,5,2,0,0
1790132700,31003.25,31006.5,30997.5,31002.5,264,,,,30670,,30670,0,0,0,0,,11,9,5,2,0,0
1790133000,31002.5,31008,31001,31006,404,,,,30670,,30670,0,0,0,0,,11,9,5,2,0,0
1790133300,31006.25,31007.5,30990.75,30996.75,471,,,,30670,,30670,0,0,0,0,,11,9,5,2,0,0
1790133600,30997,31012,30996.5,31007.75,306,,,,30670,,30670,0,0,0,0,,11,9,5,2,0,0
1790133900,31007.5,31014.75,30999.75,30999.75,317,,,,30670,,30670,0,0,0,0,,11,9,5,2,0,0
1790134200,30999.5,31014.25,30999.5,31014.25,232,,,,30670,,30670,0,0,0,0,,11,9,5,2,0,0
1790134500,31014.25,31014.75,31008.75,31013,229,,,,30670,,30670,0,0,0,0,,11,9,5,2,0,0
1790134800,31012,31027,31010,31019.5,516,,,,30670,,30670,0,0,0,0,,11,9,5,2,0,0
1790135100,31019.25,31023.75,31018,31021,150,,,,30670,,30670,0,0,0,0,,11,9,5,2,0,0
1790135400,31021,31025.5,31018,31025,214,,,,30670,,30670,0,0,0,0,,11,9,5,2,0,0
1790135700,31025.5,31025.5,31012,31013.5,221,,,,30670,,30670,0,0,0,0,,11,9,5,2,0,0
1790136000,31013,31025,31011,31023.75,238,31065.75,30982.75,,30670,,30670,0,0,0,0,,11,9,5,2,0,0
1790136300,31025,31034.25,31025,31031.5,407,31065.75,30982.75,,30670,,30670,0,0,0,0,,11,9,5,2,0,0
1790136600,31031.5,31034,31026.5,31031.75,196,31065.75,30982.75,,30670,,30670,0,0,0,0,,11,9,5,2,0,0
1790136900,31031,31037.25,31029.25,31037.25,262,31065.75,30982.75,,30670,,30670,0,0,0,0,,11,9,5,2,0,0
1790137200,31037.5,31044.75,31035.25,31040.25,300,31065.75,30982.75,,30670,,30670,0,0,0,0,,11,9,5,2,0,0
1790137500,31040.75,31043.25,31036,31039,270,31065.75,30982.75,,30670,,30670,0,0,0,0,,11,9,5,2,0,0
1790137800,31039,31048.25,31038.25,31045.75,250,31065.75,30982.75,,30670,,30670,0,0,0,0,,11,9,5,2,0,0
1790138100,31046,31052.25,31041,31043.5,359,31065.75,30982.75,,30670,,30670,0,0,0,0,,11,9,5,2,0,0
1790138400,31044,31050.5,31041.25,31049.25,224,31065.75,30982.75,,30670,,30670,0,0,0,0,,11,9,5,2,0,0
1790138700,31047.75,31051.25,31045.75,31049.25,125,31065.75,30982.75,,30670,,30670,0,0,0,0,,11,9,5,2,0,0
1790139000,31050.25,31050.75,31038.25,31039.5,416,31065.75,30982.75,,30670,,30670,0,0,0,0,,11,9,5,2,0,0
1790139300,31039,31041.75,31031.25,31035.25,311,31065.75,30982.75,,30670,,30670,0,0,0,0,,11,9,5,2,0,0
1790139600,31035,31036.75,31022,31028.5,431,31065.75,30982.75,,30670,,30670,0,0,0,0,,11,9,5,2,0,0
1790139900,31027.75,31033.5,31023,31031.75,284,31065.75,30982.75,,30670,,30670,0,0,0,0,,11,9,5,2,0,0
1790140200,31032,31039.75,31028.75,31033,251,31065.75,30982.75,,30670,,30670,0,0,0,0,,11,9,5,2,0,0
1790140500,31033.25,31042.5,31029.5,31032.25,357,31065.75,30982.75,,30670,,30670,0,0,0,0,,11,9,5,2,0,0
1790140800,31031,31031,31019,31021.5,423,31065.75,30982.75,,30670,,30670,0,0,0,0,,11,9,5,2,0,0
1790141100,31021.5,31036.75,31021.5,31034,396,31065.75,30982.75,,30670,,30670,0,0,0,0,,11,9,5,2,0,0
1790141400,31034,31038,31023.5,31025.25,320,31065.75,30982.75,,30670,,30670,0,0,0,0,,11,9,5,2,0,0
1790141700,31026.75,31037,31024.75,31033.75,228,31065.75,30982.75,,30670,,30670,0,0,0,0,,11,9,5,2,0,0
1790142000,31033.75,31039.75,31021,31029.25,356,31065.75,30982.75,,30670,,30670,0,0,0,0,,11,9,5,2,0,0
1790142300,31030.25,31042,31026.75,31029,317,31065.75,30982.75,,30670,,30670,0,0,0,0,,11,9,5,2,0,0
1790142600,31028.5,31044.5,31028,31039.25,241,31065.75,30982.75,,30670,,30670,0,0,0,0,,11,9,5,2,0,0
1790142900,31039.25,31040.5,31027.5,31028.75,320,31065.75,30982.75,,30670,,30670,0,0,0,0,,11,9,5,2,0,0
1790143200,31029.25,31055.25,31028.25,31043.75,714,31065.75,30982.75,,,,30670,0,0,0,0,,11,9,5,2,0,0
1790143500,31043.5,31054,31038.25,31040.75,406,31065.75,30982.75,,,,30670,0,0,0,0,,11,9,5,2,0,0
1790143800,31041.25,31058,31041.25,31057.5,393,31065.75,30982.75,,,,30670,0,0,0,0,,11,9,5,2,0,0
1790144100,31058,31058.75,31051.25,31055.5,283,31065.75,30982.75,,,,30670,0,0,0,0,,11,9,5,2,0,0
1790144400,31055.5,31058,31039.5,31050.25,573,31065.75,30982.75,,,,30670,0,0,0,0,,11,9,5,2,0,0
1790144700,31050.75,31061.75,31049.5,31057.5,431,31065.75,30982.75,,,,30670,0,0,0,0,,11,9,5,2,0,0
1790145000,31057.25,31081.5,31056,31081.25,1146,,30982.75,,,,30670,0,0,0,0,,11,9,5,2,0,0
1790145300,31080.75,31094.75,31078.75,31090.5,841,,30982.75,,,,30670,0,0,0,0,,11,9,5,2,0,0
1790145600,31090.25,31091.5,31074,31082,475,,30982.75,,,,30670,0,0,0,0,,11,9,5,2,0,0
1790145900,31080.75,31080.75,31057,31079.25,814,,30982.75,,,,30670,0,0,0,0,,11,9,5,2,0,0
1790146200,31080,31082,31062.25,31064.25,656,,30982.75,,,,30670,0,0,0,0,,11,9,5,2,0,0
1790146500,31063.75,31064.5,31048,31051,587,,30982.75,,,,30670,0,0,0,0,,11,9,5,2,0,0
1790146800,31049.75,31055.25,31043.25,31050.5,694,,30982.75,,,,30670,0,0,0,0,,11,9,5,2,0,0
1790147100,31052.5,31052.5,31029.25,31031.5,674,,30982.75,,,,30670,0,0,0,0,,11,9,5,2,0,0
1790147400,31031,31047.75,31028,31044.25,505,,30982.75,,,,30670,0,0,0,0,,11,9,5,2,0,0
1790147700,31045.75,31048.25,31030,31034.5,338,,30982.75,,,,30670,0,0,0,0,,11,9,5,2,0,0
1790148000,31035.5,31040.25,31031,31035,187,,30982.75,,,,30670,0,0,0,0,,11,9,5,2,0,0
1790148300,31035.75,31052.75,31034.5,31052.25,276,,30982.75,,,,30670,0,0,0,0,,11,9,5,2,0,0
1790148600,31051.5,31061.75,31036,31039.5,747,,30982.75,,,,30670,0,0,0,0,,11,9,5,2,0,0
1790148900,31040.75,31054.75,31038,31042,498,,30982.75,,,,30670,0,0,0,0,,11,9,5,2,0,0
1790149200,31041.75,31050.25,31035.75,31037.25,396,,30982.75,,,,30670,0,0,0,0,,11,9,5,2,0,0
1790149500,31037.25,31045.25,31032.5,31043.75,707,,30982.75,,,,30670,0,0,0,0,,11,9,5,2,0,0
1790149800,31043.25,31049,31028.25,31030.25,297,,30982.75,,,,30670,0,0,0,0,,11,9,5,2,0,0
1790150100,31030,31040,31028.75,31035.25,196,,30982.75,,,,30670,0,0,0,0,,11,9,5,2,0,0
1790150400,31034.25,31046.5,31015.25,31018.75,702,,30982.75,,,,30670,0,0,0,0,,11,9,5,2,0,0
1790150700,31018.75,31040.5,31016,31035.75,552,,30982.75,,,,30670,0,0,0,0,,11,9,5,2,0,0
1790151000,31037,31043.75,31031.75,31038.5,261,,30982.75,,,,30670,0,0,0,0,,11,9,5,2,0,0
1790151300,31039,31044.25,31028,31043,357,,30982.75,,,,30670,0,0,0,0,,11,9,5,2,0,0
1790151600,31041.75,31051.25,31040.5,31050.25,509,,30982.75,,,,30670,0,0,0,0,,11,9,5,2,0,0
1790151900,31050.25,31051,31037.5,31038,261,,30982.75,,,,30670,0,0,0,0,,11,9,5,2,0,0
1790152200,31039.25,31045.25,31035,31035.5,216,,30982.75,,,,30670,0,0,0,0,,11,9,5,2,0,0
1790152500,31034.5,31034.5,31006,31022.5,765,,30982.75,,,,30670,0,0,0,0,,11,9,5,2,0,0
1790152800,31021.25,31024,31009.75,31013.75,347,,30982.75,,,,30670,0,0,0,0,,11,9,5,2,0,0
1790153100,31013,31018,31008.25,31016.75,402,,30982.75,,,,30670,0,0,0,0,,11,9,5,2,0,0
1790153400,31016.25,31016.75,31002,31011,361,,30982.75,,,,30670,0,0,0,0,,11,9,5,2,0,0
1790153700,31011,31021.5,31008.25,31016.5,410,,30982.75,,,,30670,0,0,0,0,,11,9,5,2,0,0
1790154000,31015.75,31026.5,31007.25,31010.5,473,,30982.75,31094.75,31002,,30670,0,0,0,0,,11,9,5,2,0,0
1790154300,31010,31027.75,31008.5,31025.5,282,,30982.75,31094.75,31002,,30670,0,0,0,0,,11,9,5,2,0,0
1790154600,31026,31026.5,31014.25,31017.25,253,,30982.75,31094.75,31002,,30670,0,0,0,0,,11,9,5,2,0,0
1790154900,31016,31021.5,31009.5,31020.75,305,,30982.75,31094.75,31002,,30670,0,0,0,0,,11,9,5,2,0,0
1790155200,31021,31031.5,31016.5,31030.5,216,,30982.75,31094.75,31002,,30670,0,0,0,0,,11,9,5,2,0,0
1790155500,31030.75,31034.25,31023.75,31023.75,344,,30982.75,31094.75,31002,,30670,0,0,0,0,,11,9,5,2,0,0
1790155800,31025.5,31032.75,31023,31026,283,,30982.75,31094.75,31002,,30670,0,0,0,0,,11,9,5,2,0,0
1790156100,31026,31033.75,31022.25,31025,184,,30982.75,31094.75,31002,,30670,0,0,0,0,,11,9,5,2,0,0
1790156400,31024.5,31027.75,31018.25,31019,218,,30982.75,31094.75,31002,,30670,0,0,0,0,,11,9,5,2,0,0
1790156700,31018.5,31018.75,30997.75,31006.5,718,,30982.75,31094.75,,,30670,0,0,0,0,,11,9,5,2,0,0
1790157000,31006.75,31019.25,31002.75,31014.75,339,,30982.75,31094.75,,,30670,0,0,0,0,,11,9,5,2,0,0
1790157300,31013.75,31015.5,31006,31012.5,255,,30982.75,31094.75,,,30670,0,0,0,0,,11,9,5,2,0,0
1790157600,31012.25,31023.25,31009.75,31020.75,253,,30982.75,31094.75,,,30670,0,0,0,0,,11,9,5,2,0,0
1790157900,31020.75,31027.25,31018.75,31024,252,,30982.75,31094.75,,,30670,0,0,0,0,,11,9,5,2,0,0
1790158200,31025,31031.75,31018.75,31030,307,,30982.75,31094.75,,,30670,0,0,0,0,,11,9,5,2,0,0
1790158500,31030,31043.75,31028.5,31038,457,,30982.75,31094.75,,,30670,0,0,0,0,,11,9,5,2,0,0
1790158800,31038,31038,31021,31025.5,266,,30982.75,31094.75,,,30670,0,0,0,0,,11,9,5,2,0,0
1790159100,31026.5,31033.5,31023.5,31033.5,233,,30982.75,31094.75,,,30670,0,0,0,0,,11,9,5,2,0,0
1790159400,31033.75,31035.5,31022,31022.5,326,,30982.75,31094.75,,,30670,0,0,0,0,,11,9,5,2,0,0
1790159700,31022.5,31031,31015.25,31029,291,,30982.75,31094.75,,,30670,0,0,0,0,,11,9,5,2,0,0
1790160000,31029,31029,31016.25,31022.75,273,,30982.75,31094.75,,,30670,0,0,0,0,,11,9,5,2,0,0
1790160300,31021.25,31022,31011.75,31018.75,245,,30982.75,31094.75,,,30670,0,0,0,0,,11,9,5,2,0,0
1790160600,31018.5,31027.25,31014,31026,162,,30982.75,31094.75,,,30670,0,0,0,0,,11,9,5,2,0,0
1790160900,31025.75,31033,31025.75,31027.75,295,,30982.75,31094.75,,,30670,0,0,0,0,,11,9,5,2,0,0
1790161200,31027.5,31029.25,31004,31005.75,750,,30982.75,31094.75,,,30670,0,0,0,0,,11,9,5,2,0,0
1790161500,31006.25,31006.25,30992.25,31002,811,,30982.75,31094.75,,,30670,0,0,0,0,,11,9,5,2,0,0
1790161800,31000.75,31006.25,30996.25,31003.5,366,,30982.75,31094.75,,,30670,0,0,0,0,,11,9,5,2,0,0
1790162100,31001.5,31011.5,30992,30994.5,539,,30982.75,31094.75,,,30670,0,0,0,0,,11,9,5,2,0,0
1790162400,30993.75,30994.5,30957.25,30961.75,1499,,,31094.75,,,30670,0,0,0,0,,11,9,5,2,0,0
1790162700,30962.25,30969,30950,30952.75,998,,,31094.75,,,30670,0,0,0,0,,11,9,5,2,0,0
1790163000,30952.5,30954.5,30932.5,30936,1277,,,31094.75,,,30670,0,0,0,0,,11,9,5,2,0,0
1790163300,30936,30937.25,30913.75,30928.75,1275,,,31094.75,,,30670,0,0,0,0,,11,9,5,2,0,0
1790163600,30928.75,30932.5,30910.75,30925.75,1081,,,31094.75,,,30670,0,0,0,0,,11,9,5,2,0,0
1790163900,30925.5,30960,30925.5,30955,1331,,,31094.75,,,30670,0,0,0,0,,11,9,5,2,0,0
1790164200,30955.25,30956.25,30943.75,30950.5,584,,,31094.75,,,30670,0,0,0,0,,11,9,5,2,0,0
1790164500,30951.25,30965.25,30947.25,30959.5,668,,,31094.75,,,30670,0,0,0,0,,11,9,5,2,0,0
1790164800,30958.5,30966,30937.75,30941.25,1336,,,31094.75,,,30670,0,0,0,0,,11,9,5,2,0,0
1790165100,30941,30952.75,30936,30941.75,693,,,31094.75,,,30670,0,0,0,0,,11,9,5,2,0,0
1790165400,30943,30947.5,30924.5,30930.75,987,,,31094.75,,,30670,0,0,0,0,,11,9,5,2,0,0
1790165700,30931,30936,30917.25,30929.25,944,,,31094.75,,,30670,0,0,0,0,,11,9,5,2,0,0
1790166000,30929.75,30950.25,30926,30950.25,952,,,31094.75,,,30670,0,0,0,0,,11,9,5,2,0,0
1790166300,30949.25,30951.5,30938.25,30947,688,,,31094.75,,,30670,0,0,0,0,,11,9,5,2,0,0
1790166600,30947.25,30958.25,30944.25,30952,953,,,31094.75,,,30670,0,0,0,0,0,11,9,5,2,0,0
1790166900,30951.5,30958,30945.25,30956,661,,,31094.75,,,30670,0,0,0,0,0,11,9,5,2,0,0
1790167200,30956,30961.25,30948.75,30949.75,879,,,31094.75,,,30670,0,0,0,0,0,11,9,5,2,0,0
1790167500,30950.75,30974.25,30947.75,30955.25,977,,,31094.75,,,30670,0,0,0,0,0,11,9,5,2,0,0
1790167800,30956.5,30960,30951.5,30955.25,515,,,31094.75,,,30670,0,0,0,0,0,11,9,5,2,0,0
1790168100,30955,30970.75,30947.75,30968,831,,,31094.75,,,30670,0,0,0,0,0,11,9,5,2,0,0
1790168400,30968,30970.75,30949.25,30952.5,1125,,,31094.75,,,30670,0,0,0,0,0,11,9,5,2,0,0
1790168700,30952.75,30955.5,30944,30948.5,755,,,31094.75,,,30670,0,0,0,0,0,11,9,5,2,0,0
1790169000,30948.75,30965.75,30947.25,30962.75,883,,,31094.75,,,30670,0,0,0,0,0,11,9,5,2,0,0
1790169300,30962.5,30973.75,30961.25,30968,1322,,,31094.75,,,30670,0,0,0,0,0,11,9,5,2,0,0
1790169600,30968.5,30979.5,30966.5,30971.25,1380,,,31094.75,,,30670,0,0,0,0,0,11,9,5,2,0,0
1790169900,30971,31007.25,30968,31006,4018,,,31094.75,,,30670,0,0,0,0,0,11,9,5,2,0,0
1790170200,31006.5,31013,30926.25,30926.5,15950,,,31094.75,,,30670,0,0,0,0,0,11,9,5,2,0,0
1790170500,30926.5,30956.75,30902,30914.25,11177,,,31094.75,,,30670,0,0,0,0,0,11,9,5,2,0,0
1790170800,30914.75,30925,30904.75,30910,6850,,,31094.75,,,30670,0,0,0,0,0,11,9,5,2,0,0
1790171100,30910,30922.25,30860.75,30879.75,12110,,,31094.75,,,30670,0,0,0,0,0,11,9,5,2,0,0
1790171400,30879.5,30888.25,30842,30849.25,10044,,,31094.75,,,30670,0,0,0,0,0,11,9,5,2,0,0
1790171700,30849,30862.75,30832.75,30846,7665,,,31094.75,,,30670,0,0,0,0,0,11,9,5,2,0,0
1790172000,30846.75,30871,30818.5,30831.25,9677,,,31094.75,,,30670,0,0,0,0,0,11,9,5,2,0,0
1790172300,30831.75,30841.75,30766.25,30769,9782,,,31094.75,,,30670,0,0,0,0,0,11,9,5,2,0,0
1790172600,30769,30773,30704,30718.25,14746,,,31094.75,,,30670,0,0,0,0,0,11,9,5,2,0,0
1790172900,30719.25,30742.5,30670.75,30672.75,12818,,,31094.75,,,30670,0,0,0,0,0,11,9,5,2,0,0
1790173200,30672.75,30700.5,30645,30673.5,12969,,,31094.75,,,,0,1,0,0,0,12,10,6,2,0,0
1790173500,30673.5,30695.25,30642.75,30678.75,11264,,,31094.75,,,,0,0,0,0,0,12,10,6,2,0,0
1790173800,30678.75,30724.25,30657.75,30720.25,9713,,,31094.75,,,,0,0,0,0,0,12,10,6,2,0,0
1790174100,30720.5,30738.75,30687,30697.25,8884,,,31094.75,,,,0,0,0,0,0,12,10,6,2,0,0
1790174400,30697.5,30722.75,30689.5,30718.75,5529,,,31094.75,,,,0,0,0,0,0,12,10,6,2,0,0
1790174700,30720,30739.5,30719.25,30732.75,5508,,,31094.75,,,,0,0,0,0,0,12,10,6,2,0,0
1790175000,30732.5,30825.25,30713.25,30812.75,14258,,,31094.75,,,,0,0,0,0,0,12,10,6,2,0,0
1790175300,30812.75,30826.25,30780.5,30822.5,8020,,,31094.75,,,,0,0,0,0,0,12,10,6,2,0,0
1790175600,30823.25,30827.75,30793.75,30803.5,6527,,,31094.75,,,,0,0,0,0,,12,10,6,2,0,0
1790175900,30803.5,30814,30790.5,30803,3629,,,31094.75,,,,0,0,0,0,,12,10,6,2,0,0
1790176200,30803.75,30805.25,30782.5,30787.5,4494,,,31094.75,,,,0,0,0,0,,12,10,6,2,0,0
1790176500,30788.25,30800.25,30755,30785.25,5241,,,31094.75,,,,0,0,0,0,,12,10,6,2,0,0
1790176800,30785.75,30817.75,30779.5,30808.75,5109,,,31094.75,,,,0,0,0,0,,12,10,6,2,0,0
1790177100,30807.5,30817.5,30768.75,30773.25,4882,,,31094.75,,,,0,0,0,0,,12,10,6,2,0,0
1790177400,30772.75,30782.25,30764,30769.75,4534,,,31094.75,,,,0,0,0,0,,12,10,6,2,0,0
1790177700,30769.75,30778,30758,30766.25,3208,,,31094.75,,,,0,0,0,0,,12,10,6,2,0,0
1790178000,30766,30784,30754,30780.25,3395,,,31094.75,,,,0,0,0,0,,12,10,6,2,0,0
1790178300,30781.25,30786,30732.25,30739.75,6498,,,31094.75,,,,0,0,0,0,,12,10,6,2,0,0
1790178600,30740.25,30754,30723.25,30753.5,4496,,,31094.75,,,,0,0,0,0,,12,10,6,2,0,0
1790178900,30753.25,30757.25,30737,30746.5,3043,,,31094.75,,,,0,0,0,0,,12,10,6,2,0,0
1790179200,30747,30748,30726.75,30740.75,2655,,,31094.75,,,,0,0,0,0,,12,10,6,2,0,0
1790179500,30740.25,30751,30730.25,30745.25,2615,,,31094.75,,,,0,0,0,0,,12,10,6,2,0,0
1790179800,30745.25,30751,30737.5,30744.75,1658,,,31094.75,,,,0,0,0,0,,12,10,6,2,0,0
1790180100,30744.25,30756.25,30726,30738,3331,,,31094.75,,,,0,0,0,0,,12,10,6,2,0,0
1790180400,30737.5,30738,30715.5,30725.5,3061,,,31094.75,,,,0,0,0,0,,12,10,6,2,0,0
1790180700,30726.25,30735.5,30718.75,30723.5,1910,,,31094.75,,,,0,0,0,0,,12,10,6,2,0,0
1790181000,30723.75,30751.5,30723.75,30741.5,3017,,,31094.75,,,,0,0,0,0,,12,10,6,2,0,0
1790181300,30742,30748.75,30725,30727.75,2476,,,31094.75,,,,0,0,0,0,,12,10,6,2,0,0
1790181600,30728,30729.25,30695.25,30695.25,4260,,,31094.75,,,,0,0,0,0,,12,10,6,2,0,0
1790181900,30695,30721,30687.75,30695.5,5637,,,31094.75,,,,0,0,0,0,,12,10,6,2,0,0
1790182200,30695.5,30695.5,30667.75,30671.5,5450,,,31094.75,,,,0,0,0,0,,12,10,6,2,0,0
1790182500,30671.75,30696,30668.25,30686.75,3685,,,31094.75,,,,0,0,0,0,,12,10,6,2,0,0
1790182800,30687.5,30709.25,30646.5,30658.5,7380,,,31094.75,,,,0,0,0,0,,12,10,6,2,0,0
1790183100,30659,30682,30653.25,30676.5,3934,,,31094.75,,,,0,0,0,0,,12,10,6,2,0,0
1790183400,30677,30679.25,30656.25,30670.75,3662,,,31094.75,,,,0,0,0,0,,12,10,6,2,0,0
1790183700,30669.75,30724.75,30665.5,30722.25,4568,,,31094.75,,,,0,0,0,0,,12,10,6,2,0,0
1790184000,30723,30724.75,30681.5,30681.5,4226,,,31094.75,,,,0,0,0,0,,12,10,6,2,0,0
1790184300,30681.5,30691,30676,30681.75,2917,,,31094.75,,,,0,0,0,0,,12,10,6,2,0,0
1790184600,30682,30704.75,30671.25,30700.5,3591,,,31094.75,,,,0,0,0,0,,12,10,6,2,0,0
1790184900,30700,30705.75,30686.25,30696,2467,,,31094.75,,,,0,0,0,0,,12,10,6,2,0,0
1790185200,30696.25,30756.25,30685.25,30748.5,7118,,,31094.75,,,,0,0,0,0,,12,10,6,2,0,0
1790185500,30748.25,30764.25,30736.25,30750.5,4575,,,31094.75,,,,0,0,0,0,,12,10,6,2,0,0
1790185800,30750.5,30759.5,30740.25,30752.5,2452,,,31094.75,,,,0,0,0,0,,12,10,6,2,0,0
1790186100,30752.75,30774.5,30748,30771,2803,,,31094.75,,,,0,0,0,0,,12,10,6,2,0,0
1790186400,30771,30772,30727.75,30730.25,3964,,,31094.75,,,,0,0,0,0,,12,10,6,2,0,0
1790186700,30729.75,30748.5,30725,30739,2888,,,31094.75,,,,0,0,0,0,,12,10,6,2,0,0
1790187000,30739.5,30747.25,30736.25,30745,1906,,,31094.75,,,,0,0,0,0,,12,10,6,2,0,0
1790187300,30745.5,30769,30740.5,30760,3188,,,31094.75,,,,0,0,0,0,,12,10,6,2,0,0
1790187600,30759.5,30762.5,30746,30760,2329,,,31094.75,,,,0,0,0,0,,12,10,6,2,0,0
1790187900,30760.75,30765,30750.25,30755.25,2100,,,31094.75,,,,0,0,0,0,,12,10,6,2,0,0
1790188200,30755,30758,30739.25,30747.5,2125,,,31094.75,,,,0,0,0,0,,12,10,6,2,0,0
1790188500,30748,30754.5,30727.25,30732.5,2271,,,31094.75,,,,0,0,0,0,,12,10,6,2,0,0
1790188800,30733,30752.25,30732.25,30747.5,2068,,,31094.75,,,,0,0,0,0,,12,10,6,2,0,0
1790189100,30747.75,30763.25,30741,30762,2014,,,31094.75,,,,0,0,0,0,,12,10,6,2,0,0
1790189400,30761.75,30768.5,30745.5,30749.75,2695,,,31094.75,,,,0,0,0,0,,12,10,6,2,0,0
1790189700,30749.25,30766.75,30748,30762,2117,,,31094.75,,,,0,0,0,0,,12,10,6,2,0,0
1790190000,30762.25,30767.25,30742.25,30743.75,2431,,,31094.75,,,,0,0,0,0,,12,10,6,2,0,0
1790190300,30743.75,30782.5,30741,30769.75,4178,,,31094.75,,,,0,0,0,0,,12,10,6,2,0,0
1790190600,30770.5,30774.5,30753.5,30762.75,2161,,,31094.75,,,,0,0,0,0,,12,10,6,2,0,0
1790190900,30762.75,30765.5,30741.25,30751.25,2563,,,31094.75,,,,0,0,0,0,,12,10,6,2,0,0
1790191200,30750.75,30751.25,30741.75,30749.75,1832,,,31094.75,,,,0,0,0,0,,12,10,6,2,0,0
1790191500,30749.5,30757.5,30744.75,30753.75,2386,,,31094.75,,,,0,0,0,0,,12,10,6,2,0,0
1790191800,30753.75,30775.25,30747.5,30772.5,3180,,,31094.75,,,,0,0,0,0,,12,10,6,2,0,0
1790192100,30772.25,30772.25,30756.75,30765.5,2822,,,31094.75,,,,0,0,0,0,,12,10,6,2,0,0
1790192400,30765.5,30771.25,30729.25,30747.25,3915,,,31094.75,,,,0,0,0,0,,12,10,6,2,0,0
1790192700,30746.75,30767.5,30742.75,30767.5,3639,,,31094.75,,,,0,0,0,0,,12,10,6,2,0,0
1790193000,30767.75,30772.5,30710,30720.75,10416,,,31094.75,,,,0,0,0,0,,12,10,6,2,0,0
1790193300,30720.5,30779.5,30720.5,30770.25,18103,,,31094.75,,,,0,0,0,0,,12,10,6,2,0,0
1790193600,30770.25,30777.25,30758.5,30761.75,4284,,,31094.75,,,,0,0,0,0,,12,10,6,2,0,0
1790193900,30762.25,30764,30754.25,30761.5,1454,,,31094.75,,,,0,0,0,0,,12,10,6,2,0,0
1790194200,30761,30764.25,30751.75,30753.25,891,,,31094.75,,,,0,0,0,0,,12,10,6,2,0,0
1790194500,30753,30760,30750.5,30759.75,445,,,31094.75,,,,0,0,0,0,,12,10,6,2,0,0
1790194800,30760,30764.75,30758,30762.75,328,,,31094.75,,,,0,0,0,0,,12,10,6,2,0,0
1790195100,30763,30765,30758,30764,272,,,31094.75,,,,0,0,0,0,,12,10,6,2,0,0
1790195400,30763.25,30768.75,30758.5,30761,431,,,31094.75,,,,0,0,0,0,,12,10,6,2,0,0
1790195700,30761.75,30773,30760,30770.5,409,,,31094.75,,,,0,0,0,0,,12,10,6,2,0,0
1790196000,30770.5,30775,30768.75,30774,517,,,31094.75,,,,0,0,0,0,,12,10,6,2,0,0
1790196300,30774.5,30777,30767,30768.75,360,,,31094.75,,,,0,0,0,0,,12,10,6,2,0,0
1790196600,30768.5,30775,30768.5,30773,312,,,31094.75,,,,0,0,0,0,,12,10,6,2,0,0
1790196900,30773.5,30776.75,30767.75,30776,485,,,31094.75,,,,0,0,0,0,,12,10,6,2,0,0
1790200800,30780,30807,30779,30791,1129,,,31094.75,,31094.75,30642.75,0,0,0,0,,12,10,6,2,0,0
1790201100,30791.5,30808.75,30778,30805,785,,,31094.75,,31094.75,30642.75,0,0,0,0,,12,10,6,2,0,0
1790201400,30805,30807,30799.5,30804.25,264,,,31094.75,,31094.75,30642.75,0,0,0,0,,12,10,6,2,0,0
1790201700,30807.5,30813,30790.75,30792.5,616,,,31094.75,,31094.75,30642.75,0,0,0,0,,12,10,6,2,0,0
1790202000,30792.75,30795.75,30786.25,30792,372,,,31094.75,,31094.75,30642.75,0,0,0,0,,12,10,6,2,0,0
1790202300,30793.75,30793.75,30782,30785.25,290,,,31094.75,,31094.75,30642.75,0,0,0,0,,12,10,6,2,0,0
1790202600,30786,30800.25,30780.75,30791.25,477,,,31094.75,,31094.75,30642.75,0,0,0,0,,12,10,6,2,0,0
1790202900,30789.75,30790,30780.25,30787,243,,,31094.75,,31094.75,30642.75,0,0,0,0,,12,10,6,2,0,0
1790203200,30787,30799.5,30784.25,30796.25,346,,,31094.75,,31094.75,30642.75,0,0,0,0,,12,10,6,2,0,0
1790203500,30795.5,30798.25,30786,30796.25,241,,,31094.75,,31094.75,30642.75,0,0,0,0,,12,10,6,2,0,0
1790203800,30796,30801.75,30791.25,30795,241,,,31094.75,,31094.75,30642.75,0,0,0,0,,12,10,6,2,0,0
1790204100,30795.75,30797.25,30790.5,30793.75,87,,,31094.75,,31094.75,30642.75,0,0,0,0,,12,10,6,2,0,0
1790204400,30793.5,30798.5,30790.25,30796.5,176,,,31094.75,,31094.75,30642.75,0,0,0,0,,12,10,6,2,0,0
1790204700,30795.75,30795.75,30791,30795.25,88,,,31094.75,,31094.75,30642.75,0,0,0,0,,12,10,6,2,0,0
1790205000,30794.5,30794.75,30783.5,30786.75,218,,,31094.75,,31094.75,30642.75,0,0,0,0,,12,10,6,2,0,0
1790205300,30786.75,30792,30775,30782.25,473,,,31094.75,,31094.75,30642.75,0,0,0,0,,12,10,6,2,0,0
1790205600,30782.5,30783.5,30769,30771.25,581,,,31094.75,,31094.75,30642.75,0,0,0,0,,12,10,6,2,0,0
1790205900,30771.75,30773.75,30762.5,30771.25,593,,,31094.75,,31094.75,30642.75,0,0,0,0,,12,10,6,2,0,0
1790206200,30771.25,30772.5,30760,30769.75,269,,,31094.75,,31094.75,30642.75,0,0,0,0,,12,10,6,2,0,0
1790206500,30767.5,30773.5,30763.5,30771.5,168,,,31094.75,,31094.75,30642.75,0,0,0,0,,12,10,6,2,0,0
1790206800,30772.5,30776.5,30761.25,30766.25,424,,,31094.75,,31094.75,30642.75,0,0,0,0,,12,10,6,2,0,0
1790207100,30767.75,30772,30753.5,30754,585,,,31094.75,,31094.75,30642.75,0,0,0,0,,12,10,6,2,0,0
1790207400,30753.75,30770.75,30746,30765.25,749,,,31094.75,,31094.75,30642.75,0,0,0,0,,12,10,6,2,0,0
1790207700,30766,30766,30753,30753.5,327,,,31094.75,,31094.75,30642.75,0,0,0,0,,12,10,6,2,0,0
1790208000,30753.5,30761,30742,30754.5,750,,,31094.75,,31094.75,30642.75,0,0,0,0,,12,10,6,2,0,0
1790208300,30755,30756.25,30742.5,30744.75,554,,,31094.75,,31094.75,30642.75,0,0,0,0,,12,10,6,2,0,0
1790208600,30744,30744.25,30720,30728.5,1156,,,31094.75,,31094.75,30642.75,0,0,0,0,,12,10,6,2,0,0
1790208900,30728,30746.5,30725.75,30744.5,687,,,31094.75,,31094.75,30642.75,0,0,0,0,,12,10,6,2,0,0
1790209200,30744.5,30750.5,30726.5,30734,717,,,31094.75,,31094.75,30642.75,0,0,0,0,,12,10,6,2,0,0
1790209500,30734.75,30737.5,30728.5,30735,286,,,31094.75,,31094.75,30642.75,0,0,0,0,,12,10,6,2,0,0
1790209800,30735.5,30749.5,30729.75,30745.25,588,,,31094.75,,31094.75,30642.75,0,0,0,0,,12,10,6,2,0,0
1790210100,30746,30746,30733.5,30735.75,252,,,31094.75,,31094.75,30642.75,0,0,0,0,,12,10,6,2,0,0
1790210400,30735.75,30736,30718.5,30721.75,700,,,31094.75,,31094.75,30642.75,0,0,0,0,,12,10,6,2,0,0
1790210700,30722,30722.25,30705.5,30716.25,923,,,31094.75,,31094.75,30642.75,0,0,0,0,,12,10,6,2,0,0
1790211000,30715.5,30720.75,30704.5,30707.25,559,,,31094.75,,31094.75,30642.75,0,0,0,0,,12,10,6,2,0,0
1790211300,30707.75,30731.75,30706.5,30725.25,684,,,31094.75,,31094.75,30642.75,0,0,0,0,,12,10,6,2,0,0
1790211600,30724.5,30745,30723.25,30743,996,,,31094.75,,31094.75,30642.75,0,0,0,0,,12,10,6,2,0,0
1790211900,30742.75,30758.5,30730,30750,928,,,31094.75,,31094.75,30642.75,0,0,0,0,,12,10,6,2,0,0
1790212200,30749.5,30755,30737.5,30754.25,467,,,31094.75,,31094.75,30642.75,0,0,0,0,,12,10,6,2,0,0
1790212500,30753.5,30754.25,30742.5,30749.5,335,,,31094.75,,31094.75,30642.75,0,0,0,0,,12,10,6,2,0,0
1790212800,30747.25,30751.25,30741.25,30743,338,,,31094.75,,31094.75,30642.75,0,0,0,0,,12,10,6,2,0,0
1790213100,30743,30746,30732.5,30737.75,535,,,31094.75,,31094.75,30642.75,0,0,0,0,,12,10,6,2,0,0
1790213400,30736.5,30761,30733.25,30757.75,769,,,31094.75,,31094.75,30642.75,0,0,0,0,,12,10,6,2,0,0
1790213700,30756.25,30760,30744.5,30747.75,496,,,31094.75,,31094.75,30642.75,0,0,0,0,,12,10,6,2,0,0
1790214000,30748.5,30756.5,30735,30736.25,413,,,31094.75,,31094.75,30642.75,0,0,0,0,,12,10,6,2,0,0
1790214300,30735,30739,30719.25,30728,678,,,31094.75,,31094.75,30642.75,0,0,0,0,,12,10,6,2,0,0
1790214600,30729.25,30747.25,30713.75,30738.25,660,,,31094.75,,31094.75,30642.75,0,0,0,0,,12,10,6,2,0,0
1790214900,30738.5,30746,30731,30744.75,213,,,31094.75,,31094.75,30642.75,0,0,0,0,,12,10,6,2,0,0
1790215200,30743,30750,30730.5,30732.5,531,,,31094.75,,31094.75,30642.75,0,0,0,0,,12,10,6,2,0,0
1790215500,30731.25,30731.25,30708.75,30713.5,587,,,31094.75,,31094.75,30642.75,0,0,0,0,,12,10,6,2,0,0
1790215800,30714.25,30729,30713.75,30725.25,329,,,31094.75,,31094.75,30642.75,0,0,0,0,,12,10,6,2,0,0
1790216100,30725,30742,30723.5,30739,567,,,31094.75,,31094.75,30642.75,0,0,0,0,,12,10,6,2,0,0
1790216400,30739,30739,30729.75,30734,223,,,31094.75,,31094.75,30642.75,0,0,0,0,,12,10,6,2,0,0
1790216700,30734,30736,30724.5,30729.75,242,,,31094.75,,31094.75,30642.75,0,0,0,0,,12,10,6,2,0,0
1790217000,30729,30745.5,30726.5,30740.5,437,,,31094.75,,31094.75,30642.75,0,0,0,0,,12,10,6,2,0,0
1790217300,30741.5,30746.5,30735.75,30738,228,,,31094.75,,31094.75,30642.75,0,0,0,0,,12,10,6,2,0,0
1790217600,30739,30747,30739,30744.5,143,,,31094.75,,31094.75,30642.75,0,0,0,0,,12,10,6,2,0,0
1790217900,30745.5,30747,30739,30742.75,438,,,31094.75,,31094.75,30642.75,0,0,0,0,,12,10,6,2,0,0
1790218200,30743.5,30744.5,30737,30743,153,,,31094.75,,31094.75,30642.75,0,0,0,0,,12,10,6,2,0,0
1790218500,30743.5,30747,30738.75,30741.25,234,,,31094.75,,31094.75,30642.75,0,0,0,0,,12,10,6,2,0,0
1790218800,30740.75,30742,30730.75,30735.25,321,,,31094.75,,31094.75,30642.75,0,0,0,0,,12,10,6,2,0,0
1790219100,30734.25,30735,30706,30710.75,613,,,31094.75,,31094.75,30642.75,0,0,0,0,,12,10,6,2,0,0
1790219400,30709.25,30720,30705,30719.25,435,,,31094.75,,31094.75,30642.75,0,0,0,0,,12,10,6,2,0,0
1790219700,30719.75,30723,30710.25,30717.25,340,,,31094.75,,31094.75,30642.75,0,0,0,0,,12,10,6,2,0,0
1790220000,30717.75,30721.25,30710.75,30714.25,295,,,31094.75,,31094.75,30642.75,0,0,0,0,,12,10,6,2,0,0
1790220300,30714,30720,30700.25,30706.25,549,,,31094.75,,31094.75,30642.75,0,0,0,0,,12,10,6,2,0,0
1790220600,30706,30709.25,30698.5,30704,400,,,31094.75,,31094.75,30642.75,0,0,0,0,,12,10,6,2,0,0
1790220900,30703.5,30707,30698,30706.75,320,,,31094.75,,31094.75,30642.75,0,0,0,0,,12,10,6,2,0,0
1790221200,30706,30707,30688.25,30693.25,606,,,31094.75,,31094.75,30642.75,0,0,0,0,,12,10,6,2,0,0
1790221500,30692,30705,30691,30702,361,,,31094.75,,31094.75,30642.75,0,0,0,0,,12,10,6,2,0,0
1790221800,30703,30708,30696.75,30704.5,278,,,31094.75,,31094.75,30642.75,0,0,0,0,,12,10,6,2,0,0
1790222100,30704.75,30709.25,30699.5,30707,255,,,31094.75,,31094.75,30642.75,0,0,0,0,,12,10,6,2,0,0
1790222400,30706.75,30706.75,30656,30664.25,2515,30761,,31094.75,,31094.75,30642.75,0,0,0,0,,12,10,6,2,0,0
1790222700,30666,30673,30657.75,30665.25,548,30761,,31094.75,,31094.75,30642.75,0,0,0,0,,12,10,6,2,0,0
1790223000,30665,30668.75,30653,30659,437,30761,,31094.75,,31094.75,30642.75,0,0,0,0,,12,10,6,2,0,0
1790223300,30657.75,30667,30651.25,30656.75,817,30761,,31094.75,,31094.75,30642.75,0,0,0,0,,12,10,6,2,0,0
1790223600,30656.25,30670,30654.25,30659,407,30761,,31094.75,,31094.75,30642.75,0,0,0,0,,12,10,6,2,0,0
1790223900,30658.25,30677,30654.75,30676,348,30761,,31094.75,,31094.75,30642.75,0,0,0,0,,12,10,6,2,0,0
1790224200,30675.5,30696.5,30673.25,30694,518,30761,,31094.75,,31094.75,30642.75,0,0,0,0,,12,10,6,2,0,0
1790224500,30694,30700,30690,30693.25,371,30761,,31094.75,,31094.75,30642.75,0,0,0,0,,12,10,6,2,0,0
1790224800,30693.5,30693.75,30677.25,30681.75,571,30761,,31094.75,,31094.75,30642.75,0,0,0,0,,12,10,6,2,0,0
1790225100,30682,30682,30673.75,30680,346,30761,,31094.75,,31094.75,30642.75,0,0,0,0,,12,10,6,2,0,0
1790225400,30680,30681,30674.75,30677.75,167,30761,,31094.75,,31094.75,30642.75,0,0,0,0,,12,10,6,2,0,0
1790225700,30678.75,30689.25,30678.75,30687,455,30761,,31094.75,,31094.75,30642.75,0,0,0,0,,12,10,6,2,0,0
1790226000,30685.75,30707.25,30685.75,30703.5,625,30761,,31094.75,,31094.75,30642.75,0,0,0,0,,12,10,6,2,0,0
1790226300,30703.75,30716,30699,30703.5,541,30761,,31094.75,,31094.75,30642.75,0,0,0,0,,12,10,6,2,0,0
1790226600,30703.5,30703.5,30688.25,30692.75,302,30761,,31094.75,,31094.75,30642.75,0,0,0,0,,12,10,6,2,0,0
1790226900,30691,30697.25,30687,30696.75,300,30761,,31094.75,,31094.75,30642.75,0,0,0,0,,12,10,6,2,0,0
1790227200,30695.5,30698.25,30679.75,30685.5,384,30761,,31094.75,,31094.75,30642.75,0,0,0,0,,12,10,6,2,0,0
1790227500,30685.5,30708,30683.75,30707.25,629,30761,,31094.75,,31094.75,30642.75,0,0,0,0,,12,10,6,2,0,0
1790227800,30706.5,30710.5,30695.25,30698,306,30761,,31094.75,,31094.75,30642.75,0,0,0,0,,12,10,6,2,0,0
1790228100,30698,30700,30685.5,30689,393,30761,,31094.75,,31094.75,30642.75,0,0,0,0,,12,10,6,2,0,0
1790228400,30690,30698.5,30669.5,30671,609,30761,,31094.75,,31094.75,30642.75,0,0,0,0,,12,10,6,2,0,0
1790228700,30670.25,30670.5,30657.5,30660,530,30761,,31094.75,,31094.75,30642.75,0,0,0,0,,12,10,6,2,0,0
1790229000,30660,30670,30655,30657.75,467,30761,,31094.75,,31094.75,30642.75,0,0,0,0,,12,10,6,2,0,0
1790229300,30657,30657,30607,30608.75,2763,30761,,31094.75,,31094.75,,0,0,0,0,,12,10,6,2,0,0
1790229600,30607.75,30610.75,30572,30576,2237,30761,,,,31094.75,,0,0,0,0,,12,10,6,2,0,0
1790229900,30575.25,30615,30564.5,30610.5,2550,30761,,,,31094.75,,0,0,0,0,,12,10,6,2,0,0
1790230200,30612,30628,30600,30618.75,999,30761,,,,31094.75,,0,0,0,0,,12,10,6,2,0,0
1790230500,30619.75,30631.25,30610.75,30613.25,966,30761,,,,31094.75,,0,0,0,0,,12,10,6,2,0,0
1790230800,30612.75,30613.75,30583,30599.75,1027,30761,,,,31094.75,,0,0,0,0,,12,10,6,2,0,0
1790231100,30599.25,30608,30589,30601.5,662,30761,,,,31094.75,,0,0,0,0,,12,10,6,2,0,0
1790231400,30599.75,30599.75,30577.5,30584,557,30761,,,,31094.75,,0,0,0,0,,12,10,6,2,0,0
1790231700,30582,30586,30567,30571.75,749,30761,,,,31094.75,,0,0,0,0,,12,10,6,2,0,0
1790232000,30572.25,30592.5,30562.5,30579.25,1031,30761,,,,31094.75,,0,0,0,0,,12,10,6,2,0,0
1790232300,30578.25,30588,30572.5,30579.5,408,30761,,,,31094.75,,0,0,0,0,,12,10,6,2,0,0
1790232600,30579.25,30582.75,30553.5,30555,1122,30761,,,,31094.75,,0,0,0,0,,12,10,6,2,0,0
1790232900,30554.75,30558,30535.25,30541.75,1374,30761,,,,31094.75,,0,0,0,0,,12,10,6,2,0,0
1790233200,30541.5,30559.25,30512.75,30537.75,2962,30761,,,,31094.75,,0,0,0,0,,12,10,6,2,0,0
1790233500,30539.5,30589.75,30526.5,30584.75,1377,30761,,,,31094.75,,0,0,0,0,,12,10,6,2,0,0
1790233800,30586.75,30595.5,30575.25,30594.75,918,30761,,,,31094.75,,0,0,0,0,,12,10,6,2,0,0
1790234100,30593.75,30604,30577,30597.25,789,30761,,,,31094.75,,0,0,0,0,,12,10,6,2,0,0
1790234400,30596.75,30598,30582,30583.5,432,30761,,,,31094.75,,0,0,0,0,,12,10,6,2,0,0
1790234700,30583.25,30608,30574.75,30606.25,827,30761,,,,31094.75,,0,0,0,0,,12,10,6,2,0,0
1790235000,30606.75,30620.25,30601.25,30607.5,1155,30761,,,,31094.75,,0,0,0,0,,12,10,6,2,0,0
1790235300,30611.25,30632.5,30606,30622.25,809,30761,,,,31094.75,,0,0,0,0,,12,10,6,2,0,0
1790235600,30621,30627.25,30611.75,30624,350,30761,,,,31094.75,,0,0,0,0,,12,10,6,2,0,0
1790235900,30620.25,30623.5,30604.25,30606.75,338,30761,,,,31094.75,,0,0,0,0,,12,10,6,2,0,0
1790236200,30606.75,30610.25,30594,30600,473,30761,,,,31094.75,,0,0,0,0,,12,10,6,2,0,0
1790236500,30598.25,30598.25,30559,30559.5,817,30761,,,,31094.75,,0,0,0,0,,12,10,6,2,0,0
1790236800,30559.25,30590,30533,30543.75,1771,30761,,,,31094.75,,0,0,0,0,,12,10,6,2,0,0
1790237100,30547.25,30551.25,30525,30532.25,1013,30761,,,,31094.75,,0,0,0,0,,12,10,6,2,0,0
1790237400,30531,30531.25,30479.5,30487.5,2037,30761,,,,31094.75,,0,0,0,0,,12,10,6,2,0,0
1790237700,30487,30511.25,30479,30491.5,1565,30761,,,,31094.75,,0,0,0,0,,12,10,6,2,0,0
1790238000,30490.5,30491,30472.5,30483,1491,30761,,,,31094.75,,0,0,0,0,,12,10,6,2,0,0
1790238300,30483.25,30493.25,30453.25,30455.25,1685,30761,,,,31094.75,,0,0,0,0,,12,10,6,2,0,0
1790238600,30457.5,30497.5,30447.25,30451,2543,30761,,,,31094.75,,0,0,0,0,,12,10,6,2,0,0
1790238900,30451.5,30453.25,30431.25,30449.75,1935,30761,,,,31094.75,,0,0,0,0,,12,10,6,2,0,0
1790239200,30450.5,30458,30430.75,30445.75,1213,30761,,,,31094.75,,0,0,0,0,,12,10,6,2,0,0
1790239500,30449.25,30456.5,30412.25,30415,1646,30761,,,,31094.75,,0,0,0,0,,12,10,6,2,0,0
1790239800,30413.75,30434.75,30407.25,30422.5,1470,30761,,,,31094.75,,0,0,0,0,,12,10,6,2,0,0
1790240100,30422.75,30435.5,30417,30433.25,904,30761,,,,31094.75,,0,0,0,0,,12,10,6,2,0,0
1790240400,30433.5,30454.25,30426,30438.75,1300,30761,,30632.5,30407.25,31094.75,,0,0,0,0,,12,10,6,2,0,0
1790240700,30440,30455.5,30426.75,30438.5,1573,30761,,30632.5,30407.25,31094.75,,0,0,0,0,,12,10,6,2,0,0
1790241000,30438.25,30447.75,30417.75,30431.5,813,30761,,30632.5,30407.25,31094.75,,0,0,0,0,,12,10,6,2,0,0
1790241300,30431.25,30444.5,30422.75,30441.75,585,30761,,30632.5,30407.25,31094.75,,0,0,0,0,,12,10,6,2,0,0
1790241600,30441.75,30456,30434.75,30453.75,869,30761,,30632.5,30407.25,31094.75,,0,0,0,0,,12,10,6,2,0,0
1790241900,30454.25,30464.5,30437,30441.75,796,30761,,30632.5,30407.25,31094.75,,0,0,0,0,,12,10,6,2,0,0
1790242200,30442,30444.25,30424,30436.75,607,30761,,30632.5,30407.25,31094.75,,0,0,0,0,,12,10,6,2,0,0
1790242500,30438.25,30442,30405.75,30411.5,912,30761,,30632.5,,31094.75,,0,0,0,0,,12,10,6,2,0,0
1790242800,30412,30415.5,30370,30377.5,2396,30761,,30632.5,,31094.75,,0,0,0,0,,12,10,6,2,0,0
1790243100,30378,30408.75,30371.75,30407,1127,30761,,30632.5,,31094.75,,0,0,0,0,,12,10,6,2,0,0
1790243400,30406.25,30421,30402,30419,869,30761,,30632.5,,31094.75,,0,0,0,0,,12,10,6,2,0,0
1790243700,30419.5,30438.5,30419.25,30436.5,710,30761,,30632.5,,31094.75,,0,0,0,0,,12,10,6,2,0,0
1790244000,30434.75,30451,30425.5,30427.25,798,30761,,30632.5,,31094.75,,0,0,0,0,,12,10,6,2,0,0
1790244300,30428.25,30430.5,30415.75,30422.75,518,30761,,30632.5,,31094.75,,0,0,0,0,,12,10,6,2,0,0
1790244600,30423.25,30445.25,30421.25,30437,1040,30761,,30632.5,,31094.75,,0,0,0,0,,12,10,6,2,0,0
1790244900,30437.25,30460,30435.25,30444.5,1178,30761,,30632.5,,31094.75,,0,0,0,0,,12,10,6,2,0,0
1790245200,30444.5,30447.75,30418.5,30421.5,1017,30761,,30632.5,,31094.75,,0,0,0,0,,12,10,6,2,0,0
1790245500,30421.25,30449.25,30415,30432.75,1621,30761,,30632.5,,31094.75,,0,0,0,0,,12,10,6,2,0,0
1790245800,30432.5,30455.25,30420.75,30452,940,30761,,30632.5,,31094.75,,0,0,0,0,,12,10,6,2,0,0
1790246100,30452,30480,30450.5,30475.75,963,30761,,30632.5,,31094.75,,0,0,0,0,,12,10,6,2,0,0
1790246400,30475.75,30484.75,30472,30478.5,969,30761,,30632.5,,31094.75,,0,0,0,0,,12,10,6,2,0,0
1790246700,30478.25,30522.25,30471.75,30519.25,1951,30761,,30632.5,,31094.75,,0,0,0,0,,12,10,6,2,0,0
1790247000,30520,30523.75,30479.5,30480.75,1455,30761,,30632.5,,31094.75,,0,0,0,0,,12,10,6,2,0,0
1790247300,30479.75,30493.25,30473,30488.75,827,30761,,30632.5,,31094.75,,0,0,0,0,,12,10,6,2,0,0
1790247600,30487.75,30503.75,30479,30482,941,30761,,30632.5,,31094.75,,0,0,0,0,,12,10,6,2,0,0
1790247900,30481.25,30487,30464,30471.75,906,30761,,30632.5,,31094.75,,0,0,0,0,,12,10,6,2,0,0
1790248200,30472.5,30491,30456.5,30488.25,804,30761,,30632.5,,31094.75,,0,0,0,0,,12,10,6,2,0,0
1790248500,30488.75,30512.75,30479,30484,1780,30761,,30632.5,,31094.75,,0,0,0,0,,12,10,6,2,0,0
1790248800,30483.75,30498.75,30476.25,30494,816,30761,,30632.5,,31094.75,,0,0,0,0,,12,10,6,2,0,0
1790249100,30495,30495.25,30471,30471.75,472,30761,,30632.5,,31094.75,,0,0,0,0,,12,10,6,2,0,0
1790249400,30471.5,30501,30470.5,30470.75,741,30761,,30632.5,,31094.75,,0,0,0,0,,12,10,6,2,0,0
1790249700,30470.75,30470.75,30447,30450.25,963,30761,,30632.5,,31094.75,,0,0,0,0,,12,10,6,2,0,0
1790250000,30451,30452,30441.25,30451.75,503,30761,,30632.5,,31094.75,,0,0,0,0,,12,10,6,2,0,0
1790250300,30452,30452.25,30428,30429,910,30761,,30632.5,,31094.75,,0,0,0,0,,12,10,6,2,0,0
1790250600,30429.25,30446.25,30429.25,30444.75,640,30761,,30632.5,,31094.75,,0,0,0,0,,12,10,6,2,0,0
1790250900,30445,30474.75,30432.25,30462.75,1482,30761,,30632.5,,31094.75,,0,0,0,0,,12,10,6,2,0,0
1790251200,30462.5,30468.25,30420.25,30438.5,1897,30761,,30632.5,,31094.75,,0,0,0,0,,12,10,6,2,0,0
1790251500,30438.5,30463,30438,30457.25,692,30761,,30632.5,,31094.75,,0,0,0,0,,12,10,6,2,0,0
1790251800,30456.5,30487.25,30456.5,30482,1122,30761,,30632.5,,31094.75,,0,0,0,0,,12,10,6,2,0,0
1790252100,30482,30501,30478.25,30495.5,950,30761,,30632.5,,31094.75,,0,0,0,0,,12,10,6,2,0,0
1790252400,30496.25,30509.5,30488.5,30502.25,1258,30761,,30632.5,,31094.75,,0,0,0,0,,12,10,6,2,0,0
1790252700,30500.25,30504.5,30454.75,30471.75,3458,30761,,30632.5,,31094.75,,0,0,0,0,,12,10,6,2,0,0
1790253000,30473,30482.5,30436,30437.25,2020,30761,,30632.5,,31094.75,,0,0,0,0,0,12,10,6,2,0,0
1790253300,30437.5,30441.25,30420.25,30436.75,1935,30761,,30632.5,,31094.75,,0,0,0,0,0,12,10,6,2,0,0
1790253600,30435.75,30478.75,30435.25,30473,2008,30761,,30632.5,,31094.75,,0,0,0,0,0,12,10,6,2,0,0
1790253900,30472.5,30481,30462.5,30475.75,1306,30761,,30632.5,,31094.75,,0,0,0,0,0,12,10,6,2,0,0
1790254200,30474,30483.75,30458.25,30482,1111,30761,,30632.5,,31094.75,,0,0,0,0,0,12,10,6,2,0,0
1790254500,30482,30497.5,30474.75,30485.25,1670,30761,,30632.5,,31094.75,,0,0,0,0,0,12,10,6,2,0,0
1790254800,30486.5,30511,30485,30498.75,2682,30761,,30632.5,,31094.75,,0,0,0,0,0,12,10,6,2,0,0
1790255100,30498.5,30502.25,30484.25,30501.25,1060,30761,,30632.5,,31094.75,,0,0,0,0,0,12,10,6,2,0,0
1790255400,30501.75,30519.5,30500.5,30510,1331,30761,,30632.5,,31094.75,,0,0,0,0,0,12,10,6,2,0,0
1790255700,30509.5,30522.5,30502.25,30519,1239,30761,,30632.5,,31094.75,,0,0,0,0,0,12,10,6,2,0,0
1790256000,30518,30520,30503.75,30510.5,1034,30761,,30632.5,,31094.75,,0,0,0,0,0,12,10,6,2,0,0
1790256300,30510,30526.5,30499.5,30519.25,3536,30761,,30632.5,,31094.75,,0,0,0,0,0,12,10,6,2,0,0
1790256600,30519,30551.25,30493.25,30540,21074,30761,,30632.5,,31094.75,,0,0,0,0,0,12,10,6,2,0,0
1790256900,30540.5,30606.5,30536,30596,14230,30761,,30632.5,,31094.75,,0,0,0,0,0,12,10,6,2,0,0
1790257200,30595.25,30597.75,30558,30583.25,10450,30761,,30632.5,,31094.75,,0,0,0,0,0,12,10,6,2,0,0
1790257500,30583.5,30622.75,30566.75,30576.25,12800,30761,,30632.5,,31094.75,,0,0,0,0,0,12,10,6,2,0,0
1790257800,30576.5,30589.75,30535.25,30545.25,9370,30761,,30632.5,,31094.75,,0,0,0,0,0,12,10,6,2,0,0
1790258100,30544.75,30583,30531.75,30578.75,7347,30761,,30632.5,,31094.75,,0,0,0,0,0,12,10,6,2,0,0
1790258400,30579,30611.5,30570.25,30606.75,7909,30761,,30632.5,,31094.75,,0,0,0,0,0,12,10,6,2,0,0
1790258700,30607,30616.75,30591.25,30599,4908,30761,,30632.5,,31094.75,,0,0,0,0,0,12,10,6,2,0,0
1790259000,30599.5,30600,30565,30586.25,5933,30761,,30632.5,,31094.75,,0,0,0,0,0,12,10,6,2,0,0
1790259300,30586,30602,30562.5,30595.75,6922,30761,,30632.5,,31094.75,,0,0,0,0,0,12,10,6,2,0,0
1790259600,30596.5,30617.75,30590,30601.5,4651,30761,,30632.5,,31094.75,,0,0,0,0,0,12,10,6,2,0,0
1790259900,30601.75,30638.5,30595,30631,7157,30761,,,,31094.75,,1,0,0,0,0,13,11,7,2,0,0
1790260200,30630,30632.25,30602.75,30631.5,5751,30761,,,,31094.75,,0,0,0,0,0,13,11,7,2,0,0
1790260500,30630.5,30639.75,30598,30608.25,5006,30761,,,,31094.75,,0,0,0,0,0,13,11,7,2,0,0
1790260800,30607.75,30615.75,30572,30578.75,5048,30761,,,,31094.75,,0,0,0,0,0,13,11,7,2,0,0
1790261100,30579.75,30607,30568.75,30592.5,5343,30761,,,,31094.75,,0,0,0,0,0,13,11,7,2,0,0
1790261400,30592.5,30614,30556.75,30564,6729,30761,,,,31094.75,,0,0,0,0,0,13,11,7,2,0,0
1790261700,30565,30566.25,30532.5,30541.25,5636,30761,,,,31094.75,,0,0,0,0,0,13,11,7,2,0,0
1790262000,30542.25,30572.75,30539.25,30553.75,6387,30761,,,,31094.75,,0,0,0,0,,13,11,7,2,0,0
1790262300,30553.25,30558.5,30514.75,30516.75,6391,30761,,,,31094.75,,0,0,0,0,,13,11,7,2,0,0
1790262600,30516.5,30538.25,30504,30511.25,5686,30761,,,,31094.75,,0,0,0,0,,13,11,7,2,0,0
1790262900,30510.75,30547.5,30505.5,30518.5,7114,30761,,,,31094.75,,0,0,0,0,,13,11,7,2,0,0
1790263200,30517.75,30557.75,30509.75,30554.5,5341,30761,,,,31094.75,,0,0,0,0,,13,11,7,2,0,0
1790263500,30554.75,30555.5,30506.75,30513.5,4859,30761,,,,31094.75,,0,0,0,0,,13,11,7,2,0,0
1790263800,30514.25,30526.75,30502.5,30521,4215,30761,,,,31094.75,,0,0,0,0,,13,11,7,2,0,0
1790264100,30521.75,30543.75,30515.5,30526,4868,30761,,,,31094.75,,0,0,0,0,,13,11,7,2,0,0
1790264400,30526,30540.5,30509.75,30537.25,3509,30761,,,,31094.75,,0,0,0,0,,13,11,7,2,0,0
1790264700,30537.75,30550,30506.75,30516.75,4193,30761,,,,31094.75,,0,0,0,0,,13,11,7,2,0,0
1790265000,30516.75,30568,30514.75,30566.75,5792,30761,,,,31094.75,,0,0,0,0,,13,11,7,2,0,0
1790265300,30567,30569.5,30546,30554.75,4039,30761,,,,31094.75,,0,0,0,0,,13,11,7,2,0,0
1790265600,30554,30556.75,30523.25,30539.75,3522,30761,,,,31094.75,,0,0,0,0,,13,11,7,2,0,0
1790265900,30539,30542,30516.75,30522.75,2748,30761,,,,31094.75,,0,0,0,0,,13,11,7,2,0,0
1790266200,30522.5,30561.25,30506.5,30559,3800,30761,,,,31094.75,,0,0,0,0,,13,11,7,2,0,0
1790266500,30559.75,30748,30556,30682.75,31722,30761,,,,31094.75,,0,0,0,0,,13,11,7,2,0,0
1790266800,30682.5,30708.75,30671.5,30689,11346,30761,,,,31094.75,,0,0,0,0,,13,11,7,2,0,0
1790267100,30689.5,30710,30651,30698,8206,30761,,,,31094.75,,0,0,0,0,,13,11,7,2,0,0
1790267400,30696.75,30701.5,30661.25,30684.75,5577,30761,,,,31094.75,,0,0,0,0,,13,11,7,2,0,0
1790267700,30685,30749,30681.25,30746.5,6487,30761,,,,31094.75,,0,0,0,0,,13,11,7,2,0,0
1790268000,30746.5,30815,30737.75,30746.25,9691,,,,,31094.75,,0,0,0,0,,13,11,7,2,0,0
1790268300,30746.75,30792.5,30725.75,30786,9265,,,,,31094.75,,0,0,0,0,,13,11,7,2,0,0
1790268600,30786,30805.75,30749.75,30763,6757,,,,,31094.75,,0,0,0,0,,13,11,7,2,0,0
1790268900,30762.75,30815.75,30759,30792.25,5688,,,,,31094.75,,0,0,0,0,,13,11,7,2,0,0
1790269200,30792.25,30818.5,30758.5,30807,8513,,,,,31094.75,,0,0,0,0,,13,11,7,2,0,0
1790269500,30806.25,30827.5,30789.75,30792.25,5819,,,,,31094.75,,0,0,0,0,,13,11,7,2,0,0
1790269800,30792.25,30796,30757,30790.25,6804,,,,,31094.75,,0,0,0,0,,13,11,7,2,0,0
1790270100,30790,30793.25,30745.5,30747.25,4932,,,,,31094.75,,0,0,0,0,,13,11,7,2,0,0
1790270400,30746.75,30761,30733.25,30736.5,4768,,,,,31094.75,,0,0,0,0,,13,11,7,2,0,0
1790270700,30736.75,30740,30700.25,30735.75,5612,,,,,31094.75,,0,0,0,0,,13,11,7,2,0,0
1790271000,30735,30760.75,30717,30718.25,5052,,,,,31094.75,,0,0,0,0,,13,11,7,2,0,0
1790271300,30717.75,30727.75,30698,30712.75,3695,,,,,31094.75,,0,0,0,0,,13,11,7,2,0,0
1790271600,30712.5,30724,30672.25,30673.25,5231,,,,,31094.75,,0,0,0,0,,13,11,7,2,0,0
1790271900,30673.25,30708.25,30665.75,30701.75,5166,,,,,31094.75,,0,0,0,0,,13,11,7,2,0,0
1790272200,30701.5,30705.5,30670.75,30681.75,4182,,,,,31094.75,,0,0,0,0,,13,11,7,2,0,0
1790272500,30682.5,30705.5,30672.75,30696.75,4114,,,,,31094.75,,0,0,0,0,,13,11,7,2,0,0
1790272800,30697.5,30698.5,30622,30627,7362,,,,,31094.75,,0,0,0,0,,13,11,7,2,0,0
1790273100,30627,30690.75,30626.5,30683.5,6754,,,,,31094.75,,0,0,0,0,,13,11,7,2,0,0
1790273400,30683.5,30705,30677.5,30695.75,4192,,,,,31094.75,,0,0,0,0,,13,11,7,2,0,0
1790273700,30695.5,30729.5,30689.75,30714,4777,,,,,31094.75,,0,0,0,0,,13,11,7,2,0,0
1790274000,30714,30724,30693.75,30717.5,3114,,,,,31094.75,,0,0,0,0,,13,11,7,2,0,0
1790274300,30716.5,30753,30715.25,30740.5,6094,,,,,31094.75,,0,0,0,0,,13,11,7,2,0,0
1790274600,30740.25,30746.5,30717.25,30717.75,3228,,,,,31094.75,,0,0,0,0,,13,11,7,2,0,0
1790274900,30717.25,30783.25,30703.5,30753,8630,,,,,31094.75,,0,0,0,0,,13,11,7,2,0,0
1790275200,30752.5,30752.5,30724.5,30736.75,3180,,,,,31094.75,,0,0,0,0,,13,11,7,2,0,0
1790275500,30736.5,30752.25,30736,30747.5,1943,,,,,31094.75,,0,0,0,0,,13,11,7,2,0,0
1790275800,30746.75,30776.5,30744.25,30765.75,3456,,,,,31094.75,,0,0,0,0,,13,11,7,2,0,0
1790276100,30766.5,30792.5,30765.5,30779.75,3226,,,,,31094.75,,0,0,0,0,,13,11,7,2,0,0
1790276400,30779.5,30784,30726.5,30734.5,6052,,,,,31094.75,,0,0,0,0,,13,11,7,2,0,0
1790276700,30734.25,30748.75,30732.25,30738.75,2502,,,,,31094.75,,0,0,0,0,,13,11,7,2,0,0
1790277000,30738.5,30744.25,30724,30726.5,2811,,,,,31094.75,,0,0,0,0,,13,11,7,2,0,0
1790277300,30726.75,30768,30726.75,30762,4783,,,,,31094.75,,0,0,0,0,,13,11,7,2,0,0
1790277600,30761.75,30769,30749.5,30766.5,2003,,,,,31094.75,,0,0,0,0,,13,11,7,2,0,0
1790277900,30766.75,30772.5,30745.25,30750.75,2398,,,,,31094.75,,0,0,0,0,,13,11,7,2,0,0
1790278200,30749.75,30768.25,30747,30767.75,2637,,,,,31094.75,,0,0,0,0,,13,11,7,2,0,0
1790278500,30767.25,30768.75,30748.5,30763.25,1937,,,,,31094.75,,0,0,0,0,,13,11,7,2,0,0
1790278800,30763.25,30769.75,30750,30753,1945,,,,,31094.75,,0,0,0,0,,13,11,7,2,0,0
1790279100,30752.75,30762.25,30746.25,30747.5,2572,,,,,31094.75,,0,0,0,0,,13,11,7,2,0,0
1790279400,30747.25,30791,30747.25,30779,6405,,,,,31094.75,,0,0,0,0,,13,11,7,2,0,0
1790279700,30779.5,30783,30756.5,30756.75,12600,,,,,31094.75,,0,0,0,0,,13,11,7,2,0,0
1790280000,30756.75,30762,30722.75,30727.75,4970,,,,,31094.75,,0,0,0,0,,13,11,7,2,0,0
1790280300,30728,30734.25,30723.75,30728.75,1114,,,,,31094.75,,0,0,0,0,,13,11,7,2,0,0
1790280600,30728.75,30730,30696.5,30698,1748,,,,,31094.75,,0,0,0,0,,13,11,7,2,0,0
1790280900,30698,30710,30672,30680.25,2337,,,,,31094.75,,0,0,0,0,,13,11,7,2,0,0
1790281200,30679.75,30682.5,30670.75,30673.5,1067,,,,,31094.75,,0,0,0,0,,13,11,7,2,0,0
1790281500,30672,30680.5,30662.25,30666.75,946,,,,,31094.75,,0,0,0,0,,13,11,7,2,0,0
1790281800,30666.25,30684.75,30664,30680.25,719,,,,,31094.75,,0,0,0,0,,13,11,7,2,0,0
1790282100,30680.5,30690.75,30677.75,30690,726,,,,,31094.75,,0,0,0,0,,13,11,7,2,0,0
1790282400,30690,30708,30686.25,30705.5,694,,,,,31094.75,,0,0,0,0,,13,11,7,2,0,0
1790282700,30705.5,30718.75,30705.5,30717,744,,,,,31094.75,,0,0,0,0,,13,11,7,2,0,0
1790283000,30716.75,30727.5,30716.5,30727.25,537,,,,,31094.75,,0,0,0,0,,13,11,7,2,0,0
1790283300,30728.25,30740,30723.5,30736.25,1063,,,,,31094.75,,0,0,0,0,,13,11,7,2,0,0
1790287200,30726.5,30765.25,30715.75,30743.25,1068,,,,,30827.5,30370,0,0,0,0,,13,11,7,2,0,0
1790287500,30744.75,30746.75,30708.5,30733,791,,,,,30827.5,30370,0,0,0,0,,13,11,7,2,0,0
1790287800,30733.25,30735.25,30725.25,30727.25,162,,,,,30827.5,30370,0,0,0,0,,13,11,7,2,0,0
1790288100,30727,30730.25,30721.25,30722.25,285,,,,,30827.5,30370,0,0,0,0,,13,11,7,2,0,0
1790288400,30720.75,30723,30712.75,30715.5,387,,,,,30827.5,30370,0,0,0,0,,13,11,7,2,0,0
1790288700,30714,30716.75,30704.25,30710.5,333,,,,,30827.5,30370,0,0,0,0,,13,11,7,2,0,0
1790289000,30711.5,30723.75,30709.25,30718,492,,,,,30827.5,30370,0,0,0,0,,13,11,7,2,0,0
1790289300,30718,30723.75,30714.75,30719.25,241,,,,,30827.5,30370,0,0,0,0,,13,11,7,2,0,0
1790289600,30719,30736,30716.5,30731.75,384,,,,,30827.5,30370,0,0,0,0,,13,11,7,2,0,0
1790289900,30732.75,30734,30723,30731.5,379,,,,,30827.5,30370,0,0,0,0,,13,11,7,2,0,0
1790290200,30731.5,30734.75,30729.25,30732.75,133,,,,,30827.5,30370,0,0,0,0,,13,11,7,2,0,0
1790290500,30731,30736,30726,30730,237,,,,,30827.5,30370,0,0,0,0,,13,11,7,2,0,0
1790290800,30729.75,30736,30728,30732,283,,,,,30827.5,30370,0,0,0,0,,13,11,7,2,0,0
1790291100,30733.75,30737.75,30714.25,30720.75,335,,,,,30827.5,30370,0,0,0,0,,13,11,7,2,0,0
1790291400,30721,30723.5,30709.75,30716.75,287,,,,,30827.5,30370,0,0,0,0,,13,11,7,2,0,0
1790291700,30717.75,30721.25,30711.75,30716.75,223,,,,,30827.5,30370,0,0,0,0,,13,11,7,2,0,0
1790292000,30715,30725.75,30712.5,30724.25,235,,,,,30827.5,30370,0,0,0,0,,13,11,7,2,0,0
1790292300,30726,30733.5,30722.5,30725.75,256,,,,,30827.5,30370,0,0,0,0,,13,11,7,2,0,0
1790292600,30726.25,30732.25,30726.25,30727.75,115,,,,,30827.5,30370,0,0,0,0,,13,11,7,2,0,0
1790292900,30727,30731.25,30723.25,30725.5,137,,,,,30827.5,30370,0,0,0,0,,13,11,7,2,0,0
1790293200,30726,30726.75,30707.5,30707.5,365,,,,,30827.5,30370,0,0,0,0,,13,11,7,2,0,0
1790293500,30709.5,30713.25,30696.5,30701.5,537,,,,,30827.5,30370,0,0,0,0,,13,11,7,2,0,0
1790293800,30701,30703.75,30686.25,30692,447,,,,,30827.5,30370,0,0,0,0,,13,11,7,2,0,0
1790294100,30693,30695.75,30683.75,30687.25,332,,,,,30827.5,30370,0,0,0,0,,13,11,7,2,0,0
1790294400,30687,30717,30686.75,30706.5,918,,,,,30827.5,30370,0,0,0,0,,13,11,7,2,0,0
1790294700,30705,30708.25,30684.5,30699.5,503,,,,,30827.5,30370,0,0,0,0,,13,11,7,2,0,0
1790295000,30699.5,30703.75,30687,30696.5,352,,,,,30827.5,30370,0,0,0,0,,13,11,7,2,0,0
1790295300,30697.5,30701.5,30679,30693.5,806,,,,,30827.5,30370,0,0,0,0,,13,11,7,2,0,0
1790295600,30693.75,30724.25,30691.75,30721,629,,,,,30827.5,30370,0,0,0,0,,13,11,7,2,0,0
1790295900,30719.75,30727.25,30710.25,30713.25,580,,,,,30827.5,30370,0,0,0,0,,13,11,7,2,0,0
1790296200,30712.75,30715.25,30701,30706,406,,,,,30827.5,30370,0,0,0,0,,13,11,7,2,0,0
1790296500,30706.75,30710,30682.75,30691.5,709,,,,,30827.5,30370,0,0,0,0,,13,11,7,2,0,0
1790296800,30690.75,30706,30689.5,30700.5,451,,,,,30827.5,30370,0,0,0,0,,13,11,7,2,0,0
1790297100,30701,30707.75,30694.5,30704.25,311,,,,,30827.5,30370,0,0,0,0,,13,11,7,2,0,0
1790297400,30704,30706.5,30685.25,30699.25,353,,,,,30827.5,30370,0,0,0,0,,13,11,7,2,0,0
1790297700,30700,30705,30690.25,30697.75,268,,,,,30827.5,30370,0,0,0,0,,13,11,7,2,0,0
1790298000,30698.75,30711.25,30680,30708,766,,,,,30827.5,30370,0,0,0,0,,13,11,7,2,0,0
1790298300,30708.75,30722.5,30697,30717,577,,,,,30827.5,30370,0,0,0,0,,13,11,7,2,0,0
1790298600,30717.5,30775,30716.25,30764.75,1704,,,,,30827.5,30370,0,0,0,0,,13,11,7,2,0,0
1790298900,30764.25,30790,30761.25,30771,1098,,,,,30827.5,30370,0,0,0,0,,13,11,7,2,0,0
1790299200,30772.75,30789,30769.25,30776.75,555,,,,,30827.5,30370,0,0,0,0,,13,11,7,2,0,0
1790299500,30776,30788.25,30772,30776.75,366,,,,,30827.5,30370,0,0,0,0,,13,11,7,2,0,0
1790299800,30776.75,30778.5,30753,30756.5,668,,,,,30827.5,30370,0,0,0,0,,13,11,7,2,0,0
1790300100,30754.5,30792.5,30750,30791.75,699,,,,,30827.5,30370,0,0,0,0,,13,11,7,2,0,0
1790300400,30791,30810,30786.75,30798.25,642,,,,,30827.5,30370,0,0,0,0,,13,11,7,2,0,0
1790300700,30798.5,30801.25,30784,30798,363,,,,,30827.5,30370,0,0,0,0,,13,11,7,2,0,0
1790301000,30797.5,30799,30778,30780.25,444,,,,,30827.5,30370,0,0,0,0,,13,11,7,2,0,0
1790301300,30781.25,30791.25,30771,30790.5,341,,,,,30827.5,30370,0,0,0,0,,13,11,7,2,0,0
1790301600,30791,30796.75,30783,30793.75,325,,,,,30827.5,30370,0,0,0,0,,13,11,7,2,0,0
1790301900,30795.25,30810.5,30793.25,30806.5,530,,,,,30827.5,30370,0,0,0,0,,13,11,7,2,0,0
1790302200,30806.25,30809.75,30793.75,30797.25,379,,,,,30827.5,30370,0,0,0,0,,13,11,7,2,0,0
1790302500,30797.25,30808.5,30795.25,30805.5,205,,,,,30827.5,30370,0,0,0,0,,13,11,7,2,0,0
1790302800,30807,30814.5,30804,30804,431,,,,,30827.5,30370,0,0,0,0,,13,11,7,2,0,0
1790303100,30803.75,30803.75,30784,30786.25,383,,,,,30827.5,30370,0,0,0,0,,13,11,7,2,0,0
1790303400,30786.5,30789,30765.25,30766.5,472,,,,,30827.5,30370,0,0,0,0,,13,11,7,2,0,0
1790303700,30766.75,30774.5,30761,30773,411,,,,,30827.5,30370,0,0,0,0,,13,11,7,2,0,0
1790304000,30773.5,30794.75,30772,30787.25,444,,,,,30827.5,30370,0,0,0,0,,13,11,7,2,0,0
1790304300,30786.75,30788.75,30769.25,30772.25,287,,,,,30827.5,30370,0,0,0,0,,13,11,7,2,0,0
1790304600,30770.5,30785.5,30764.5,30784.75,262,,,,,30827.5,30370,0,0,0,0,,13,11,7,2,0,0
1790304900,30783.75,30790.75,30779.5,30790.75,236,,,,,30827.5,30370,0,0,0,0,,13,11,7,2,0,0
1790305200,30790.75,30792.75,30779.75,30785.75,272,,,,,30827.5,30370,0,0,0,0,,13,11,7,2,0,0
1790305500,30786,30811.75,30786,30807,588,,,,,30827.5,30370,0,0,0,0,,13,11,7,2,0,0
1790305800,30806.25,30806.25,30795.75,30804,216,,,,,30827.5,30370,0,0,0,0,,13,11,7,2,0,0
1790306100,30803.25,30809.75,30788,30800.25,566,,,,,30827.5,30370,0,0,0,0,,13,11,7,2,0,0
1790306400,30799,30808,30798.25,30800,193,,,,,30827.5,30370,0,0,0,0,,13,11,7,2,0,0
1790306700,30801.25,30802.75,30792.5,30793.25,153,,,,,30827.5,30370,0,0,0,0,,13,11,7,2,0,0
1790307000,30794.25,30802.25,30790.75,30797,257,,,,,30827.5,30370,0,0,0,0,,13,11,7,2,0,0
1790307300,30798,30808,30792.75,30807.75,311,,,,,30827.5,30370,0,0,0,0,,13,11,7,2,0,0
1790307600,30807.75,30813.75,30783.5,30784.75,560,,,,,30827.5,30370,0,0,0,0,,13,11,7,2,0,0
1790307900,30786.25,30790,30774.25,30787.5,397,,,,,30827.5,30370,0,0,0,0,,13,11,7,2,0,0
1790308200,30785.75,30793.5,30780.25,30786.25,307,,,,,30827.5,30370,0,0,0,0,,13,11,7,2,0,0
1790308500,30785.75,30795,30783.75,30791,146,,,,,30827.5,30370,0,0,0,0,,13,11,7,2,0,0
1790308800,30791.75,30793.75,30772.25,30777.5,279,30814.5,30679,,,30827.5,30370,0,0,0,0,,13,11,7,2,0,0
1790309100,30778.75,30781.25,30767.5,30777,234,30814.5,30679,,,30827.5,30370,0,0,0,0,,13,11,7,2,0,0
1790309400,30775.5,30781.75,30771.75,30775,231,30814.5,30679,,,30827.5,30370,0,0,0,0,,13,11,7,2,0,0
1790309700,30774,30781.5,30767.75,30771.75,255,30814.5,30679,,,30827.5,30370,0,0,0,0,,13,11,7,2,0,0
1790310000,30772,30778,30763.25,30777,259,30814.5,30679,,,30827.5,30370,0,0,0,0,,13,11,7,2,0,0
1790310300,30778.75,30781.25,30769.25,30775,184,30814.5,30679,,,30827.5,30370,0,0,0,0,,13,11,7,2,0,0
1790310600,30776,30784,30770,30782.5,252,30814.5,30679,,,30827.5,30370,0,0,0,0,,13,11,7,2,0,0
1790310900,30782.5,30790.5,30778.5,30789,288,30814.5,30679,,,30827.5,30370,0,0,0,0,,13,11,7,2,0,0
1790311200,30789.25,30792.5,30781.75,30783.25,221,30814.5,30679,,,30827.5,30370,0,0,0,0,,13,11,7,2,0,0
1790311500,30783.5,30791.25,30783,30784.75,137,30814.5,30679,,,30827.5,30370,0,0,0,0,,13,11,7,2,0,0
1790311800,30784.5,30791.25,30777,30783.75,204,30814.5,30679,,,30827.5,30370,0,0,0,0,,13,11,7,2,0,0
1790312100,30783.25,30784,30767.5,30779.25,182,30814.5,30679,,,30827.5,30370,0,0,0,0,,13,11,7,2,0,0
1790312400,30777,30793.75,30776,30789,277,30814.5,30679,,,30827.5,30370,0,0,0,0,,13,11,7,2,0,0
1790312700,30791,30809.5,30789,30807.5,566,30814.5,30679,,,30827.5,30370,0,0,0,0,,13,11,7,2,0,0
1790313000,30807.5,30813.75,30800.25,30800.5,415,30814.5,30679,,,30827.5,30370,0,0,0,0,,13,11,7,2,0,0
1790313300,30803.75,30813.25,30800,30805.25,286,30814.5,30679,,,30827.5,30370,0,0,0,0,,13,11,7,2,0,0
1790313600,30806,30807,30790,30791.25,328,30814.5,30679,,,30827.5,30370,0,0,0,0,,13,11,7,2,0,0
1790313900,30789.75,30809,30788,30805,377,30814.5,30679,,,30827.5,30370,0,0,0,0,,13,11,7,2,0,0
1790314200,30805.75,30849,30803.25,30837.75,1547,,30679,,,,30370,0,0,0,0,,13,11,7,2,0,0
1790314500,30837.75,30853,30837.75,30848.75,548,,30679,,,,30370,0,0,0,0,,13,11,7,2,0,0
1790314800,30848.25,30868,30845.25,30865.5,512,,30679,,,,30370,0,0,0,0,,13,11,7,2,0,0
1790315100,30866,30868.75,30851.5,30852.5,571,,30679,,,,30370,0,0,0,0,,13,11,7,2,0,0
1790315400,30853,30865,30852.5,30864,342,,30679,,,,30370,0,0,0,0,,13,11,7,2,0,0
1790315700,30863.5,30863.5,30846,30850.75,431,,30679,,,,30370,0,0,0,0,,13,11,7,2,0,0
1790316000,30850.5,30866.25,30849.5,30864.75,562,,30679,,,,30370,0,0,0,0,,13,11,7,2,0,0
1790316300,30865,30876.25,30861.25,30875,734,,30679,,,,30370,0,0,0,0,,13,11,7,2,0,0
1790316600,30875,30891.25,30873.5,30887,869,,30679,,,,30370,0,0,0,0,,13,11,7,2,0,0
1790316900,30887,30900.75,30881,30896,730,,30679,,,,30370,0,0,0,0,,13,11,7,2,0,0
1790317200,30895.75,30906,30891.25,30897.5,607,,30679,,,,30370,0,0,0,0,,13,11,7,2,0,0
1790317500,30899.5,30901,30873.5,30879.5,1186,,30679,,,,30370,0,0,0,0,,13,11,7,2,0,0
1790317800,30880.25,30892,30874.75,30891,399,,30679,,,,30370,0,0,0,0,,13,11,7,2,0,0
1790318100,30890.5,30892,30877.5,30881.5,232,,30679,,,,30370,0,0,0,0,,13,11,7,2,0,0
1790318400,30881.5,30887.75,30875.25,30881.25,370,,30679,,,,30370,0,0,0,0,,13,11,7,2,0,0
1790318700,30881.5,30886,30864.25,30875.5,501,,30679,,,,30370,0,0,0,0,,13,11,7,2,0,0
1790319000,30875.5,30878.75,30864.5,30875,313,,30679,,,,30370,0,0,0,0,,13,11,7,2,0,0
1790319300,30873.75,30883.5,30864,30867.25,358,,30679,,,,30370,0,0,0,0,,13,11,7,2,0,0
1790319600,30866.75,30888,30865.75,30872.25,693,,30679,,,,30370,0,0,0,0,,13,11,7,2,0,0
1790319900,30871.75,30887.75,30866.75,30878.75,419,,30679,,,,30370,0,0,0,0,,13,11,7,2,0,0
1790320200,30879.75,30897.75,30871.75,30894.5,660,,30679,,,,30370,0,0,0,0,,13,11,7,2,0,0
1790320500,30894.5,30903.75,30880.5,30885.5,715,,30679,,,,30370,0,0,0,0,,13,11,7,2,0,0
1790320800,30885.25,30892,30876.5,30883,1001,,30679,,,,30370,0,0,0,0,,13,11,7,2,0,0
1790321100,30883,30903,30871.75,30902.25,1024,,30679,,,,30370,0,0,0,0,,13,11,7,2,0,0
1790321400,30901.25,30905,30861.25,30864.5,679,,30679,,,,30370,0,0,0,0,,13,11,7,2,0,0
1790321700,30863.75,30873.25,30860,30860.5,679,,30679,,,,30370,0,0,0,0,,13,11,7,2,0,0
1790322000,30859.75,30869.25,30856.25,30861.25,382,,30679,,,,30370,0,0,0,0,,13,11,7,2,0,0
1790322300,30861.25,30880.75,30861,30862.75,683,,30679,,,,30370,0,0,0,0,,13,11,7,2,0,0
1790322600,30863.75,30872.25,30859,30866.75,276,,30679,,,,30370,0,0,0,0,,13,11,7,2,0,0
1790322900,30866.75,30878.5,30863.75,30868,311,,30679,,,,30370,0,0,0,0,,13,11,7,2,0,0
1790323200,30867.25,30877,30842.5,30847.25,877,,30679,,,,30370,0,0,0,0,,13,11,7,2,0,0
1790323500,30847.5,30863.25,30838,30857.25,617,,30679,,,,30370,0,0,0,0,,13,11,7,2,0,0
1790323800,30860,30890.75,30858.5,30878.5,656,,30679,,,,30370,0,0,0,0,,13,11,7,2,0,0
1790324100,30880.25,30897.5,30879,30887.5,547,,30679,,,,30370,0,0,0,0,,13,11,7,2,0,0
1790324400,30887.5,30911.25,30885.25,30909,604,,30679,,,,30370,0,0,0,0,,13,11,7,2,0,0
1790324700,30909,30927.5,30896.5,30923,1041,,30679,,,,30370,0,0,0,0,,13,11,7,2,0,0
1790325000,30922,30934,30915.25,30927,560,,30679,,,,30370,0,0,0,0,,13,11,7,2,0,0
1790325300,30927.5,30932,30911.5,30917,562,,30679,,,,30370,0,0,0,0,,13,11,7,2,0,0
1790325600,30917,30935,30917,30934.25,422,,30679,,,,30370,0,0,0,0,,13,11,7,2,0,0
1790325900,30934,30944.75,30933.25,30934,543,,30679,,,,30370,0,0,0,0,,13,11,7,2,0,0
1790326200,30934,30943.25,30930.5,30941,408,,30679,,,,30370,0,0,0,0,,13,11,7,2,0,0
1790326500,30941.25,30954.25,30941.25,30947,690,,30679,,,,30370,0,0,0,0,,13,11,7,2,0,0
1790326800,30945.75,30956,30941.75,30947.25,373,,30679,,30838,,30370,0,0,0,0,,13,11,7,2,0,0
1790327100,30949,30960,30946.5,30959.5,433,,30679,,30838,,30370,0,0,0,0,,13,11,7,2,0,0
1790327400,30959.5,30959.75,30950.25,30953.5,387,,30679,,30838,,30370,0,0,0,0,,13,11,7,2,0,0
1790327700,30953.75,30963.25,30948.5,30949.75,521,,30679,,30838,,30370,0,0,0,0,,13,11,7,2,0,0
1790328000,30949.5,30951.75,30939.75,30948.5,483,,30679,,30838,,30370,0,0,0,0,,13,11,7,2,0,0
1790328300,30949.5,30950,30936.25,30939.25,322,,30679,,30838,,30370,0,0,0,0,,13,11,7,2,0,0
1790328600,30938.75,30952.25,30930,30944.25,504,,30679,,30838,,30370,0,0,0,0,,13,11,7,2,0,0
1790328900,30943.5,30946.25,30934.5,30941.75,299,,30679,,30838,,30370,0,0,0,0,,13,11,7,2,0,0
1790329200,30941.25,30944.5,30932.75,30936.75,245,,30679,,30838,,30370,0,0,0,0,,13,11,7,2,0,0
1790329500,30937,30937,30916,30921.25,540,,30679,,30838,,30370,0,0,0,0,,13,11,7,2,0,0
1790329800,30921.75,30923.5,30912,30921.5,375,,30679,,30838,,30370,0,0,0,0,,13,11,7,2,0,0
1790330100,30921.75,30930,30916.25,30916.75,273,,30679,,30838,,30370,0,0,0,0,,13,11,7,2,0,0
1790330400,30916.25,30924.5,30905.25,30906.25,450,,30679,,30838,,30370,0,0,0,0,,13,11,7,2,0,0
1790330700,30906.75,30913.75,30900,30910.5,463,,30679,,30838,,30370,0,0,0,0,,13,11,7,2,0,0
1790331000,30911,30932.5,30910.25,30927.75,443,,30679,,30838,,30370,0,0,0,0,,13,11,7,2,0,0
1790331300,30927.25,30939.75,30927,30935,451,,30679,,30838,,30370,0,0,0,0,,13,11,7,2,0,0
1790331600,30934,30942,30926,30931.25,472,,30679,,30838,,30370,0,0,0,0,,13,11,7,2,0,0
1790331900,30930.5,30934.75,30927.5,30929,174,,30679,,30838,,30370,0,0,0,0,,13,11,7,2,0,0
1790332200,30929,30938.5,30918.25,30928,354,,30679,,30838,,30370,0,0,0,0,,13,11,7,2,0,0
1790332500,30926.25,30932.5,30912,30914,325,,30679,,30838,,30370,0,0,0,0,,13,11,7,2,0,0
1790332800,30913.5,30924.25,30911.5,30921.25,313,,30679,,30838,,30370,0,0,0,0,,13,11,7,2,0,0
1790333100,30920.5,30927.25,30912,30925,400,,30679,,30838,,30370,0,0,0,0,,13,11,7,2,0,0
1790333400,30923.25,30933,30915.25,30926.75,400,,30679,,30838,,30370,0,0,0,0,,13,11,7,2,0,0
1790333700,30926.5,30926.5,30914.75,30922,342,,30679,,30838,,30370,0,0,0,0,,13,11,7,2,0,0
1790334000,30922.75,30938.25,30912.75,30921.75,862,,30679,,30838,,30370,0,0,0,0,,13,11,7,2,0,0
1790334300,30921.25,30960.5,30921.25,30959,701,,30679,,30838,,30370,0,0,0,0,,13,11,7,2,0,0
1790334600,30959,30975,30956,30975,803,,30679,,30838,,30370,0,0,0,0,,13,11,7,2,0,0
1790334900,30974.25,30994.75,30972.75,30982.25,1199,,30679,,30838,,30370,0,0,0,0,,13,11,7,2,0,0
1790335200,30981,30984.75,30975,30978.75,576,,30679,,30838,,30370,0,0,0,0,,13,11,7,2,0,0
1790335500,30978,30991,30974,30976.75,542,,30679,,30838,,30370,0,0,0,0,,13,11,7,2,0,0
1790335800,30977.5,30981.25,30970,30978.75,436,,30679,,30838,,30370,0,0,0,0,,13,11,7,2,0,0
1790336100,30976,30999.5,30959.25,30961.5,1032,,30679,,30838,,30370,0,0,0,0,,13,11,7,2,0,0
1790336400,30961.25,30978.25,30961,30970,540,,30679,,30838,,30370,0,0,0,0,,13,11,7,2,0,0
1790336700,30971.25,30974.25,30967.75,30969,310,,30679,,30838,,30370,0,0,0,0,,13,11,7,2,0,0
1790337000,30967.75,30981.25,30962.5,30978.75,476,,30679,,30838,,30370,0,0,0,0,,13,11,7,2,0,0
1790337300,30979.25,30981,30960.25,30961.5,509,,30679,,30838,,30370,0,0,0,0,,13,11,7,2,0,0
1790337600,30960.5,30978,30956.75,30972,838,,30679,,30838,,30370,0,0,0,0,,13,11,7,2,0,0
1790337900,30971.5,30977,30960.5,30961.75,504,,30679,,30838,,30370,0,0,0,0,,13,11,7,2,0,0
1790338200,30961.25,30969.75,30943,30952.25,1163,,30679,,30838,,30370,0,0,0,0,,13,11,7,2,0,0
1790338500,30953,30953,30916.75,30924,941,,30679,,30838,,30370,0,0,0,0,,13,11,7,2,0,0
1790338800,30923.75,30945,30919.75,30935,907,,30679,,30838,,30370,0,0,0,0,,13,11,7,2,0,0
1790339100,30934,30941.25,30928.75,30932.5,505,,30679,,30838,,30370,0,0,0,0,,13,11,7,2,0,0
1790339400,30933,30938.5,30903.5,30920,1462,,30679,,30838,,30370,0,0,0,0,0,13,11,7,2,0,0
1790339700,30919.5,30920,30903.25,30909.25,952,,30679,,30838,,30370,0,0,0,0,0,13,11,7,2,0,0
1790340000,30910.5,30914.25,30877.75,30898,2135,,30679,,30838,,30370,0,0,0,0,0,13,11,7,2,0,0
1790340300,30896.25,30920.75,30877.25,30886.25,3463,,30679,,30838,,30370,0,0,0,0,0,13,11,7,2,0,0
1790340600,30885.75,30889.5,30871.75,30876,1201,,30679,,30838,,30370,0,0,0,0,0,13,11,7,2,0,0
1790340900,30876.5,30887.25,30871.5,30877.5,996,,30679,,30838,,30370,0,0,0,0,0,13,11,7,2,0,0
1790341200,30878,30883.25,30853.75,30878.5,2457,,30679,,30838,,30370,0,0,0,0,0,13,11,7,2,0,0
1790341500,30879,30900,30877.75,30899.75,1741,,30679,,30838,,30370,0,0,0,0,0,13,11,7,2,0,0
1790341800,30898.5,30908.75,30895.25,30899,1212,,30679,,30838,,30370,0,0,0,0,0,13,11,7,2,0,0
1790342100,30897.5,30899.75,30858.5,30860,1901,,30679,,30838,,30370,0,0,0,0,0,13,11,7,2,0,0
1790342400,30861.25,30869.5,30855.75,30857,1527,,30679,,30838,,30370,0,0,0,0,0,13,11,7,2,0,0
1790342700,30856.75,30862.5,30819.5,30820,4290,,30679,,,,30370,0,1,0,0,0,14,12,7,2,0,0
1790343000,30819,30852,30767.5,30848.75,21265,,30679,,,,30370,0,0,0,0,0,14,12,8,2,0,0
1790343300,30848,30877,30843,30868.25,10027,,30679,,,,30370,0,0,0,0,0,14,12,8,2,0,0
1790343600,30868.25,30890,30851.25,30876.75,8372,,30679,,,,30370,0,0,0,0,0,14,12,8,2,0,0
1790343900,30877,30888.75,30847.5,30874.25,8957,,30679,,,,30370,0,0,0,0,0,14,12,8,2,0,0
1790344200,30875,30922.5,30866,30911,7031,,30679,,,,30370,0,0,0,0,0,14,12,8,2,0,0
1790344500,30910.75,30926.5,30878.5,30900,7608,,30679,,,,30370,0,0,0,0,0,14,12,8,2,0,0
1790344800,30900.25,30905,30798.25,30803.75,12180,,30679,,,,30370,0,0,0,0,0,14,12,8,2,0,0
1790345100,30803.5,30817,30752,30806.75,13594,,30679,,,,30370,0,0,0,0,0,14,12,8,2,0,0
1790345400,30807,30823.5,30734.75,30740.25,9693,,30679,,,,30370,0,0,0,0,0,14,12,8,2,0,0
1790345700,30741.5,30752.5,30684,30720.25,15765,,30679,,,,30370,0,0,0,0,0,14,12,8,2,0,0
1790346000,30721,30760.5,30709,30752.25,9662,,30679,,,,30370,0,0,0,0,0,14,12,8,2,0,0
1790346300,30752.25,30779.25,30726,30731.5,8261,,30679,,,,30370,0,0,0,0,0,14,12,8,2,0,0
1790346600,30731,30783.75,30718.75,30770.25,7392,,30679,,,,30370,0,0,0,0,0,14,12,8,2,0,0
1790346900,30770,30803.5,30761.5,30791.25,5923,,30679,,,,30370,0,0,0,0,0,14,12,8,2,0,0
1790347200,30791.25,30796.25,30738.75,30765.25,6440,,30679,,,,30370,0,0,0,0,0,14,12,8,2,0,0
1790347500,30766,30798,30742.75,30789.75,7402,,30679,,,,30370,0,0,0,0,0,14,12,8,2,0,0
1790347800,30789.5,30793.25,30751.25,30785,4776,,30679,,,,30370,0,0,0,0,0,14,12,8,2,0,0
1790348100,30786.25,30829.75,30782.5,30823,5066,,30679,,,,30370,0,0,0,0,0,14,12,8,2,0,0
1790348400,30823,30867.5,30814,30855.75,7817,,30679,,,,30370,0,0,0,0,,14,12,8,2,0,0
1790348700,30856.25,30871.5,30844.5,30846.5,4817,,30679,,,,30370,0,0,0,0,,14,12,8,2,0,0
1790349000,30846,30849.5,30806,30820.5,5873,,30679,,,,30370,0,0,0,0,,14,12,8,2,0,0
1790349300,30821,30838,30803,30812,4191,,30679,,,,30370,0,0,0,0,,14,12,8,2,0,0
1790349600,30811.25,30844.5,30800.5,30812,5524,,30679,,,,30370,0,0,0,0,,14,12,8,2,0,0
1790349900,30812,30828,30803.75,30813.25,3033,,30679,,,,30370,0,0,0,0,,14,12,8,2,0,0
1790350200,30813.5,30860.5,30811.75,30818,9080,,30679,,,,30370,0,0,0,0,,14,12,8,2,0,0
1790350500,30818,30822.5,30764,30772.25,5931,,30679,,,,30370,0,0,0,0,,14,12,8,2,0,0
1790350800,30772.25,30791,30749.5,30751.75,4344,,30679,,,,30370,0,0,0,0,,14,12,8,2,0,0
1790351100,30751.5,30782.75,30735,30782.5,4523,,30679,,,,30370,0,0,0,0,,14,12,8,2,0,0
1790351400,30781.25,30786.5,30731.25,30773.75,6729,,30679,,,,30370,0,0,0,0,,14,12,8,2,0,0
1790351700,30773.25,30860,30772.75,30857.5,7335,,30679,,,,30370,0,0,0,0,,14,12,8,2,0,0
1790352000,30856.75,30919.75,30846.5,30913.75,11478,,30679,,,,30370,0,0,0,0,,14,12,8,2,0,0
1790352300,30914.25,30941,30905.75,30930.25,9414,,30679,,,,30370,0,0,0,0,,14,12,8,2,0,0
1790352600,30930.75,30950.25,30907.5,30927.25,6593,,30679,,,,30370,0,0,0,0,,14,12,8,2,0,0
1790352900,30927.25,30951.5,30894.5,30901.75,6147,,30679,,,,30370,0,0,0,0,,14,12,8,2,0,0
1790353200,30901.25,30907,30838,30866.25,8651,,30679,,,,30370,0,0,0,0,,14,12,8,2,0,0
1790353500,30865.75,30927.5,30861.25,30924.75,6129,,30679,,,,30370,0,0,0,0,,14,12,8,2,0,0
1790353800,30925,30932.5,30863.5,30878.75,8090,,30679,,,,30370,0,0,0,0,,14,12,8,2,0,0
1790354100,30880.25,30916.75,30877.5,30898.5,4794,,30679,,,,30370,0,0,0,0,,14,12,8,2,0,0
1790354400,30898,30921.25,30886.5,30906,3833,,30679,,,,30370,0,0,0,0,,14,12,8,2,0,0
1790354700,30904.75,30907.5,30864.5,30882,3602,,30679,,,,30370,0,0,0,0,,14,12,8,2,0,0
1790355000,30882.5,30898.5,30876.75,30892.5,2403,,30679,,,,30370,0,0,0,0,,14,12,8,2,0,0
1790355300,30892.75,30902.75,30860.5,30877.5,4051,,30679,,,,30370,0,0,0,0,,14,12,8,2,0,0
1790355600,30878,30920.5,30872.75,30909.75,4364,,30679,,,,30370,0,0,0,0,,14,12,8,2,0,0
1790355900,30909.75,30917.5,30889.5,30912,2700,,30679,,,,30370,0,0,0,0,,14,12,8,2,0,0
1790356200,30911.5,30922.5,30891.75,30922.5,2117,,30679,,,,30370,0,0,0,0,,14,12,8,2,0,0
1790356500,30922,30927,30906.5,30911.5,2453,,30679,,,,30370,0,0,0,0,,14,12,8,2,0,0
1790356800,30911.5,30925,30909.75,30923,1779,,30679,,,,30370,0,0,0,0,,14,12,8,2,0,0
1790357100,30923.25,30925.25,30911,30918.25,1373,,30679,,,,30370,0,0,0,0,,14,12,8,2,0,0
1790357400,30917.75,30923.25,30889.5,30899,3218,,30679,,,,30370,0,0,0,0,,14,12,8,2,0,0
1790357700,30899.25,30916.75,30886.25,30903.5,3422,,30679,,,,30370,0,0,0,0,,14,12,8,2,0,0
1790358000,30903,30922.75,30902,30905.25,2641,,30679,,,,30370,0,0,0,0,,14,12,8,2,0,0
1790358300,30905.25,30919,30898.75,30918,1600,,30679,,,,30370,0,0,0,0,,14,12,8,2,0,0
1790358600,30918.25,30918.75,30890.75,30900.25,2190,,30679,,,,30370,0,0,0,0,,14,12,8,2,0,0
1790358900,30899.75,30912.25,30898,30912.25,1556,,30679,,,,30370,0,0,0,0,,14,12,8,2,0,0
1790359200,30912,30916.75,30902.75,30905.25,1487,,30679,,,,30370,0,0,0,0,,14,12,8,2,0,0
1790359500,30904.75,30914.5,30896.5,30912.75,1502,,30679,,,,30370,0,0,0,0,,14,12,8,2,0,0
1790359800,30912.5,30929,30905.25,30928.5,1843,,30679,,,,30370,0,0,0,0,,14,12,8,2,0,0
1790360100,30928.5,30931,30913.5,30919.75,1865,,30679,,,,30370,0,0,0,0,,14,12,8,2,0,0
1790360400,30919.25,30922.5,30909.75,30917.75,1265,,30679,,,,30370,0,0,0,0,,14,12,8,2,0,0
1790360700,30917.5,30922.25,30871.25,30891,6285,,30679,,,,30370,0,0,0,0,,14,12,8,2,0,0
1790361000,30891.5,30916.5,30890.75,30906.25,2570,,30679,,,,30370,0,0,0,0,,14,12,8,2,0,0
1790361300,30905.75,30908.25,30876.25,30876.75,2492,,30679,,,,30370,0,0,0,0,,14,12,8,2,0,0
1790361600,30876.75,30901,30868.5,30900,2671,,30679,,,,30370,0,0,0,0,,14,12,8,2,0,0
1790361900,30900,30902.5,30879.75,30885.5,2039,,30679,,,,30370,0,0,0,0,,14,12,8,2,0,0
1790362200,30885.25,30887.75,30873.25,30875,1830,,30679,,,,30370,0,0,0,0,,14,12,8,2,0,0
1790362500,30876,30881,30867.25,30868.5,1866,,30679,,,,30370,0,0,0,0,,14,12,8,2,0,0
1790362800,30869,30888,30863,30880.5,3154,,30679,,,,30370,0,0,0,0,,14,12,8,2,0,0
1790363100,30880.5,30892,30876.5,30887.5,1929,,30679,,,,30370,0,0,0,0,,14,12,8,2,0,0
1790363400,30887.5,30900.5,30882.75,30898.75,1786,,30679,,,,30370,0,0,0,0,,14,12,8,2,0,0
1790363700,30898.5,30904,30886,30886,1689,,30679,,,,30370,0,0,0,0,,14,12,8,2,0,0
1790364000,30886.25,30890,30870.75,30879.75,2000,,30679,,,,30370,0,0,0,0,,14,12,8,2,0,0
1790364300,30879,30880,30859.25,30865.5,2327,,30679,,,,30370,0,0,0,0,,14,12,8,2,0,0
1790364600,30865.5,30870.5,30850,30852.25,2793,,30679,,,,30370,0,0,0,0,,14,12,8,2,0,0
1790364900,30852.75,30882.75,30845,30880,4063,,30679,,,,30370,0,0,0,0,,14,12,8,2,0,0
1790365200,30880.5,30900,30872,30891.5,2428,,30679,,,,30370,0,0,0,0,,14,12,8,2,0,0
1790365500,30891.75,30918.75,30891.75,30907,5095,,30679,,,,30370,0,0,0,0,,14,12,8,2,0,0
1790365800,30909,30935,30907.75,30911.25,5598,,30679,,,,30370,0,0,0,0,,14,12,8,2,0,0
1790366100,30911.75,30918.5,30883.75,30891.5,12496,,30679,,,,30370,0,0,0,0,,14,12,8,2,0,0
1790366400,30891.75,30898.75,30880.5,30895.75,3676,,30679,,,,30370,0,0,0,0,,14,12,8,2,0,0
1790366700,30895,30904.5,30888.75,30897,1184,,30679,,,,30370,0,0,0,0,,14,12,8,2,0,0
1790367000,30896.25,30899.75,30890.75,30892,1226,,30679,,,,30370,0,0,0,0,,14,12,8,2,0,0
1790367300,30891.25,30893,30884.25,30889.75,554,,30679,,,,30370,0,0,0,0,,14,12,8,2,0,0
1790367600,30889,30890.75,30884,30888.5,314,,30679,,,,30370,0,0,0,0,,14,12,8,2,0,0
1790367900,30888.75,30900,30887.25,30898.5,584,,30679,,,,30370,0,0,0,0,,14,12,8,2,0,0
1790368200,30898.25,30914.5,30897.5,30913.75,602,,30679,,,,30370,0,0,0,0,,14,12,8,2,0,0
1790368500,30913.5,30921.75,30910.25,30911.75,563,,30679,,,,30370,0,0,0,0,,14,12,8,2,0,0
1790368800,30911.5,30917,30910,30916,291,,30679,,,,30370,0,0,0,0,,14,12,8,2,0,0
1790369100,30915.5,30918.5,30913.25,30916,534,,30679,,,,30370,0,0,0,0,,14,12,8,2,0,0
1790369400,30915.75,30922,30914.75,30917.25,414,,30679,,,,30370,0,0,0,0,,14,12,8,2,0,0
1790369700,30916.5,30922.25,30913,30921.75,512,,30679,,,,30370,0,0,0,0,,14,12,8,2,0,0
1790546400,30870,30920.75,30816.25,30847.75,2429,,30679,,,30999.5,30679,0,0,0,0,,14,12,8,2,0,0
1790546700,30845.25,30865.25,30833,30843.5,1002,,30679,,,30999.5,30679,0,0,0,0,,14,12,8,2,0,0
1790547000,30844.5,30850.75,30816,30821.25,716,,30679,,,30999.5,30679,0,0,0,0,,14,12,8,2,0,0
1790547300,30820.25,30833,30816.5,30820.25,621,,30679,,,30999.5,30679,0,0,0,0,,14,12,8,2,0,0
1790547600,30820.25,30827.5,30795.75,30822.25,778,,30679,,,30999.5,30679,0,0,0,0,,14,12,8,2,0,0
1790547900,30824.75,30843,30821.5,30823.75,559,,30679,,,30999.5,30679,0,0,0,0,,14,12,8,2,0,0
1790548200,30822.5,30823,30800.25,30802.25,719,,30679,,,30999.5,30679,0,0,0,0,,14,12,8,2,0,0
1790548500,30803,30809.75,30800.25,30809.25,387,,30679,,,30999.5,30679,0,0,0,0,,14,12,8,2,0,0
1790548800,30808.25,30809.25,30802.75,30807.75,262,,30679,,,30999.5,30679,0,0,0,0,,14,12,8,2,0,0
1790549100,30806.75,30807.25,30790,30795,550,,30679,,,30999.5,30679,0,0,0,0,,14,12,8,2,0,0
1790549400,30796.25,30796.5,30781.5,30786.25,538,,30679,,,30999.5,30679,0,0,0,0,,14,12,8,2,0,0
1790549700,30787,30792.5,30784.5,30791.5,273,,30679,,,30999.5,30679,0,0,0,0,,14,12,8,2,0,0
1790550000,30792.25,30797.75,30783.25,30794.25,435,,30679,,,30999.5,30679,0,0,0,0,,14,12,8,2,0,0
1790550300,30796.25,30804.75,30790.5,30801.25,407,,30679,,,30999.5,30679,0,0,0,0,,14,12,8,2,0,0
1790550600,30802.5,30812.5,30799.5,30809.5,318,,30679,,,30999.5,30679,0,0,0,0,,14,12,8,2,0,0
1790550900,30810.25,30816.75,30805,30815,335,,30679,,,30999.5,30679,0,0,0,0,,14,12,8,2,0,0
1790551200,30815.25,30828,30813.75,30816.25,519,,30679,,,30999.5,30679,0,0,0,0,,14,12,8,2,0,0
1790551500,30816,30823.5,30815,30819,280,,30679,,,30999.5,30679,0,0,0,0,,14,12,8,2,0,0
1790551800,30819.75,30823.25,30802.75,30807.5,375,,30679,,,30999.5,30679,0,0,0,0,,14,12,8,2,0,0
1790552100,30806.25,30816.5,30803.25,30808.75,252,,30679,,,30999.5,30679,0,0,0,0,,14,12,8,2,0,0
1790552400,30811.5,30814.5,30800.5,30812.25,328,,30679,,,30999.5,30679,0,0,0,0,,14,12,8,2,0,0
1790552700,30812,30846,30812,30837.25,1097,,30679,,,30999.5,30679,0,0,0,0,,14,12,8,2,0,0
1790553000,30838.25,30848.75,30821,30827.75,711,,30679,,,30999.5,30679,0,0,0,0,,14,12,8,2,0,0
1790553300,30827.25,30849.75,30824.25,30849.5,693,,30679,,,30999.5,30679,0,0,0,0,,14,12,8,2,0,0
1790553600,30849.5,30885.75,30840.75,30875,1966,,,,,30999.5,30679,0,0,0,0,,14,12,8,2,0,0
1790553900,30875,30882.25,30865.5,30880,764,,,,,30999.5,30679,0,0,0,0,,14,12,8,2,0,0
1790554200,30879.75,30897.25,30877.75,30896.5,863,,,,,30999.5,30679,0,0,0,0,,14,12,8,2,0,0
1790554500,30895.5,30895.75,30876.75,30884.5,825,,,,,30999.5,30679,0,0,0,0,,14,12,8,2,0,0
1790554800,30883.5,30898.25,30879,30887,1028,,,,,30999.5,30679,0,0,0,0,,14,12,8,2,0,0
1790555100,30885.25,30890.75,30867.25,30872.5,774,,,,,30999.5,30679,0,0,0,0,,14,12,8,2,0,0
1790555400,30870.75,30874,30829,30842.25,1449,,,,,30999.5,30679,0,0,0,0,,14,12,8,2,0,0
1790555700,30841.75,30847,30826.75,30832,755,,,,,30999.5,30679,0,0,0,0,,14,12,8,2,0,0
1790556000,30830.5,30833,30811.25,30824.75,969,,,,,30999.5,30679,0,0,0,0,,14,12,8,2,0,0
1790556300,30825.5,30857.25,30825.25,30830,1248,,,,,30999.5,30679,0,0,0,0,,14,12,8,2,0,0
1790556600,30831.75,30853,30822.75,30833.75,788,,,,,30999.5,30679,0,0,0,0,,14,12,8,2,0,0
1790556900,30835.5,30837.5,30791.5,30797.25,1247,,,,,30999.5,30679,0,0,0,0,,14,12,8,2,0,0
1790557200,30798,30824.5,30792,30824.5,1579,,,,,30999.5,30679,0,0,0,0,,14,12,8,2,0,0
1790557500,30824.75,30825.25,30787.25,30808.75,1085,,,,,30999.5,30679,0,0,0,0,,14,12,8,2,0,0
1790557800,30808,30813.5,30795,30797.75,489,,,,,30999.5,30679,0,0,0,0,,14,12,8,2,0,0
1790558100,30798.75,30802.75,30772.75,30783.25,1121,,,,,30999.5,30679,0,0,0,0,,14,12,8,2,0,0
1790558400,30784,30812,30780.25,30787.25,984,,,,,30999.5,30679,0,0,0,0,,14,12,8,2,0,0
1790558700,30787,30812.5,30784.5,30807,626,,,,,30999.5,30679,0,0,0,0,,14,12,8,2,0,0
1790559000,30807.25,30823,30805.75,30808.5,740,,,,,30999.5,30679,0,0,0,0,,14,12,8,2,0,0
1790559300,30810,30813.25,30800.5,30811,365,,,,,30999.5,30679,0,0,0,0,,14,12,8,2,0,0
1790559600,30810.25,30816.25,30778.75,30782.75,865,,,,,30999.5,30679,0,0,0,0,,14,12,8,2,0,0
1790559900,30783.5,30789.75,30754.25,30758.75,1189,,,,,30999.5,30679,0,0,0,0,,14,12,8,2,0,0
1790560200,30758.75,30767.5,30743,30751.75,1173,,,,,30999.5,30679,0,0,0,0,,14,12,8,2,0,0
1790560500,30751.25,30766.75,30741.5,30743,793,,,,,30999.5,30679,0,0,0,0,,14,12,8,2,0,0
1790560800,30742.75,30745.75,30725,30737.75,1232,,,,,30999.5,30679,0,0,0,0,,14,12,8,2,0,0
1790561100,30738.5,30747.25,30717,30742.25,876,,,,,30999.5,30679,0,0,0,0,,14,12,8,2,0,0
1790561400,30743,30759.75,30740.75,30752.25,764,,,,,30999.5,30679,0,0,0,0,,14,12,8,2,0,0
1790561700,30752.25,30752.25,30719.75,30731.75,732,,,,,30999.5,30679,0,0,0,0,,14,12,8,2,0,0
1790562000,30732.5,30733.25,30701.25,30704.5,1016,,,,,30999.5,30679,0,0,0,0,,14,12,8,2,0,0
1790562300,30705.5,30735.5,30702.75,30717,907,,,,,30999.5,30679,0,0,0,0,,14,12,8,2,0,0
1790562600,30717.5,30727.5,30703.25,30709,787,,,,,30999.5,30679,0,0,0,0,,14,12,8,2,0,0
1790562900,30710.5,30717.75,30693.5,30698,849,,,,,30999.5,30679,0,0,0,0,,14,12,8,2,0,0
1790563200,30697,30709,30691.25,30702,459,,,,,30999.5,30679,0,0,0,0,,14,12,8,2,0,0
1790563500,30702.75,30705.25,30680.25,30686.5,692,,,,,30999.5,30679,0,0,0,0,,14,12,8,2,0,0
1790563800,30685.75,30697.25,30683.5,30691,429,,,,,30999.5,30679,0,0,0,0,,14,12,8,2,0,0
1790564100,30689.75,30690.5,30667.75,30679.25,987,,,,,30999.5,,0,0,0,0,,14,12,8,2,0,0
1790564400,30679.75,30699.5,30678,30689.5,780,,,,,30999.5,,0,0,0,0,,14,12,8,2,0,0
1790564700,30691.75,30703.75,30685,30696.75,778,,,,,30999.5,,0,0,0,0,,14,12,8,2,0,0
1790565000,30697.75,30704,30680,30680,650,,,,,30999.5,,0,0,0,0,,14,12,8,2,0,0
1790565300,30679.75,30688.75,30673,30676.25,478,,,,,30999.5,,0,0,0,0,,14,12,8,2,0,0
1790565600,30676.75,30685.5,30667,30676,588,,,,,30999.5,,0,0,0,0,,14,12,8,2,0,0
1790565900,30675.75,30676,30663.75,30664.5,484,,,,,30999.5,,0,0,0,0,,14,12,8,2,0,0
1790566200,30665.75,30669.75,30654,30654,569,,,,,30999.5,,0,0,0,0,,14,12,8,2,0,0
1790566500,30654.75,30666.75,30644,30659,849,,,,,30999.5,,0,0,0,0,,14,12,8,2,0,0
1790566800,30657.75,30668.75,30651.25,30667.25,416,,,,,30999.5,,0,0,0,0,,14,12,8,2,0,0
1790567100,30667.25,30681.25,30662.75,30676.25,530,,,,,30999.5,,0,0,0,0,,14,12,8,2,0,0
1790567400,30675.5,30675.5,30657.75,30671.5,411,,,,,30999.5,,0,0,0,0,,14,12,8,2,0,0
1790567700,30671.5,30671.5,30641.25,30648.75,568,,,,,30999.5,,0,0,0,0,,14,12,8,2,0,0
1790568000,30648.5,30658.5,30638.5,30655,494,30898.25,,,,30999.5,,0,0,0,0,,14,12,8,2,0,0
1790568300,30654.25,30669.75,30652.25,30666.25,377,30898.25,,,,30999.5,,0,0,0,0,,14,12,8,2,0,0
1790568600,30667.25,30688.25,30667,30684.75,523,30898.25,,,,30999.5,,0,0,0,0,,14,12,8,2,0,0
1790568900,30684.5,30687.25,30672.25,30686,443,30898.25,,,,30999.5,,0,0,0,0,,14,12,8,2,0,0
1790569200,30685.5,30697.5,30685.25,30692.5,485,30898.25,,,,30999.5,,0,0,0,0,,14,12,8,2,0,0
1790569500,30692.5,30694.25,30676.75,30687.5,371,30898.25,,,,30999.5,,0,0,0,0,,14,12,8,2,0,0
1790569800,30688,30689.25,30675,30680.5,309,30898.25,,,,30999.5,,0,0,0,0,,14,12,8,2,0,0
1790570100,30682.25,30683.75,30673.25,30680.75,188,30898.25,,,,30999.5,,0,0,0,0,,14,12,8,2,0,0
1790570400,30681,30688,30679,30684.25,243,30898.25,,,,30999.5,,0,0,0,0,,14,12,8,2,0,0
1790570700,30683.75,30684.25,30668,30674.5,294,30898.25,,,,30999.5,,0,0,0,0,,14,12,8,2,0,0
1790571000,30675,30685.25,30674,30679.75,326,30898.25,,,,30999.5,,0,0,0,0,,14,12,8,2,0,0
1790571300,30679,30686,30673,30677.75,277,30898.25,,,,30999.5,,0,0,0,0,,14,12,8,2,0,0
1790571600,30678.5,30705.5,30678.25,30693.25,768,30898.25,,,,30999.5,,0,0,0,0,,14,12,8,2,0,0
1790571900,30693.75,30695.5,30675,30679,553,30898.25,,,,30999.5,,0,0,0,0,,14,12,8,2,0,0
1790572200,30677.25,30682.5,30659.25,30669.75,556,30898.25,,,,30999.5,,0,0,0,0,,14,12,8,2,0,0
1790572500,30670.25,30678.5,30656.25,30661.25,383,30898.25,,,,30999.5,,0,0,0,0,,14,12,8,2,0,0
1790572800,30660.5,30665.25,30652.75,30660.5,345,30898.25,,,,30999.5,,0,0,0,0,,14,12,8,2,0,0
1790573100,30660.5,30675.25,30656.75,30665.25,451,30898.25,,,,30999.5,,0,0,0,0,,14,12,8,2,0,0
1790573400,30664.25,30668.75,30647.25,30653.75,693,30898.25,,,,30999.5,,0,0,0,0,,14,12,8,2,0,0
1790573700,30655.25,30667.5,30634.25,30643.5,591,30898.25,,,,30999.5,,0,0,0,0,,14,12,8,2,0,0
1790574000,30644.75,30648,30628,30641.5,712,30898.25,,,,30999.5,,0,0,0,0,,14,12,8,2,0,0
1790574300,30641,30655.25,30639,30650.25,399,30898.25,,,,30999.5,,0,0,0,0,,14,12,8,2,0,0
1790574600,30649,30661.75,30634.5,30641.75,483,30898.25,,,,30999.5,,0,0,0,0,,14,12,8,2,0,0
1790574900,30642,30657.25,30640.5,30650.25,518,30898.25,,,,30999.5,,0,0,0,0,,14,12,8,2,0,0
1790575200,30651.5,30672.5,30635.5,30635.5,962,30898.25,,,,30999.5,,0,0,0,0,,14,12,8,2,0,0
1790575500,30635.5,30666.75,30628,30658.25,935,30898.25,,,,30999.5,,0,0,0,0,,14,12,8,2,0,0
1790575800,30659,30679,30630.75,30633,1143,30898.25,,,,30999.5,,0,0,0,0,,14,12,8,2,0,0
1790576100,30633.75,30638,30605.75,30609.25,1213,30898.25,,,,30999.5,,0,0,0,0,,14,12,8,2,0,0
1790576400,30608.5,30612.75,30595.5,30597.25,903,30898.25,,,,30999.5,,0,0,0,0,,14,12,8,2,0,0
1790576700,30598,30600.75,30582.75,30590.75,940,30898.25,,,,30999.5,,0,0,0,0,,14,12,8,2,0,0
1790577000,30590,30616.25,30580,30604,1333,30898.25,,,,30999.5,,0,0,0,0,,14,12,8,2,0,0
1790577300,30603.5,30630,30602,30627,859,30898.25,,,,30999.5,,0,0,0,0,,14,12,8,2,0,0
1790577600,30628.25,30637.25,30611.5,30611.5,707,30898.25,,,,30999.5,,0,0,0,0,,14,12,8,2,0,0
1790577900,30612,30626.25,30610,30624.25,513,30898.25,,,,30999.5,,0,0,0,0,,14,12,8,2,0,0
1790578200,30624.25,30641,30613,30623,380,30898.25,,,,30999.5,,0,0,0,0,,14,12,8,2,0,0
1790578500,30623,30648.75,30617.5,30646.25,391,30898.25,,,,30999.5,,0,0,0,0,,14,12,8,2,0,0
1790578800,30645.5,30646.5,30605.25,30622.25,974,30898.25,,,,30999.5,,0,0,0,0,,14,12,8,2,0,0
1790579100,30623,30627.5,30608.25,30619,537,30898.25,,,,30999.5,,0,0,0,0,,14,12,8,2,0,0
1790579400,30617.75,30623,30590.5,30595.5,710,30898.25,,,,30999.5,,0,0,0,0,,14,12,8,2,0,0
1790579700,30595.25,30609.5,30588.75,30606.75,781,30898.25,,,,30999.5,,0,0,0,0,,14,12,8,2,0,0
1790580000,30606,30616,30589.5,30606.5,614,30898.25,,,,30999.5,,0,0,0,0,,14,12,8,2,0,0
1790580300,30606,30618,30587.75,30595.75,590,30898.25,,,,30999.5,,0,0,0,0,,14,12,8,2,0,0
1790580600,30596,30601.75,30585.75,30597.5,487,30898.25,,,,30999.5,,0,0,0,0,,14,12,8,2,0,0
1790580900,30596.5,30606.75,30576.5,30591.25,654,30898.25,,,,30999.5,,0,0,0,0,,14,12,8,2,0,0
1790581200,30590.25,30613.25,30564.25,30578.25,1013,30898.25,,,,30999.5,,0,0,0,0,,14,12,8,2,0,0
1790581500,30578.5,30617.5,30578.5,30614.25,804,30898.25,,,,30999.5,,0,0,0,0,,14,12,8,2,0,0
1790581800,30614,30622.5,30592.75,30621.5,573,30898.25,,,,30999.5,,0,0,0,0,,14,12,8,2,0,0
1790582100,30621,30630.25,30603.5,30609.75,667,30898.25,,,,30999.5,,0,0,0,0,,14,12,8,2,0,0
1790582400,30610.5,30619.25,30589.25,30611,1203,30898.25,,,,30999.5,,0,0,0,0,,14,12,8,2,0,0
1790582700,30611.5,30620.5,30593.25,30613.25,623,30898.25,,,,30999.5,,0,0,0,0,,14,12,8,2,0,0
1790583000,30612.75,30637.25,30601.25,30633.25,691,30898.25,,,,30999.5,,0,0,0,0,,14,12,8,2,0,0
1790583300,30633,30640,30607.25,30613.5,678,30898.25,,,,30999.5,,0,0,0,0,,14,12,8,2,0,0
1790583600,30612.5,30615.75,30592.5,30599.5,651,30898.25,,,,30999.5,,0,0,0,0,,14,12,8,2,0,0
1790583900,30601.25,30624.75,30601.25,30622.75,641,30898.25,,,,30999.5,,0,0,0,0,,14,12,8,2,0,0
1790584200,30622.5,30630.25,30604.75,30607.5,568,30898.25,,,,30999.5,,0,0,0,0,,14,12,8,2,0,0
1790584500,30610,30612.5,30571,30582.5,755,30898.25,,,,30999.5,,0,0,0,0,,14,12,8,2,0,0
1790584800,30584.25,30599,30582.25,30588.25,564,30898.25,,,,30999.5,,0,0,0,0,,14,12,8,2,0,0
1790585100,30586.75,30597,30575.75,30590.5,398,30898.25,,,,30999.5,,0,0,0,0,,14,12,8,2,0,0
1790585400,30590,30600.5,30576,30580.25,387,30898.25,,,,30999.5,,0,0,0,0,,14,12,8,2,0,0
1790585700,30582.25,30591,30578.5,30580,461,30898.25,,,,30999.5,,0,0,0,0,,14,12,8,2,0,0
1790586000,30578.75,30606.5,30563.75,30566.25,1554,30898.25,,30679,,30999.5,,0,0,0,0,,14,12,8,2,0,0
1790586300,30566.25,30574,30549.25,30549.75,1205,30898.25,,30679,,30999.5,,0,0,0,0,,14,12,8,2,0,0
1790586600,30551,30552.75,30531,30543.75,1308,30898.25,,30679,,30999.5,,0,0,0,0,,14,12,8,2,0,0
1790586900,30544,30574.5,30535.75,30571.75,1173,30898.25,,30679,,30999.5,,0,0,0,0,,14,12,8,2,0,0
1790587200,30572.5,30590.25,30569.25,30578.5,955,30898.25,,30679,,30999.5,,0,0,0,0,,14,12,8,2,0,0
1790587500,30578.75,30588.75,30566.5,30587.75,803,30898.25,,30679,,30999.5,,0,0,0,0,,14,12,8,2,0,0
1790587800,30587.75,30592.5,30559.5,30560,618,30898.25,,30679,,30999.5,,0,0,0,0,,14,12,8,2,0,0
1790588100,30560,30584,30559.25,30571.5,518,30898.25,,30679,,30999.5,,0,0,0,0,,14,12,8,2,0,0
1790588400,30570.5,30594.5,30570.5,30594.5,483,30898.25,,30679,,30999.5,,0,0,0,0,,14,12,8,2,0,0
1790588700,30594,30601,30589.5,30598.5,652,30898.25,,30679,,30999.5,,0,0,0,0,,14,12,8,2,0,0
1790589000,30599,30607.25,30592,30595.5,463,30898.25,,30679,,30999.5,,0,0,0,0,,14,12,8,2,0,0
1790589300,30594.5,30597.5,30582.5,30591.75,404,30898.25,,30679,,30999.5,,0,0,0,0,,14,12,8,2,0,0
1790589600,30592,30607,30589.75,30605.25,421,30898.25,,30679,,30999.5,,0,0,0,0,,14,12,8,2,0,0
1790589900,30605.75,30606,30562.75,30567.75,911,30898.25,,30679,,30999.5,,0,0,0,0,,14,12,8,2,0,0
1790590200,30566.25,30582,30549,30568.5,1046,30898.25,,30679,,30999.5,,0,0,0,0,,14,12,8,2,0,0
1790590500,30568.5,30579.25,30564.5,30565,423,30898.25,,30679,,30999.5,,0,0,0,0,,14,12,8,2,0,0
1790590800,30564.75,30577.5,30564.5,30570,258,30898.25,,30679,,30999.5,,0,0,0,0,,14,12,8,2,0,0
1790591100,30570.5,30576.5,30559.5,30576,378,30898.25,,30679,,30999.5,,0,0,0,0,,14,12,8,2,0,0
1790591400,30575.25,30581.25,30561.5,30577.5,279,30898.25,,30679,,30999.5,,0,0,0,0,,14,12,8,2,0,0
1790591700,30579,30583.75,30566.5,30573.5,454,30898.25,,30679,,30999.5,,0,0,0,0,,14,12,8,2,0,0
1790592000,30572.5,30585.5,30570.75,30576.25,249,30898.25,,30679,,30999.5,,0,0,0,0,,14,12,8,2,0,0
1790592300,30575.5,30589.5,30573.75,30586.25,379,30898.25,,30679,,30999.5,,0,0,0,0,,14,12,8,2,0,0
1790592600,30583.5,30616.25,30582,30600.25,1169,30898.25,,30679,,30999.5,,0,0,0,0,,14,12,8,2,0,0
1790592900,30601.5,30601.75,30583.5,30584.5,629,30898.25,,30679,,30999.5,,0,0,0,0,,14,12,8,2,0,0
1790593200,30585.75,30648.5,30585.75,30613.5,4298,30898.25,,30679,,30999.5,,0,0,0,0,,14,12,8,2,0,0
1790593500,30614.25,30617.25,30587.5,30610.25,1200,30898.25,,30679,,30999.5,,0,0,0,0,,14,12,8,2,0,0
1790593800,30609.75,30609.75,30587,30594,649,30898.25,,30679,,30999.5,,0,0,0,0,,14,12,8,2,0,0
1790594100,30593,30629.25,30588.75,30592.25,1944,30898.25,,30679,,30999.5,,0,0,0,0,,14,12,8,2,0,0
